{"kpoints": {"R": [-0.17052302205894135, -0.07848426164051105, -0.045664634369190486], "U": [-0.17052302205894135, 0.056141643555604734, -0.07279198431950507], "T": [-0.17052302205894135, -0.07848426164051105, 0.0742791481803308], "V": [-0.0, -0.13462590519611578, -0.09281643259920669], "Y": [-0.0, -0.13462590519611578, 0.02712734995031459], "X": [-0.0, 0.0, -0.11994378254952127], "Z": [-0.17052302205894135, 0.056141643555604734, 0.0471517982300162], "GAMMA": [-0.0, 0.0, 0.0]}, "faces_data": {"triangles_vertices": [[-0.13071309084238197, 0.11592323541951831, -0.11994378254952127], [-0.13340017330749537, -0.11592323541951839, 0.11994378254952132], [-0.17633330044524334, -0.022642284144178543, 0.11994378254952129], [-0.16471274367263933, 0.13492557125538804, -0.02564018608948887], [-0.1334001733074954, 0.15332857497271318, 0.0656890826488922], [-0.13071309084238203, 0.11592323541951835, 0.11994378254952127], [-0.16471274367263938, -0.1343262391368435, 0.028614513811140302], [-0.130713090842382, -0.15332857497271324, -0.06568908264889213], [-0.13340017330749537, -0.11592323541951839, -0.11994378254952125], [-0.21033295327550064, -0.0036399483083088546, -0.02564018608948887], [-0.2076458708103873, -0.041045287861503826, 0.02861451381114033], [-0.17633330044524334, -0.02264228414417857, -0.11994378254952126], [0.13340017330749537, 0.11592323541951835, -0.11994378254952137], [0.13071309084238203, -0.11592323541951831, 0.11994378254952126], [0.13340017330749537, 0.11592323541951839, 0.11994378254952125], [0.17633330044524334, 0.022642284144178598, 0.11994378254952126], [0.130713090842382, 0.15332857497271324, 0.06568908264889213], [0.16471274367263938, 0.1343262391368435, -0.028614513811140302], [0.17633330044524334, 0.022642284144178543, -0.11994378254952129], [0.13071309084238203, -0.11592323541951835, -0.11994378254952127], [0.2076458708103873, 0.04104528786150374, -0.028614513811140316], [0.21033295327550067, 0.0036399483083088963, 0.02564018608948887], [0.1334001733074954, -0.15332857497271318, -0.0656890826488922], [0.16471274367263938, -0.13492557125538804, 0.02564018608948887]], "triangles": [[0, 18, 19], [19, 8, 0], [12, 18, 0], [0, 8, 11], [20, 18, 12], [12, 17, 20], [7, 6, 10], [9, 11, 10], [11, 8, 10], [10, 8, 7], [10, 6, 1], [1, 2, 10], [19, 18, 22], [18, 20, 22], [21, 23, 22], [22, 20, 21], [22, 6, 7], [1, 6, 22], [22, 13, 1], [22, 23, 13], [7, 8, 22], [22, 8, 19], [1, 13, 15], [5, 2, 15], [15, 2, 1], [15, 14, 5], [15, 23, 21], [13, 23, 15], [21, 20, 16], [16, 20, 17], [16, 15, 21], [14, 15, 16], [5, 14, 16], [16, 4, 5], [12, 0, 3], [3, 17, 12], [4, 16, 3], [3, 16, 17], [3, 2, 5], [9, 10, 3], [3, 10, 2], [5, 4, 3], [3, 11, 9], [3, 0, 11]], "faces": [[[0.17633330044524334, 0.022642284144178543, -0.11994378254952129], [0.13340017330749537, 0.11592323541951835, -0.11994378254952137], [-0.13071309084238197, 0.11592323541951831, -0.11994378254952127], [-0.17633330044524334, -0.02264228414417857, -0.11994378254952126], [-0.13340017330749537, -0.11592323541951839, -0.11994378254952125], [0.13071309084238203, -0.11592323541951835, -0.11994378254952127]], [[-0.1334001733074954, 0.15332857497271318, 0.0656890826488922], [0.130713090842382, 0.15332857497271324, 0.06568908264889213], [0.13340017330749537, 0.11592323541951839, 0.11994378254952125], [-0.13071309084238203, 0.11592323541951835, 0.11994378254952127]], [[-0.13071309084238197, 0.11592323541951831, -0.11994378254952127], [0.13340017330749537, 0.11592323541951835, -0.11994378254952137], [0.16471274367263938, 0.1343262391368435, -0.028614513811140302], [0.130713090842382, 0.15332857497271324, 0.06568908264889213], [-0.1334001733074954, 0.15332857497271318, 0.0656890826488922], [-0.16471274367263933, 0.13492557125538804, -0.02564018608948887]], [[0.13340017330749537, 0.11592323541951835, -0.11994378254952137], [0.17633330044524334, 0.022642284144178543, -0.11994378254952129], [0.2076458708103873, 0.04104528786150374, -0.028614513811140316], [0.16471274367263938, 0.1343262391368435, -0.028614513811140302]], [[-0.16471274367263933, 0.13492557125538804, -0.02564018608948887], [-0.21033295327550064, -0.0036399483083088546, -0.02564018608948887], [-0.2076458708103873, -0.041045287861503826, 0.02861451381114033], [-0.17633330044524334, -0.022642284144178543, 0.11994378254952129], [-0.13071309084238203, 0.11592323541951835, 0.11994378254952127], [-0.1334001733074954, 0.15332857497271318, 0.0656890826488922]], [[-0.17633330044524334, -0.02264228414417857, -0.11994378254952126], [-0.13340017330749537, -0.11592323541951839, -0.11994378254952125], [-0.130713090842382, -0.15332857497271324, -0.06568908264889213], [-0.16471274367263938, -0.1343262391368435, 0.028614513811140302], [-0.2076458708103873, -0.041045287861503826, 0.02861451381114033], [-0.21033295327550064, -0.0036399483083088546, -0.02564018608948887]], [[-0.13340017330749537, -0.11592323541951839, 0.11994378254952132], [-0.16471274367263938, -0.1343262391368435, 0.028614513811140302], [-0.2076458708103873, -0.041045287861503826, 0.02861451381114033], [-0.17633330044524334, -0.022642284144178543, 0.11994378254952129]], [[0.17633330044524334, 0.022642284144178543, -0.11994378254952129], [0.2076458708103873, 0.04104528786150374, -0.028614513811140316], [0.21033295327550067, 0.0036399483083088963, 0.02564018608948887], [0.16471274367263938, -0.13492557125538804, 0.02564018608948887], [0.1334001733074954, -0.15332857497271318, -0.0656890826488922], [0.13071309084238203, -0.11592323541951835, -0.11994378254952127]], [[0.1334001733074954, -0.15332857497271318, -0.0656890826488922], [-0.130713090842382, -0.15332857497271324, -0.06568908264889213], [-0.16471274367263938, -0.1343262391368435, 0.028614513811140302], [-0.13340017330749537, -0.11592323541951839, 0.11994378254952132], [0.13071309084238203, -0.11592323541951831, 0.11994378254952126], [0.16471274367263938, -0.13492557125538804, 0.02564018608948887]], [[-0.130713090842382, -0.15332857497271324, -0.06568908264889213], [0.1334001733074954, -0.15332857497271318, -0.0656890826488922], [0.13071309084238203, -0.11592323541951835, -0.11994378254952127], [-0.13340017330749537, -0.11592323541951839, -0.11994378254952125]], [[-0.13340017330749537, -0.11592323541951839, 0.11994378254952132], [0.13071309084238203, -0.11592323541951831, 0.11994378254952126], [0.17633330044524334, 0.022642284144178598, 0.11994378254952126], [0.13340017330749537, 0.11592323541951839, 0.11994378254952125], [-0.13071309084238203, 0.11592323541951835, 0.11994378254952127], [-0.17633330044524334, -0.022642284144178543, 0.11994378254952129]], [[0.13071309084238203, -0.11592323541951831, 0.11994378254952126], [0.16471274367263938, -0.13492557125538804, 0.02564018608948887], [0.21033295327550067, 0.0036399483083088963, 0.02564018608948887], [0.17633330044524334, 0.022642284144178598, 0.11994378254952126]], [[0.2076458708103873, 0.04104528786150374, -0.028614513811140316], [0.21033295327550067, 0.0036399483083088963, 0.02564018608948887], [0.17633330044524334, 0.022642284144178598, 0.11994378254952126], [0.13340017330749537, 0.11592323541951839, 0.11994378254952125], [0.130713090842382, 0.15332857497271324, 0.06568908264889213], [0.16471274367263938, 0.1343262391368435, -0.028614513811140302]], [[-0.17633330044524334, -0.02264228414417857, -0.11994378254952126], [-0.21033295327550064, -0.0036399483083088546, -0.02564018608948887], [-0.16471274367263933, 0.13492557125538804, -0.02564018608948887], [-0.13071309084238197, 0.11592323541951831, -0.11994378254952127]]]}, "b1": [-0.0, -0.0, -0.23988756509904255], "b2": [-0.0, -0.26925181039223156, 0.05425469990062918], "b3": [-0.3410460441178827, 0.11228328711120947, 0.0943035964600324], "path": [["GAMMA", "X"], ["Y", "GAMMA"], ["GAMMA", "Z"], ["R", "GAMMA"], ["GAMMA", "T"], ["U", "GAMMA"], ["GAMMA", "V"]]}