{"kpoints": {"V'": [0.1263034123646486, 0.11237997117681783, -0.029101806302715374], "Z'": [0.0, 0.0, 0.11210793729844692], "X'": [0.0, 0.11907115692336787, -0.01757609061266891], "Y'": [0.1263034123646486, -0.006691185746550032, -0.011525715690046462], "R'": [0.1263034123646486, 0.11237997117681783, 0.08300613099573155], "U": [-0.0, -0.11907115692336787, -0.09453184668577802], "T": [-0.1263034123646486, 0.006691185746550032, -0.10058222160840047], "X": [-0.0, -0.11907115692336787, 0.01757609061266891], "V": [-0.1263034123646486, -0.11237997117681783, 0.029101806302715374], "Y": [-0.1263034123646486, 0.006691185746550032, 0.011525715690046462], "T'": [0.1263034123646486, -0.006691185746550032, 0.10058222160840047], "R": [-0.1263034123646486, -0.11237997117681783, -0.08300613099573155], "Z": [-0.0, 0.0, -0.11210793729844692], "U'": [0.0, 0.11907115692336787, 0.09453184668577802], "GAMMA": [-0.0, 0.0, 0.0]}, "faces_data": {"triangles_vertices": [[-0.13008737202405185, 0.10851993453747563, -0.08905650591835401], [-0.11363985059730235, 0.13302500054144467, 0.0769557560731091], [-0.11191053447238315, 0.10511731330529106, 0.1121079372984469], [0.11191053447238317, -0.10511731330529106, 0.11210793729844694], [-0.14069629025691405, -0.09173494181219097, -0.08905650591835404], [-0.1119105344723832, -0.13302500054144473, -0.07695575607310912], [-0.1119105344723832, 0.10511731330529107, -0.11210793729844691], [-0.12251945270524534, -0.09513756304437557, -0.11210793729844691], [-0.11363985059730236, -0.10511731330529107, -0.11210793729844691], [0.11363985059730236, 0.10511731330529105, -0.11210793729844687], [0.12251945270524531, 0.09513756304437555, -0.11210793729844691], [0.13008737202405185, -0.10851993453747563, 0.08905650591835401], [0.11191053447238314, -0.10511731330529106, -0.11210793729844697], [0.11363985059730233, -0.13302500054144467, -0.0769557560731091], [0.1119105344723832, 0.13302500054144473, 0.07695575607310912], [0.13008737202405182, 0.12962237930926016, 0.05390432469301616], [0.13896697413199482, 0.11964262904834465, 0.05390432469301616], [0.14069629025691405, 0.09173494181219097, 0.08905650591835404], [0.11363985059730236, 0.10511731330529103, 0.11210793729844694], [0.12251945270524528, 0.09513756304437557, 0.11210793729844701], [-0.13008737202405185, -0.1296223793092601, -0.05390432469301619], [-0.13896697413199482, -0.11964262904834462, -0.05390432469301619], [-0.11363985059730236, -0.10511731330529105, 0.11210793729844687], [-0.12251945270524531, -0.09513756304437557, 0.11210793729844687]], "triangles": [[5, 8, 13], [13, 8, 12], [1, 18, 14], [2, 18, 1], [7, 8, 5], [7, 21, 4], [7, 20, 21], [5, 20, 7], [6, 9, 10], [12, 8, 10], [10, 7, 6], [8, 7, 10], [22, 13, 11], [5, 13, 22], [22, 11, 3], [22, 20, 5], [19, 11, 17], [3, 11, 19], [0, 7, 4], [6, 7, 0], [16, 13, 12], [11, 13, 16], [17, 11, 16], [12, 10, 16], [4, 21, 23], [2, 1, 23], [23, 0, 4], [1, 0, 23], [23, 18, 2], [23, 22, 3], [23, 19, 18], [3, 19, 23], [21, 20, 23], [20, 22, 23], [15, 9, 6], [15, 0, 1], [15, 1, 14], [6, 0, 15], [14, 18, 15], [15, 19, 17], [18, 19, 15], [17, 16, 15], [15, 10, 9], [15, 16, 10]], "faces": [[[-0.1119105344723832, -0.13302500054144473, -0.07695575607310912], [0.11363985059730233, -0.13302500054144467, -0.0769557560731091], [0.11191053447238314, -0.10511731330529106, -0.11210793729844697], [-0.11363985059730236, -0.10511731330529107, -0.11210793729844691]], [[-0.13008737202405185, -0.1296223793092601, -0.05390432469301619], [-0.11363985059730236, -0.10511731330529105, 0.11210793729844687], [-0.12251945270524531, -0.09513756304437557, 0.11210793729844687], [-0.13896697413199482, -0.11964262904834462, -0.05390432469301619]], [[-0.11363985059730235, 0.13302500054144467, 0.0769557560731091], [0.1119105344723832, 0.13302500054144473, 0.07695575607310912], [0.11363985059730236, 0.10511731330529103, 0.11210793729844694], [-0.11191053447238315, 0.10511731330529106, 0.1121079372984469]], [[-0.13896697413199482, -0.11964262904834462, -0.05390432469301619], [-0.14069629025691405, -0.09173494181219097, -0.08905650591835404], [-0.12251945270524534, -0.09513756304437557, -0.11210793729844691], [-0.11363985059730236, -0.10511731330529107, -0.11210793729844691], [-0.1119105344723832, -0.13302500054144473, -0.07695575607310912], [-0.13008737202405185, -0.1296223793092601, -0.05390432469301619]], [[0.14069629025691405, 0.09173494181219097, 0.08905650591835404], [0.13896697413199482, 0.11964262904834465, 0.05390432469301616], [0.13008737202405182, 0.12962237930926016, 0.05390432469301616], [0.1119105344723832, 0.13302500054144473, 0.07695575607310912], [0.11363985059730236, 0.10511731330529103, 0.11210793729844694], [0.12251945270524528, 0.09513756304437557, 0.11210793729844701]], [[-0.1119105344723832, 0.10511731330529107, -0.11210793729844691], [0.11363985059730236, 0.10511731330529105, -0.11210793729844687], [0.12251945270524531, 0.09513756304437555, -0.11210793729844691], [0.11191053447238314, -0.10511731330529106, -0.11210793729844697], [-0.11363985059730236, -0.10511731330529107, -0.11210793729844691], [-0.12251945270524534, -0.09513756304437557, -0.11210793729844691]], [[0.13008737202405182, 0.12962237930926016, 0.05390432469301616], [0.13896697413199482, 0.11964262904834465, 0.05390432469301616], [0.12251945270524531, 0.09513756304437555, -0.11210793729844691], [0.11363985059730236, 0.10511731330529105, -0.11210793729844687]], [[0.11363985059730233, -0.13302500054144467, -0.0769557560731091], [-0.1119105344723832, -0.13302500054144473, -0.07695575607310912], [-0.13008737202405185, -0.1296223793092601, -0.05390432469301619], [-0.11363985059730236, -0.10511731330529105, 0.11210793729844687], [0.11191053447238317, -0.10511731330529106, 0.11210793729844694], [0.13008737202405185, -0.10851993453747563, 0.08905650591835401]], [[-0.1119105344723832, 0.10511731330529107, -0.11210793729844691], [0.11363985059730236, 0.10511731330529105, -0.11210793729844687], [0.13008737202405182, 0.12962237930926016, 0.05390432469301616], [0.1119105344723832, 0.13302500054144473, 0.07695575607310912], [-0.11363985059730235, 0.13302500054144467, 0.0769557560731091], [-0.13008737202405185, 0.10851993453747563, -0.08905650591835401]], [[0.11191053447238317, -0.10511731330529106, 0.11210793729844694], [0.12251945270524528, 0.09513756304437557, 0.11210793729844701], [0.14069629025691405, 0.09173494181219097, 0.08905650591835404], [0.13008737202405185, -0.10851993453747563, 0.08905650591835401]], [[-0.14069629025691405, -0.09173494181219097, -0.08905650591835404], [-0.13008737202405185, 0.10851993453747563, -0.08905650591835401], [-0.1119105344723832, 0.10511731330529107, -0.11210793729844691], [-0.12251945270524534, -0.09513756304437557, -0.11210793729844691]], [[0.13008737202405185, -0.10851993453747563, 0.08905650591835401], [0.14069629025691405, 0.09173494181219097, 0.08905650591835404], [0.13896697413199482, 0.11964262904834465, 0.05390432469301616], [0.12251945270524531, 0.09513756304437555, -0.11210793729844691], [0.11191053447238314, -0.10511731330529106, -0.11210793729844697], [0.11363985059730233, -0.13302500054144467, -0.0769557560731091]], [[-0.14069629025691405, -0.09173494181219097, -0.08905650591835404], [-0.13896697413199482, -0.11964262904834462, -0.05390432469301619], [-0.12251945270524531, -0.09513756304437557, 0.11210793729844687], [-0.11191053447238315, 0.10511731330529106, 0.1121079372984469], [-0.11363985059730235, 0.13302500054144467, 0.0769557560731091], [-0.13008737202405185, 0.10851993453747563, -0.08905650591835401]], [[0.11191053447238317, -0.10511731330529106, 0.11210793729844694], [-0.11363985059730236, -0.10511731330529105, 0.11210793729844687], [-0.12251945270524531, -0.09513756304437557, 0.11210793729844687], [-0.11191053447238315, 0.10511731330529106, 0.1121079372984469], [0.11363985059730236, 0.10511731330529103, 0.11210793729844694], [0.12251945270524528, 0.09513756304437557, 0.11210793729844701]]]}, "b1": [-0.0, -0.23814231384673573, 0.03515218122533782],