{"kpoints": {"T_2": [0.0, -0.13497041547293495, -0.053961964794254726], "V_2": [0.1188233804362737, -0.06740076906990657, -0.06290507734734008], "Y_2'": [0.0, 0.0, 0.06306545865330943], "R_2": [-0.1188233804362737, -0.06756964640302839, -0.054122346100224074], "Z'": [-0.0, 0.13497041547293495, -0.0091034938590547], "V_2'": [-0.1188233804362737, 0.06740076906990657, 0.06290507734734008], "Y_2": [0.0, 0.0, -0.06306545865330943], "Y'": [-0.0, 0.0, -0.06306545865330943], "X'": [-0.1188233804362737, 0.06740076906990657, -0.00016038130596934165], "U_2": [-0.1188233804362737, -0.06756964640302839, 0.008943112553085358], "T_2'": [0.0, 0.13497041547293495, 0.053961964794254726], "R_2'": [0.1188233804362737, 0.06756964640302839, 0.054122346100224074], "Y": [0.0, -0.0, 0.06306545865330943], "X": [0.1188233804362737, -0.06740076906990657, 0.00016038130596934165], "Z": [0.0, -0.13497041547293495, 0.0091034938590547], "GAMMA": [0.0, -0.0, 0.0], "U_2'": [0.1188233804362737, 0.06756964640302839, -0.008943112553085358]}, "faces_data": {"triangles_vertices": [[-0.15915500385472725, -0.0038085076432584075, -0.04517923354713872], [-0.08257220580399788, -0.13848180300696322, -0.04517923354713872], [-0.08247513791100895, -0.13861004578307157, -0.044858470935200026], [-0.15517162296153847, 0.0034707529770147683, 0.06274469604137073], [-0.07849175701782016, -0.13133078516279836, -0.06306545865330941], [-0.1550745550685495, 0.003342510200906398, -0.06306545865330941], [0.08247513791100897, -0.13133078516279836, -0.06306545865330943], [-0.08247513791100894, 0.13133078516279836, -0.06306545865330943], [-0.07849175701782016, -0.13133078516279836, 0.06306545865330943], [-0.15507455506854953, 0.0033425102009064537, 0.06306545865330943], [0.15507455506854956, -0.003342510200906451, -0.06306545865330938], [0.07849175701782019, 0.13133078516279836, -0.06306545865330944], [0.08247513791100892, 0.13861004578307157, 0.04485847093520001], [0.08257220580399789, 0.13848180300696314, 0.04517923354713885], [0.07849175701782019, 0.13133078516279836, 0.06306545865330943], [-0.07849175701782017, 0.13861004578307154, 0.044858470935200026], [-0.08257220580399785, 0.13145902793890674, 0.06274469604137067], [-0.08247513791100891, 0.13133078516279836, 0.06306545865330943], [0.1591550038547272, 0.0038085076432584353, 0.04517923354713871], [0.15507455506854953, -0.0033425102009064234, 0.06306545865330929], [0.15517162296153844, -0.0034707529770147683, -0.06274469604137074], [0.08247513791100894, -0.13133078516279834, 0.06306545865330934], [0.08257220580399788, -0.1314590279389067, -0.06274469604137076], [0.07849175701782016, -0.13861004578307154, -0.044858470935200095]], "triangles": [[3, 1, 2], [3, 8, 9], [0, 1, 3], [2, 8, 3], [5, 1, 0], [4, 1, 5], [18, 13, 19], [19, 13, 14], [9, 8, 17], [17, 19, 14], [17, 8, 21], [21, 19, 17], [10, 6, 4], [10, 7, 11], [10, 5, 7], [4, 5, 10], [16, 3, 9], [9, 17, 16], [20, 13, 18], [20, 10, 11], [20, 12, 13], [11, 12, 20], [6, 10, 20], [20, 22, 6], [23, 19, 21], [18, 19, 23], [22, 20, 23], [23, 20, 18], [4, 6, 23], [2, 1, 23], [23, 1, 4], [6, 22, 23], [23, 8, 2], [21, 8, 23], [0, 3, 15], [15, 5, 0], [7, 5, 15], [3, 16, 15], [14, 13, 15], [15, 17, 14], [13, 12, 15], [15, 16, 17], [11, 7, 15], [15, 12, 11]], "faces": [[[-0.07849175701782016, -0.13133078516279836, 0.06306545865330943], [-0.08247513791100895, -0.13861004578307157, -0.044858470935200026], [-0.08257220580399788, -0.13848180300696322, -0.04517923354713872], [-0.15915500385472725, -0.0038085076432584075, -0.04517923354713872], [-0.15517162296153847, 0.0034707529770147683, 0.06274469604137073], [-0.15507455506854953, 0.0033425102009064537, 0.06306545865330943]], [[-0.08247513791100895, -0.13861004578307157, -0.044858470935200026], [0.07849175701782016, -0.13861004578307154, -0.044858470935200095], [0.08247513791100894, -0.13133078516279834, 0.06306545865330934], [-0.07849175701782016, -0.13133078516279836, 0.06306545865330943]], [[-0.1550745550685495, 0.003342510200906398, -0.06306545865330941], [-0.07849175701782016, -0.13133078516279836, -0.06306545865330941], [-0.08257220580399788, -0.13848180300696322, -0.04517923354713872], [-0.15915500385472725, -0.0038085076432584075, -0.04517923354713872]], [[0.08257220580399789, 0.13848180300696314, 0.04517923354713885], [0.1591550038547272, 0.0038085076432584353, 0.04517923354713871], [0.15507455506854953, -0.0033425102009064234, 0.06306545865330929], [0.07849175701782019, 0.13133078516279836, 0.06306545865330943]], [[0.07849175701782019, 0.13133078516279836, 0.06306545865330943], [-0.08247513791100891, 0.13133078516279836, 0.06306545865330943], [-0.15507455506854953, 0.0033425102009064537, 0.06306545865330943], [-0.07849175701782016, -0.13133078516279836, 0.06306545865330943], [0.08247513791100894, -0.13133078516279834, 0.06306545865330934], [0.15507455506854953, -0.0033425102009064234, 0.06306545865330929]], [[0.07849175701782019, 0.13133078516279836, -0.06306545865330944], [-0.08247513791100894, 0.13133078516279836, -0.06306545865330943], [-0.07849175701782017, 0.13861004578307154, 0.044858470935200026], [0.08247513791100892, 0.13861004578307157, 0.04485847093520001]], [[-0.08247513791100894, 0.13133078516279836, -0.06306545865330943], [-0.1550745550685495, 0.003342510200906398, -0.06306545865330941], [-0.07849175701782016, -0.13133078516279836, -0.06306545865330941], [0.08247513791100897, -0.13133078516279836, -0.06306545865330943], [0.15507455506854956, -0.003342510200906451, -0.06306545865330938], [0.07849175701782019, 0.13133078516279836, -0.06306545865330944]], [[-0.1550745550685495, 0.003342510200906398, -0.06306545865330941], [-0.08247513791100894, 0.13133078516279836, -0.06306545865330943], [0.08247513791100892, 0.13861004578307157, 0.04485847093520001], [0.08257220580399789, 0.13848180300696314, 0.04517923354713885], [0.07849175701782019, 0.13133078516279836, 0.06306545865330943], [-0.08247513791100891, 0.13133078516279836, 0.06306545865330943], [-0.15507455506854953, 0.0033425102009064537, 0.06306545865330943], [-0.15915500385472725, -0.0038085076432584075, -0.04517923354713872]], [[0.08257220580399789, 0.13848180300696314, 0.04517923354713885], [0.08247513791100892, 0.13861004578307157, 0.04485847093520001], [0.07849175701782019, 0.13133078516279836, -0.06306545865330944], [0.15507455506854956, -0.003342510200906451, -0.06306545865330938], [0.15517162296153844, -0.0034707529770147683, -0.06274469604137074], [0.1591550038547272, 0.0038085076432584353, 0.04517923354713871]], [[-0.07849175701782016, -0.13133078516279836, -0.06306545865330941], [0.15507455506854956, -0.003342510200906451, -0.06306545865330938], [0.15517162296153844, -0.0034707529770147683, -0.06274469604137074], [0.1591550038547272, 0.0038085076432584353, 0.04517923354713871], [0.15507455506854953, -0.0033425102009064234, 0.06306545865330929], [0.08247513791100894, -0.13133078516279834, 0.06306545865330934], [-0.08247513791100895, -0.13861004578307157, -0.044858470935200026], [-0.08257220580399788, -0.13848180300696322, -0.04517923354713872]]]}, "b1": [0.2376467608725474, -0.13480153813981313, 0.0003207626119386833], "b2": [0.0, -0.0, 0.12613091730661885], "b3": [0.0, -0.2699408309458699, 0.0182069877181094], "path": [["GAMMA", "X"], ["Y", "GAMMA"], ["GAMMA", "Z"], ["R_2", "GAMMA"], ["GAMMA", "T_2"], ["U_2", "GAMMA"], ["GAMMA", "V_2"], ["GAMMA", "X'"], ["Y'", "GAMMA"], ["GAMMA", "Z'"], ["R_2'", "GAMMA"], ["GAMMA", "T_2'"], ["U_2'", "GAMMA"], ["GAMMA", "V_2'"]]}