{"kpoints": {"T_2": [0.12720166710416236, 0.07269699989959635, -0.02338021786303198], "V_2": [0.12720166710416236, -0.07205732476702939, -0.0653371316358043], "R_2": [0.12720166710416236, 0.07269699989959635, 0.045056908614953504], "Y_2": [0.12720166710416236, -0.07205732476702939, 0.0030999948421811803], "U_2": [0.0, 0.14475432466662574, 0.041956913772772324], "Y": [-0.12720166710416236, 0.07205732476702939, -0.0030999948421811803], "X": [-0.0, 0.0, -0.06843712647798549], "Z": [-0.0, 0.14475432466662574, -0.02648021270521316], "GAMMA": [-0.0, 0.0, -0.0]}, "faces_data": {"triangles_vertices": [[-0.1634609312452276, 0.005238529684719655, 0.0684371264779855], [-0.16562755452877845, 0.007035591245249662, 0.062237136793623124], [-0.17227829984368032, -0.008314941510383533, -0.021676690751921565], [0.1634609312452276, -0.005238529684719634, 0.06843712647798554], [0.1722782998436803, 0.008314941510383561, 0.021676690751921524], [0.16562755452877842, -0.007035591245249634, -0.06223713679362314], [-0.09094240296309712, -0.15063252948391237, -0.021676690751921454], [0.09094240296309711, -0.13887611984933915, -0.06223713679362318], [0.08212503436464441, 0.13707905828880917, 0.06843712647798547], [-0.08877577967954631, 0.13707905828880917, 0.06843712647798549], [0.0887757796795463, 0.15242959104444234, 0.015476701067559176], [0.09094240296309712, 0.15063252948391237, 0.021676690751921454], [-0.09094240296309711, 0.13887611984933915, 0.06223713679362318], [-0.0821250343646444, 0.15242959104444234, 0.015476701067559176], [0.1634609312452276, -0.005238529684719641, -0.06843712647798551], [0.08877577967954628, -0.13707905828880912, -0.06843712647798549], [0.08212503436464444, 0.13707905828880915, -0.06843712647798549], [-0.08212503436464445, -0.13707905828880912, -0.06843712647798549], [-0.08877577967954628, 0.13707905828880915, -0.0684371264779855], [-0.1634609312452276, 0.005238529684719643, -0.06843712647798551], [-0.08877577967954628, -0.15242959104444234, -0.015476701067559148], [-0.08212503436464443, -0.13707905828880917, 0.06843712647798553], [0.08212503436464444, -0.15242959104444234, -0.015476701067559148], [0.08877577967954628, -0.13707905828880917, 0.0684371264779855]], "triangles": [[10, 16, 13], [13, 16, 18], [15, 19, 18], [15, 16, 14], [18, 16, 15], [15, 17, 19], [6, 1, 2], [6, 21, 0], [0, 1, 6], [20, 21, 6], [2, 19, 6], [19, 17, 6], [18, 19, 12], [12, 19, 2], [2, 1, 12], [12, 13, 18], [12, 1, 0], [0, 9, 12], [11, 5, 14], [11, 16, 10], [4, 5, 11], [14, 16, 11], [10, 13, 11], [9, 8, 11], [11, 12, 9], [13, 12, 11], [23, 21, 20], [20, 22, 23], [17, 15, 7], [7, 22, 20], [7, 6, 17], [20, 6, 7], [14, 5, 7], [7, 15, 14], [0, 21, 3], [3, 8, 9], [3, 9, 0], [21, 23, 3], [3, 5, 4], [3, 23, 22], [3, 7, 5], [22, 7, 3], [4, 11, 3], [3, 11, 8]], "faces": [[[-0.0821250343646444, 0.15242959104444234, 0.015476701067559176], [0.0887757796795463, 0.15242959104444234, 0.015476701067559176], [0.08212503436464444, 0.13707905828880915, -0.06843712647798549], [-0.08877577967954628, 0.13707905828880915, -0.0684371264779855]], [[0.16562755452877842, -0.007035591245249634, -0.06223713679362314], [0.1634609312452276, -0.005238529684719641, -0.06843712647798551], [0.08877577967954628, -0.13707905828880912, -0.06843712647798549], [0.09094240296309711, -0.13887611984933915, -0.06223713679362318]], [[-0.08212503436464445, -0.13707905828880912, -0.06843712647798549], [0.08877577967954628, -0.13707905828880912, -0.06843712647798549], [0.1634609312452276, -0.005238529684719641, -0.06843712647798551], [0.08212503436464444, 0.13707905828880915, -0.06843712647798549], [-0.08877577967954628, 0.13707905828880915, -0.0684371264779855], [-0.1634609312452276, 0.005238529684719643, -0.06843712647798551]], [[0.09094240296309711, -0.13887611984933915, -0.06223713679362318], [0.16562755452877842, -0.007035591245249634, -0.06223713679362314], [0.1722782998436803, 0.008314941510383561, 0.021676690751921524], [0.1634609312452276, -0.005238529684719634, 0.06843712647798554], [0.08877577967954628, -0.13707905828880917, 0.0684371264779855], [0.08212503436464444, -0.15242959104444234, -0.015476701067559148]], [[-0.09094240296309712, -0.15063252948391237, -0.021676690751921454], [-0.17227829984368032, -0.008314941510383533, -0.021676690751921565], [-0.16562755452877845, 0.007035591245249662, 0.062237136793623124], [-0.1634609312452276, 0.005238529684719655, 0.0684371264779855], [-0.08212503436464443, -0.13707905828880917, 0.06843712647798553], [-0.08877577967954628, -0.15242959104444234, -0.015476701067559148]], [[-0.1634609312452276, 0.005238529684719643, -0.06843712647798551], [-0.08212503436464445, -0.13707905828880912, -0.06843712647798549], [-0.09094240296309712, -0.15063252948391237, -0.021676690751921454], [-0.17227829984368032, -0.008314941510383533, -0.021676690751921565]], [[-0.16562755452877845, 0.007035591245249662, 0.062237136793623124], [-0.09094240296309711, 0.13887611984933915, 0.06223713679362318], [-0.0821250343646444, 0.15242959104444234, 0.015476701067559176], [-0.08877577967954628, 0.13707905828880915, -0.0684371264779855], [-0.1634609312452276, 0.005238529684719643, -0.06843712647798551], [-0.17227829984368032, -0.008314941510383533, -0.021676690751921565]], [[0.08212503436464441, 0.13707905828880917, 0.06843712647798547], [0.1634609312452276, -0.005238529684719634, 0.06843712647798554], [0.08877577967954628, -0.13707905828880917, 0.0684371264779855], [-0.08212503436464443, -0.13707905828880917, 0.06843712647798553], [-0.1634609312452276, 0.005238529684719655, 0.0684371264779855], [-0.08877577967954631, 0.13707905828880917, 0.06843712647798549]], [[-0.1634609312452276, 0.005238529684719655, 0.0684371264779855], [-0.08877577967954631, 0.13707905828880917, 0.06843712647798549], [-0.09094240296309711, 0.13887611984933915, 0.06223713679362318], [-0.16562755452877845, 0.007035591245249662, 0.062237136793623124]], [[0.1722782998436803, 0.008314941510383561, 0.021676690751921524], [0.09094240296309712, 0.15063252948391237, 0.021676690751921454], [0.0887757796795463, 0.15242959104444234, 0.015476701067559176], [0.08212503436464444, 0.13707905828880915, -0.06843712647798549], [0.1634609312452276, -0.005238529684719641, -0.06843712647798551], [0.16562755452877842, -0.007035591245249634, -0.06223713679362314]], [[0.08212503436464441, 0.13707905828880917, 0.06843712647798547], [0.09094240296309712, 0.15063252948391237, 0.021676690751921454], [0.0887757796795463, 0.15242959104444234, 0.015476701067559176], [-0.0821250343646444, 0.15242959104444234, 0.015476701067559176], [-0.09094240296309711, 0.13887611984933915, 0.06223713679362318], [-0.08877577967954631, 0.13707905828880917, 0.06843712647798549]], [[-0.08877577967954628, -0.15242959104444234, -0.015476701067559148], [0.08212503436464444, -0.15242959104444234, -0.015476701067559148], [0.08877577967954628, -0.13707905828880917, 0.0684371264779855], [-0.08212503436464443, -0.13707905828880917, 0.06843712647798553]], [[-0.09094240296309712, -0.15063252948391237, -0.021676690751921454], [-0.08212503436464445, -0.13707905828880912, -0.06843712647798549], [0.08877577967954628, -0.13707905828880912, -0.06843712647798549], [0.09094240296309711, -0.13887611984933915, -0.06223713679362318], [0.08212503436464444, -0.15242959104444234, -0.015476701067559148], [-0.08877577967954628, -0.15242959104444234, -0.015476701067559148]], [[0.1634609312452276, -0.005238529684719634, 0.06843712647798554], [0.08212503436464441, 0.13707905828880917, 0.06843712647798547], [0.09094240296309712, 0.15063252948391237, 0.021676690751921454], [0.1722782998436803, 0.008314941510383561, 0.021676690751921524]]]}, "b1": [-0.0, 0.0, -0.13687425295597097], "b2": [-0.2544033342083247, 0.14411464953405878, -0.0061999896843623606], "b3": [-0.0, 0.2895086493332515, -0.05296042541042632], "path": [["GAMMA", "X"], ["Y", "GAMMA"], ["GAMMA", "Z"], ["R_2", "GAMMA"], ["GAMMA", "T_2"], ["U_2", "GAMMA"], ["GAMMA", "V_2"]]}