{"kpoints": {"K": [0.0690671712395223, 0.0690671712395223, 0.0], "L": [0.046044780826348206, 0.046044780826348206, 0.046044780826348206], "U": [0.023022390413174103, 0.09208956165269641, 0.023022390413174096], "W": [0.0460447808263482, 0.09208956165269641, 0.0], "X": [0.0, 0.09208956165269641, 0.0], "GAMMA": [0.0, 0.0, 0.0], "W_2": [6.938893903907228e-18, 0.09208956165269641, 0.046044780826348206]}, "faces_data": {"triangles_vertices": [[-0.09208956165269641, 0.0, -0.04604478082634821], [-0.04604478082634821, 0.0, -0.09208956165269641], [0.0, 0.09208956165269641, -0.0460447808263482], [0.0, 0.04604478082634821, -0.09208956165269641], [0.046044780826348206, 0.09208956165269643, 0.0], [-0.09208956165269641, -0.04604478082634821, 0.0], [-0.04604478082634821, -0.09208956165269641, 0.0], [0.0460447808263482, 0.0, 0.09208956165269643], [0.0, -0.04604478082634821, 0.09208956165269641], [0.0, -0.09208956165269641, 0.04604478082634821], [-0.04604478082634821, 0.0, 0.09208956165269641], [-0.09208956165269641, 0.0, 0.04604478082634821], [-0.046044780826348206, 0.09208956165269643, 0.0], [-0.09208956165269641, 0.04604478082634821, 0.0], [0.0, 0.09208956165269641, 0.0460447808263482], [0.0, 0.0460447808263482, 0.09208956165269643], [0.04604478082634821, 0.0, -0.09208956165269641], [0.04604478082634821, -0.09208956165269641, 0.0], [0.0, -0.04604478082634821, -0.09208956165269641], [0.0, -0.09208956165269641, -0.04604478082634821], [0.09208956165269641, 0.04604478082634821, -8.676789735496402e-18], [0.09208956165269641, -4.338394867748201e-18, 0.04604478082634821], [0.09208956165269641, -4.338394867748201e-18, -0.04604478082634821], [0.09208956165269641, -0.04604478082634821, -8.676789735496402e-18]], "triangles": [[16, 18, 1], [1, 3, 16], [0, 5, 13], [13, 5, 11], [6, 5, 19], [19, 1, 18], [0, 1, 19], [19, 5, 0], [2, 13, 12], [2, 1, 0], [3, 1, 2], [0, 13, 2], [14, 4, 2], [12, 14, 2], [6, 19, 9], [9, 19, 17], [7, 21, 15], [15, 4, 14], [20, 4, 15], [15, 21, 20], [7, 8, 23], [23, 9, 17], [23, 21, 7], [8, 9, 23], [10, 9, 8], [10, 5, 6], [11, 5, 10], [6, 9, 10], [12, 13, 10], [10, 13, 11], [10, 14, 12], [10, 15, 14], [10, 8, 7], [7, 15, 10], [16, 3, 22], [22, 4, 20], [22, 2, 4], [3, 2, 22], [22, 18, 16], [17, 19, 22], [22, 19, 18], [22, 23, 17], [20, 21, 22], [21, 23, 22]], "faces": [[[0.0, 0.04604478082634821, -0.09208956165269641], [-0.04604478082634821, 0.0, -0.09208956165269641], [0.0, -0.04604478082634821, -0.09208956165269641], [0.04604478082634821, 0.0, -0.09208956165269641]], [[0.0, 0.0460447808263482, 0.09208956165269643], [-0.04604478082634821, 0.0, 0.09208956165269641], [0.0, -0.04604478082634821, 0.09208956165269641], [0.0460447808263482, 0.0, 0.09208956165269643]], [[-0.09208956165269641, -0.04604478082634821, 0.0], [-0.09208956165269641, 0.0, -0.04604478082634821], [-0.09208956165269641, 0.04604478082634821, 0.0], [-0.09208956165269641, 0.0, 0.04604478082634821]], [[-0.09208956165269641, 0.0, -0.04604478082634821], [-0.09208956165269641, -0.04604478082634821, 0.0], [-0.04604478082634821, -0.09208956165269641, 0.0], [0.0, -0.09208956165269641, -0.04604478082634821], [0.0, -0.04604478082634821, -0.09208956165269641], [-0.04604478082634821, 0.0, -0.09208956165269641]], [[0.04604478082634821, 0.0, -0.09208956165269641], [0.0, -0.04604478082634821, -0.09208956165269641], [0.0, -0.09208956165269641, -0.04604478082634821], [0.04604478082634821, -0.09208956165269641, 0.0], [0.09208956165269641, -0.04604478082634821, -8.676789735496402e-18], [0.09208956165269641, -4.338394867748201e-18, -0.04604478082634821]], [[-0.09208956165269641, 0.04604478082634821, 0.0], [-0.046044780826348206, 0.09208956165269643, 0.0], [0.0, 0.09208956165269641, -0.0460447808263482], [0.0, 0.04604478082634821, -0.09208956165269641], [-0.04604478082634821, 0.0, -0.09208956165269641], [-0.09208956165269641, 0.0, -0.04604478082634821]], [[0.09208956165269641, -4.338394867748201e-18, 0.04604478082634821], [0.09208956165269641, 0.04604478082634821, -8.676789735496402e-18], [0.09208956165269641, -4.338394867748201e-18, -0.04604478082634821], [0.09208956165269641, -0.04604478082634821, -8.676789735496402e-18]], [[0.0, 0.09208956165269641, -0.0460447808263482], [-0.046044780826348206, 0.09208956165269643, 0.0], [0.0, 0.09208956165269641, 0.0460447808263482], [0.046044780826348206, 0.09208956165269643, 0.0]], [[0.09208956165269641, -4.338394867748201e-18, -0.04604478082634821], [0.04604478082634821, 0.0, -0.09208956165269641], [0.0, 0.04604478082634821, -0.09208956165269641], [0.0, 0.09208956165269641, -0.0460447808263482], [0.046044780826348206, 0.09208956165269643, 0.0], [0.09208956165269641, 0.04604478082634821, -8.676789735496402e-18]], [[0.0, -0.09208956165269641, 0.04604478082634821], [-0.04604478082634821, -0.09208956165269641, 0.0], [0.0, -0.09208956165269641, -0.04604478082634821], [0.04604478082634821, -0.09208956165269641, 0.0]], [[0.09208956165269641, 0.04604478082634821, -8.676789735496402e-18], [0.046044780826348206, 0.09208956165269643, 0.0], [0.0, 0.09208956165269641, 0.0460447808263482], [0.0, 0.0460447808263482, 0.09208956165269643], [0.0460447808263482, 0.0, 0.09208956165269643], [0.09208956165269641, -4.338394867748201e-18, 0.04604478082634821]], [[0.0460447808263482, 0.0, 0.09208956165269643], [0.09208956165269641, -4.338394867748201e-18, 0.04604478082634821], [0.09208956165269641, -0.04604478082634821, -8.676789735496402e-18], [0.04604478082634821, -0.09208956165269641, 0.0], [0.0, -0.09208956165269641, 0.04604478082634821], [0.0, -0.04604478082634821, 0.09208956165269641]], [[-0.09208956165269641, -0.04604478082634821, 0.0], [-0.09208956165269641, 0.0, 0.04604478082634821], [-0.04604478082634821, 0.0, 0.09208956165269641], [0.0, -0.04604478082634821, 0.09208956165269641], [0.0, -0.09208956165269641, 0.04604478082634821], [-0.04604478082634821, -0.09208956165269641, 0.0]], [[0.0, 0.0460447808263482, 0.09208956165269643], [0.0, 0.09208956165269641, 0.0460447808263482], [-0.046044780826348206, 0.09208956165269643, 0.0], [-0.09208956165269641, 0.04604478082634821, 0.0], [-0.09208956165269641, 0.0, 0.04604478082634821], [-0.04604478082634821, 0.0, 0.09208956165269641]]]}, "b1": [-0.09208956165269641, 0.09208956165269641, 0.09208956165269641], "b2": [0.09208956165269641, -0.09208956165269641, 0.09208956165269641], "b3": [0.09208956165269641, 0.09208956165269641, -0.09208956165269641], "path": [["GAMMA", "X"], ["X", "U"], ["K", "GAMMA"], ["GAMMA", "L"], ["L", "W"], ["W", "X"], ["X", "W_2"]]}