{"kpoints": {"W'": [-0.04750275468870062, -0.09500550937740122, 0.0], "L'": [-0.04750275468870062, -0.04750275468870062, -0.047502754688700605], "K'": [-0.07125413203305092, -0.07125413203305092, 0.0], "K": [0.07125413203305092, 0.07125413203305092, 0.0], "L": [0.04750275468870062, 0.04750275468870062, 0.047502754688700605], "X'": [-1.3877787807814457e-17, -0.09500550937740122, 6.938893903907228e-18], "U": [0.023751377344350323, 0.09500550937740124, 0.02375137734435029], "W": [0.04750275468870062, 0.09500550937740122, 0.0], "W_2'": [-1.3877787807814457e-17, -0.09500550937740122, -0.047502754688700605], "X": [1.3877787807814457e-17, 0.09500550937740122, -6.938893903907228e-18], "U'": [-0.023751377344350323, -0.09500550937740124, -0.02375137734435029], "GAMMA": [0.0, 0.0, 0.0], "W_2": [1.3877787807814457e-17, 0.09500550937740122, 0.047502754688700605]}, "faces_data": {"triangles_vertices": [[0.09500550937740122, 0.0, 0.047502754688700584], [8.00026207683895e-18, 0.09500550937740124, 0.047502754688700626], [-9.813666132296356e-20, -0.09500550937740124, 0.047502754688700626], [-2.3706376246547957e-17, -0.04750275468870063, 0.09500550937740124], [3.160850166206394e-17, 0.04750275468870061, 0.09500550937740124], [0.04750275468870061, 3.160850166206394e-17, 0.09500550937740124], [-0.04750275468870061, -3.160850166206394e-17, 0.09500550937740124], [-0.04750275468870058, 0.09500550937740124, -1.3877787807814457e-17], [0.09500550937740121, 0.047502754688700626, -2.7755575615628914e-17], [0.047502754688700626, 0.09500550937740121, -2.7755575615628914e-17], [2.7755575615628914e-17, 0.0475027546887006, -0.09500550937740122], [1.3877787807814457e-17, 0.09500550937740122, -0.04750275468870059], [0.04750275468870062, 1.3877787807814457e-17, -0.09500550937740122], [0.09500550937740122, 1.3877787807814457e-17, -0.0475027546887006], [0.09500550937740122, -0.04750275468870058, 0.0], [0.04750275468870058, -0.09500550937740124, -1.3877787807814457e-17], [-0.047502754688700626, -0.09500550937740121, 0.0], [-0.0475027546887006, -2.7755575615628914e-17, -0.09500550937740122], [-2.7755575615628914e-17, -0.0475027546887006, -0.09500550937740122], [-1.3877787807814457e-17, -0.09500550937740122, -0.047502754688700584], [-0.09500550937740122, -3.170663832338691e-17, 0.04750275468870064], [-0.09500550937740124, 0.047502754688700626, 1.3877787807814457e-17], [-0.09500550937740122, -0.04750275468870061, 1.3877787807814457e-17], [-0.09500550937740126, -4.0491993690809564e-18, -0.04750275468870061]], "triangles": [[20, 21, 22], [22, 21, 23], [2, 6, 20], [2, 22, 16], [3, 6, 2], [20, 22, 2], [2, 16, 19], [19, 15, 2], [3, 5, 4], [4, 6, 3], [19, 16, 17], [17, 18, 19], [17, 22, 23], [16, 22, 17], [14, 5, 3], [0, 5, 14], [14, 2, 15], [3, 2, 14], [20, 6, 7], [6, 4, 7], [7, 21, 20], [7, 4, 1], [23, 21, 7], [10, 17, 7], [7, 11, 10], [7, 17, 23], [9, 5, 0], [9, 4, 5], [0, 8, 9], [1, 4, 9], [9, 7, 1], [11, 7, 9], [18, 17, 12], [12, 17, 10], [19, 18, 13], [13, 15, 19], [13, 14, 15], [18, 12, 13], [10, 11, 13], [13, 9, 8], [11, 9, 13], [13, 12, 10], [13, 8, 0], [0, 14, 13]], "faces": [[[-0.09500550937740124, 0.047502754688700626, 1.3877787807814457e-17], [-0.09500550937740122, -3.170663832338691e-17, 0.04750275468870064], [-0.09500550937740122, -0.04750275468870061, 1.3877787807814457e-17], [-0.09500550937740126, -4.0491993690809564e-18, -0.04750275468870061]], [[2.7755575615628914e-17, 0.0475027546887006, -0.09500550937740122], [-0.0475027546887006, -2.7755575615628914e-17, -0.09500550937740122], [-2.7755575615628914e-17, -0.0475027546887006, -0.09500550937740122], [0.04750275468870062, 1.3877787807814457e-17, -0.09500550937740122]], [[-9.813666132296356e-20, -0.09500550937740124, 0.047502754688700626], [-0.047502754688700626, -0.09500550937740121, 0.0], [-0.09500550937740122, -0.04750275468870061, 1.3877787807814457e-17], [-0.09500550937740122, -3.170663832338691e-17, 0.04750275468870064], [-0.04750275468870061, -3.160850166206394e-17, 0.09500550937740124], [-2.3706376246547957e-17, -0.04750275468870063, 0.09500550937740124]], [[2.7755575615628914e-17, 0.0475027546887006, -0.09500550937740122], [1.3877787807814457e-17, 0.09500550937740122, -0.04750275468870059], [0.047502754688700626, 0.09500550937740121, -2.7755575615628914e-17], [0.09500550937740121, 0.047502754688700626, -2.7755575615628914e-17], [0.09500550937740122, 1.3877787807814457e-17, -0.0475027546887006], [0.04750275468870062, 1.3877787807814457e-17, -0.09500550937740122]], [[-9.813666132296356e-20, -0.09500550937740124, 0.047502754688700626], [-0.047502754688700626, -0.09500550937740121, 0.0], [-1.3877787807814457e-17, -0.09500550937740122, -0.047502754688700584], [0.04750275468870058, -0.09500550937740124, -1.3877787807814457e-17]], [[-0.04750275468870061, -3.160850166206394e-17, 0.09500550937740124], [-2.3706376246547957e-17, -0.04750275468870063, 0.09500550937740124], [0.04750275468870061, 3.160850166206394e-17, 0.09500550937740124], [3.160850166206394e-17, 0.04750275468870061, 0.09500550937740124]], [[-0.0475027546887006, -2.7755575615628914e-17, -0.09500550937740122], [-0.09500550937740126, -4.0491993690809564e-18, -0.04750275468870061], [-0.09500550937740122, -0.04750275468870061, 1.3877787807814457e-17], [-0.047502754688700626, -0.09500550937740121, 0.0], [-1.3877787807814457e-17, -0.09500550937740122, -0.047502754688700584], [-2.7755575615628914e-17, -0.0475027546887006, -0.09500550937740122]], [[0.04750275468870058, -0.09500550937740124, -1.3877787807814457e-17], [0.09500550937740122, -0.04750275468870058, 0.0], [0.09500550937740122, 1.3877787807814457e-17, -0.0475027546887006], [0.04750275468870062, 1.3877787807814457e-17, -0.09500550937740122], [-2.7755575615628914e-17, -0.0475027546887006, -0.09500550937740122], [-1.3877787807814457e-17, -0.09500550937740122, -0.047502754688700584]], [[0.09500550937740122, 0.0, 0.047502754688700584], [0.04750275468870061, 3.160850166206394e-17, 0.09500550937740124], [-2.3706376246547957e-17, -0.04750275468870063, 0.09500550937740124], [-9.813666132296356e-20, -0.09500550937740124, 0.047502754688700626], [0.04750275468870058, -0.09500550937740124, -1.3877787807814457e-17], [0.09500550937740122, -0.04750275468870058, 0.0]], [[-0.04750275468870061, -3.160850166206394e-17, 0.09500550937740124], [3.160850166206394e-17, 0.04750275468870061, 0.09500550937740124], [8.00026207683895e-18, 0.09500550937740124, 0.047502754688700626], [-0.04750275468870058, 0.09500550937740124, -1.3877787807814457e-17], [-0.09500550937740124, 0.047502754688700626, 1.3877787807814457e-17], [-0.09500550937740122, -3.170663832338691e-17, 0.04750275468870064]], [[-0.09500550937740126, -4.0491993690809564e-18, -0.04750275468870061], [-0.09500550937740124, 0.047502754688700626, 1.3877787807814457e-17], [-0.04750275468870058, 0.09500550937740124, -1.3877787807814457e-17], [1.3877787807814457e-17, 0.09500550937740122, -0.04750275468870059], [2.7755575615628914e-17, 0.0475027546887006, -0.09500550937740122], [-0.0475027546887006, -2.7755575615628914e-17, -0.09500550937740122]], [[8.00026207683895e-18, 0.09500550937740124, 0.047502754688700626], [0.047502754688700626, 0.09500550937740121, -2.7755575615628914e-17], [0.09500550937740121, 0.047502754688700626, -2.7755575615628914e-17], [0.09500550937740122, 0.0, 0.047502754688700584], [0.04750275468870061, 3.160850166206394e-17, 0.09500550937740124], [3.160850166206394e-17, 0.04750275468870061, 0.09500550937740124]], [[0.09500550937740122, 0.0, 0.047502754688700584], [0.09500550937740122, -0.04750275468870058, 0.0], [0.09500550937740122, 1.3877787807814457e-17, -0.0475027546887006], [0.09500550937740121, 0.047502754688700626, -2.7755575615628914e-17]], [[8.00026207683895e-18, 0.09500550937740124, 0.047502754688700626], [0.047502754688700626, 0.09500550937740121, -2.7755575615628914e-17], [1.3877787807814457e-17, 0.09500550937740122, -0.04750275468870059], [-0.04750275468870058, 0.09500550937740124, -1.3877787807814457e-17]]]},