{"kpoints": {"K": [0.15266737042804834, 0.15266737042804834, 0.0], "L": [0.10177824695203223, 0.10177824695203223, 0.10177824695203223], "U": [0.050889123476016124, 0.20355649390406447, 0.050889123476016124], "W": [0.10177824695203222, 0.20355649390406447, 0.0], "X": [0.0, 0.20355649390406447, 0.0], "GAMMA": [0.0, 0.0, 0.0], "W_2": [1.3877787807814457e-17, 0.20355649390406444, 0.10177824695203223]}, "faces_data": {"triangles_vertices": [[-0.20355649390406447, -0.10177824695203222, 0.0], [0.0, -0.10177824695203222, -0.20355649390406447], [0.10177824695203222, 0.0, -0.20355649390406447], [-0.20355649390406447, 0.0, 0.10177824695203222], [-0.20355649390406447, 0.0, -0.10177824695203222], [-0.10177824695203222, 0.0, -0.20355649390406447], [-0.20355649390406447, 0.10177824695203222, 0.0], [0.0, 0.10177824695203222, -0.20355649390406447], [1.9281758829865387e-17, -0.20355649390406447, 0.10177824695203222], [-0.10177824695203222, -0.20355649390406447, -2.570901177315385e-17], [0.10177824695203222, -0.20355649390406447, 2.570901177315385e-17], [-1.9281758829865387e-17, -0.20355649390406447, -0.10177824695203222], [0.10177824695203222, 0.20355649390406447, -2.570901177315385e-17], [1.9281758829865387e-17, 0.20355649390406447, 0.10177824695203222], [1.9281758829865387e-17, 0.20355649390406447, -0.10177824695203222], [-0.10177824695203222, 0.20355649390406447, 2.570901177315385e-17], [0.20355649390406447, -0.10177824695203222, 2.570901177315385e-17], [0.20355649390406447, -1.9281758829865387e-17, 0.10177824695203222], [0.20355649390406447, 0.10177824695203222, -2.570901177315385e-17], [0.20355649390406447, 1.9281758829865387e-17, -0.10177824695203222], [1.2854505886576925e-17, -0.1017782469520322, 0.20355649390406447], [0.1017782469520322, -1.2854505886576925e-17, 0.20355649390406447], [1.2854505886576925e-17, 0.1017782469520322, 0.20355649390406447], [-0.1017782469520322, -1.2854505886576925e-17, 0.20355649390406447]], "triangles": [[5, 11, 9], [5, 9, 0], [0, 4, 5], [1, 11, 5], [2, 19, 10], [10, 11, 1], [1, 2, 10], [10, 19, 16], [3, 4, 0], [3, 6, 4], [7, 2, 1], [1, 5, 7], [18, 13, 22], [22, 21, 18], [18, 21, 17], [12, 13, 18], [16, 19, 18], [18, 17, 16], [9, 11, 8], [11, 10, 8], [17, 21, 20], [20, 10, 16], [16, 17, 20], [20, 8, 10], [14, 19, 2], [2, 7, 14], [14, 18, 19], [12, 18, 14], [14, 5, 4], [4, 6, 14], [14, 7, 5], [6, 15, 14], [14, 13, 12], [14, 15, 13], [6, 3, 23], [22, 13, 23], [13, 15, 23], [23, 15, 6], [0, 9, 23], [23, 3, 0], [9, 8, 23], [8, 20, 23], [23, 21, 22], [23, 20, 21]], "faces": [[[0.0, -0.10177824695203222, -0.20355649390406447], [-1.9281758829865387e-17, -0.20355649390406447, -0.10177824695203222], [-0.10177824695203222, -0.20355649390406447, -2.570901177315385e-17], [-0.20355649390406447, -0.10177824695203222, 0.0], [-0.20355649390406447, 0.0, -0.10177824695203222], [-0.10177824695203222, 0.0, -0.20355649390406447]], [[1.9281758829865387e-17, 0.20355649390406447, -0.10177824695203222], [-0.10177824695203222, 0.20355649390406447, 2.570901177315385e-17], [1.9281758829865387e-17, 0.20355649390406447, 0.10177824695203222], [0.10177824695203222, 0.20355649390406447, -2.570901177315385e-17]], [[-0.20355649390406447, 0.0, 0.10177824695203222], [-0.1017782469520322, -1.2854505886576925e-17, 0.20355649390406447], [1.2854505886576925e-17, 0.1017782469520322, 0.20355649390406447], [1.9281758829865387e-17, 0.20355649390406447, 0.10177824695203222], [-0.10177824695203222, 0.20355649390406447, 2.570901177315385e-17], [-0.20355649390406447, 0.10177824695203222, 0.0]], [[-1.9281758829865387e-17, -0.20355649390406447, -0.10177824695203222], [0.10177824695203222, -0.20355649390406447, 2.570901177315385e-17], [0.20355649390406447, -0.10177824695203222, 2.570901177315385e-17], [0.20355649390406447, 1.9281758829865387e-17, -0.10177824695203222], [0.10177824695203222, 0.0, -0.20355649390406447], [0.0, -0.10177824695203222, -0.20355649390406447]], [[-0.20355649390406447, -0.10177824695203222, 0.0], [-0.10177824695203222, -0.20355649390406447, -2.570901177315385e-17], [1.9281758829865387e-17, -0.20355649390406447, 0.10177824695203222], [1.2854505886576925e-17, -0.1017782469520322, 0.20355649390406447], [-0.1017782469520322, -1.2854505886576925e-17, 0.20355649390406447], [-0.20355649390406447, 0.0, 0.10177824695203222]], [[-0.20355649390406447, 0.0, 0.10177824695203222], [-0.20355649390406447, -0.10177824695203222, 0.0], [-0.20355649390406447, 0.0, -0.10177824695203222], [-0.20355649390406447, 0.10177824695203222, 0.0]], [[0.10177824695203222, 0.0, -0.20355649390406447], [0.0, -0.10177824695203222, -0.20355649390406447], [-0.10177824695203222, 0.0, -0.20355649390406447], [0.0, 0.10177824695203222, -0.20355649390406447]], [[0.10177824695203222, 0.20355649390406447, -2.570901177315385e-17], [0.20355649390406447, 0.10177824695203222, -2.570901177315385e-17], [0.20355649390406447, -1.9281758829865387e-17, 0.10177824695203222], [0.1017782469520322, -1.2854505886576925e-17, 0.20355649390406447], [1.2854505886576925e-17, 0.1017782469520322, 0.20355649390406447], [1.9281758829865387e-17, 0.20355649390406447, 0.10177824695203222]], [[0.20355649390406447, -1.9281758829865387e-17, 0.10177824695203222], [0.20355649390406447, -0.10177824695203222, 2.570901177315385e-17], [0.20355649390406447, 1.9281758829865387e-17, -0.10177824695203222], [0.20355649390406447, 0.10177824695203222, -2.570901177315385e-17]], [[-0.10177824695203222, -0.20355649390406447, -2.570901177315385e-17], [1.9281758829865387e-17, -0.20355649390406447, 0.10177824695203222], [0.10177824695203222, -0.20355649390406447, 2.570901177315385e-17], [-1.9281758829865387e-17, -0.20355649390406447, -0.10177824695203222]], [[1.9281758829865387e-17, -0.20355649390406447, 0.10177824695203222], [1.2854505886576925e-17, -0.1017782469520322, 0.20355649390406447], [0.1017782469520322, -1.2854505886576925e-17, 0.20355649390406447], [0.20355649390406447, -1.9281758829865387e-17, 0.10177824695203222], [0.20355649390406447, -0.10177824695203222, 2.570901177315385e-17], [0.10177824695203222, -0.20355649390406447, 2.570901177315385e-17]], [[0.10177824695203222, 0.0, -0.20355649390406447], [0.20355649390406447, 1.9281758829865387e-17, -0.10177824695203222], [0.20355649390406447, 0.10177824695203222, -2.570901177315385e-17], [0.10177824695203222, 0.20355649390406447, -2.570901177315385e-17], [1.9281758829865387e-17, 0.20355649390406447, -0.10177824695203222], [0.0, 0.10177824695203222, -0.20355649390406447]], [[-0.20355649390406447, 0.10177824695203222, 0.0], [-0.10177824695203222, 0.20355649390406447, 2.570901177315385e-17], [1.9281758829865387e-17, 0.20355649390406447, -0.10177824695203222], [0.0, 0.10177824695203222, -0.20355649390406447], [-0.10177824695203222, 0.0, -0.20355649390406447], [-0.20355649390406447, 0.0, -0.10177824695203222]], [[-0.1017782469520322, -1.2854505886576925e-17, 0.20355649390406447], [1.2854505886576925e-17, 0.1017782469520322, 0.20355649390406447], [0.1017782469520322, -1.2854505886576925e-17, 0.20355649390406447], [1.2854505886576925e-17, -0.1017782469520322, 0.20355649390406447]]]}, "b1": [-0.20355649390406447, 0.20355649390406447, 0.20355649390406447], "b2": [0.20355649390406447, -0.20355649390406447, 0.20355649390406447], "b3": [0.20355649390406447, 0.20355649390406447, -0.20355649390406447], "path": [["GAMMA", "X"], ["X", "U"], ["K", "GAMMA"], ["GAMMA", "L"], ["L", "W"], ["W", "X"]]}