{"kpoints": {"W'": [-0.0986769438994621, -0.19735388779892418, 0.0], "L'": [-0.09867694389946209, -0.09867694389946209, -0.09867694389946209], "K'": [-0.14801541584919314, -0.14801541584919314, 0.0], "K": [0.14801541584919314, 0.14801541584919314, 0.0], "L": [0.09867694389946209, 0.09867694389946209, 0.09867694389946209], "X'": [0.0, -0.19735388779892418, 0.0], "U": [0.04933847194973104, 0.19735388779892418, 0.04933847194973104], "W": [0.0986769438994621, 0.19735388779892418, 0.0], "W_2'": [1.3877787807814457e-17, -0.1973538877989242, -0.09867694389946209], "X": [0.0, 0.19735388779892418, 0.0], "U'": [-0.04933847194973104, -0.19735388779892418, -0.04933847194973104], "GAMMA": [0.0, 0.0, 0.0], "W_2": [-1.3877787807814457e-17, 0.1973538877989242, 0.09867694389946209]}, "faces_data": {"triangles_vertices": [[0.19735388779892418, -0.09867694389946212, 2.821000804844466e-17], [-0.09867694389946209, 0.19735388779892418, 0.0], [0.09867694389946212, -0.19735388779892418, 2.821000804844466e-17], [-2.821000804844466e-17, -0.19735388779892418, -0.09867694389946212], [-2.821000804844466e-17, -0.09867694389946212, -0.19735388779892418], [-0.09867694389946212, 2.821000804844466e-17, -0.19735388779892418], [0.0, 0.19735388779892418, 0.09867694389946209], [0.0, 0.09867694389946206, 0.1973538877989242], [0.09867694389946206, 0.0, 0.1973538877989242], [0.1973538877989242, 0.0, 0.09867694389946206], [-0.19735388779892418, 0.09867694389946212, -2.821000804844466e-17], [-0.19735388779892418, 2.821000804844466e-17, -0.09867694389946212], [0.0, 0.19735388779892418, -0.09867694389946209], [0.0, 0.09867694389946206, -0.1973538877989242], [0.19735388779892418, 0.09867694389946209, 0.0], [0.09867694389946209, 0.19735388779892418, 0.0], [0.1973538877989242, 0.0, -0.09867694389946206], [0.09867694389946206, 0.0, -0.1973538877989242], [-0.09867694389946206, 0.0, 0.1973538877989242], [-0.1973538877989242, 0.0, 0.09867694389946206], [-0.09867694389946206, -0.1973538877989242, 0.0], [-0.1973538877989242, -0.09867694389946206, 0.0], [0.0, -0.09867694389946206, 0.1973538877989242], [0.0, -0.1973538877989242, 0.09867694389946206]], "triangles": [[23, 21, 20], [22, 18, 23], [23, 18, 19], [19, 21, 23], [12, 1, 6], [6, 15, 12], [19, 18, 10], [6, 1, 10], [18, 7, 10], [10, 7, 6], [10, 5, 11], [13, 5, 10], [1, 12, 10], [10, 12, 13], [10, 21, 19], [11, 21, 10], [20, 21, 3], [3, 21, 11], [3, 5, 4], [11, 5, 3], [9, 0, 16], [16, 14, 9], [8, 14, 15], [8, 15, 6], [9, 14, 8], [6, 7, 8], [8, 18, 22], [8, 7, 18], [22, 23, 2], [2, 8, 22], [2, 0, 9], [9, 8, 2], [2, 23, 20], [20, 3, 2], [17, 3, 4], [17, 2, 3], [17, 16, 0], [0, 2, 17], [17, 12, 15], [15, 14, 17], [13, 12, 17], [14, 16, 17], [17, 5, 13], [4, 5, 17]], "faces": [[[-0.09867694389946206, -0.1973538877989242, 0.0], [-0.1973538877989242, -0.09867694389946206, 0.0], [-0.1973538877989242, 0.0, 0.09867694389946206], [-0.09867694389946206, 0.0, 0.1973538877989242], [0.0, -0.09867694389946206, 0.1973538877989242], [0.0, -0.1973538877989242, 0.09867694389946206]], [[-2.821000804844466e-17, -0.19735388779892418, -0.09867694389946212], [0.09867694389946212, -0.19735388779892418, 2.821000804844466e-17], [0.0, -0.1973538877989242, 0.09867694389946206], [-0.09867694389946206, -0.1973538877989242, 0.0]], [[0.19735388779892418, -0.09867694389946212, 2.821000804844466e-17], [0.1973538877989242, 0.0, -0.09867694389946206], [0.09867694389946206, 0.0, -0.1973538877989242], [-2.821000804844466e-17, -0.09867694389946212, -0.19735388779892418], [-2.821000804844466e-17, -0.19735388779892418, -0.09867694389946212], [0.09867694389946212, -0.19735388779892418, 2.821000804844466e-17]], [[0.0, 0.19735388779892418, 0.09867694389946209], [-0.09867694389946209, 0.19735388779892418, 0.0], [0.0, 0.19735388779892418, -0.09867694389946209], [0.09867694389946209, 0.19735388779892418, 0.0]], [[0.1973538877989242, 0.0, -0.09867694389946206], [0.09867694389946206, 0.0, -0.1973538877989242], [0.0, 0.09867694389946206, -0.1973538877989242], [0.0, 0.19735388779892418, -0.09867694389946209], [0.09867694389946209, 0.19735388779892418, 0.0], [0.19735388779892418, 0.09867694389946209, 0.0]], [[-0.09867694389946206, 0.0, 0.1973538877989242], [0.0, 0.09867694389946206, 0.1973538877989242], [0.0, 0.19735388779892418, 0.09867694389946209], [-0.09867694389946209, 0.19735388779892418, 0.0], [-0.19735388779892418, 0.09867694389946212, -2.821000804844466e-17], [-0.1973538877989242, 0.0, 0.09867694389946206]], [[0.0, 0.19735388779892418, -0.09867694389946209], [-0.09867694389946209, 0.19735388779892418, 0.0], [-0.19735388779892418, 0.09867694389946212, -2.821000804844466e-17], [-0.19735388779892418, 2.821000804844466e-17, -0.09867694389946212], [-0.09867694389946212, 2.821000804844466e-17, -0.19735388779892418], [0.0, 0.09867694389946206, -0.1973538877989242]], [[-0.19735388779892418, 2.821000804844466e-17, -0.09867694389946212], [-0.19735388779892418, 0.09867694389946212, -2.821000804844466e-17], [-0.1973538877989242, 0.0, 0.09867694389946206], [-0.1973538877989242, -0.09867694389946206, 0.0]], [[-0.09867694389946206, -0.1973538877989242, 0.0], [-0.1973538877989242, -0.09867694389946206, 0.0], [-0.19735388779892418, 2.821000804844466e-17, -0.09867694389946212], [-0.09867694389946212, 2.821000804844466e-17, -0.19735388779892418], [-2.821000804844466e-17, -0.09867694389946212, -0.19735388779892418], [-2.821000804844466e-17, -0.19735388779892418, -0.09867694389946212]], [[0.19735388779892418, -0.09867694389946212, 2.821000804844466e-17], [0.1973538877989242, 0.0, -0.09867694389946206], [0.19735388779892418, 0.09867694389946209, 0.0], [0.1973538877989242, 0.0, 0.09867694389946206]], [[0.1973538877989242, 0.0, 0.09867694389946206], [0.09867694389946206, 0.0, 0.1973538877989242], [0.0, 0.09867694389946206, 0.1973538877989242], [0.0, 0.19735388779892418, 0.09867694389946209], [0.09867694389946209, 0.19735388779892418, 0.0], [0.19735388779892418, 0.09867694389946209, 0.0]], [[0.09867694389946206, 0.0, 0.1973538877989242], [0.0, 0.09867694389946206, 0.1973538877989242], [-0.09867694389946206, 0.0, 0.1973538877989242], [0.0, -0.09867694389946206, 0.1973538877989242]], [[0.1973538877989242, 0.0, 0.09867694389946206], [0.09867694389946206, 0.0, 0.1973538877989242], [0.0, -0.09867694389946206, 0.1973538877989242], [0.0, -0.1973538877989242, 0.09867694389946206], [0.09867694389946212, -0.19735388779892418, 2.821000804844466e-17], [0.19735388779892418, -0.09867694389946212, 2.821000804844466e-17]], [[-0.09867694389946212, 2.821000804844466e-17, -0.19735388779892418], [-2.821000804844466e-17, -0.09867694389946212, -0.19735388779892418], [0.09867694389946206, 0.0, -0.1973538877989242], [0.0, 0.09867694389946206, -0.1973538877989242]]]}, "b1": [-0.19735388779892418, 0.19735388779892418, 0.19735388779892418], "b2": [0.19735388779892418, -0.19735388779892418, 0.19735388779892418], "b3": [0.19735388779892418, 0.19735388779892418, -0.19735388779892418], "path": [["GAMMA", "X"], ["X", "U"], ["K", "GAMMA"], ["GAMMA", "L"], ["L", "W"], ["W", "X"], ["GAMMA", "X'"], ["X'", "U'"], ["K'", "GAMMA"], ["GAMMA", "L'"], ["L'", "W'"], ["W'", "X'"]]}