{"kpoints": {"H": [0.0, 0.17872701413015118, 0.0], "N'": [-0.08936350706507559, -0.08936350706507559, -0.0], "P": [0.08936350706507559, 0.08936350706507559, 0.08936350706507559], "P'": [-0.08936350706507559, -0.08936350706507559, -0.08936350706507559], "N": [0.08936350706507559, 0.08936350706507559, 0.0], "H'": [0.0, -0.17872701413015118, 0.0], "GAMMA": [0.0, 0.0, 0.0]}, "faces_data": {"triangles_vertices": [[-0.0893635070650756, 0.08936350706507558, -0.0893635070650756], [-0.0893635070650756, -0.08936350706507558, -0.0893635070650756], [0.0893635070650756, -0.08936350706507558, -0.0893635070650756], [-2.7755575615628914e-17, 0.0, -0.17872701413015118], [-0.0893635070650756, 0.08936350706507558, 0.0893635070650756], [-0.1787270141301512, 0.0, 0.0], [0.0893635070650756, 0.0893635070650756, -0.08936350706507558], [0.0893635070650756, 0.0893635070650756, 0.08936350706507558], [-2.7755575615628914e-17, 0.17872701413015118, 0.0], [0.17872701413015116, 0.0, 0.0], [-0.08936350706507558, -0.0893635070650756, 0.0893635070650756], [0.08936350706507558, -0.0893635070650756, 0.0893635070650756], [-2.7755575615628914e-17, 0.0, 0.17872701413015118], [-2.7755575615628914e-17, -0.17872701413015118, 0.0]], "triangles": [[7, 4, 12], [8, 4, 7], [0, 4, 8], [5, 4, 0], [8, 7, 6], [6, 7, 9], [6, 0, 8], [3, 0, 6], [9, 7, 11], [11, 7, 12], [10, 4, 5], [12, 4, 10], [10, 11, 12], [13, 11, 10], [1, 0, 3], [5, 0, 1], [1, 10, 5], [13, 10, 1], [3, 6, 2], [2, 6, 9], [9, 11, 2], [2, 11, 13], [2, 1, 3], [13, 1, 2]], "faces": [[[-2.7755575615628914e-17, 0.0, 0.17872701413015118], [-0.0893635070650756, 0.08936350706507558, 0.0893635070650756], [-2.7755575615628914e-17, 0.17872701413015118, 0.0], [0.0893635070650756, 0.0893635070650756, 0.08936350706507558]], [[-2.7755575615628914e-17, 0.17872701413015118, 0.0], [-0.0893635070650756, 0.08936350706507558, -0.0893635070650756], [-0.1787270141301512, 0.0, 0.0], [-0.0893635070650756, 0.08936350706507558, 0.0893635070650756]], [[0.0893635070650756, 0.0893635070650756, -0.08936350706507558], [-2.7755575615628914e-17, 0.17872701413015118, 0.0], [0.0893635070650756, 0.0893635070650756, 0.08936350706507558], [0.17872701413015116, 0.0, 0.0]], [[-2.7755575615628914e-17, 0.17872701413015118, 0.0], [0.0893635070650756, 0.0893635070650756, -0.08936350706507558], [-2.7755575615628914e-17, 0.0, -0.17872701413015118], [-0.0893635070650756, 0.08936350706507558, -0.0893635070650756]], [[0.0893635070650756, 0.0893635070650756, 0.08936350706507558], [-2.7755575615628914e-17, 0.0, 0.17872701413015118], [0.08936350706507558, -0.0893635070650756, 0.0893635070650756], [0.17872701413015116, 0.0, 0.0]], [[-2.7755575615628914e-17, 0.0, 0.17872701413015118], [-0.08936350706507558, -0.0893635070650756, 0.0893635070650756], [-0.1787270141301512, 0.0, 0.0], [-0.0893635070650756, 0.08936350706507558, 0.0893635070650756]], [[-0.08936350706507558, -0.0893635070650756, 0.0893635070650756], [-2.7755575615628914e-17, 0.0, 0.17872701413015118], [0.08936350706507558, -0.0893635070650756, 0.0893635070650756], [-2.7755575615628914e-17, -0.17872701413015118, 0.0]], [[-0.1787270141301512, 0.0, 0.0], [-0.0893635070650756, 0.08936350706507558, -0.0893635070650756], [-2.7755575615628914e-17, 0.0, -0.17872701413015118], [-0.0893635070650756, -0.08936350706507558, -0.0893635070650756]], [[-0.0893635070650756, -0.08936350706507558, -0.0893635070650756], [-2.7755575615628914e-17, -0.17872701413015118, 0.0], [-0.08936350706507558, -0.0893635070650756, 0.0893635070650756], [-0.1787270141301512, 0.0, 0.0]], [[0.17872701413015116, 0.0, 0.0], [0.0893635070650756, 0.0893635070650756, -0.08936350706507558], [-2.7755575615628914e-17, 0.0, -0.17872701413015118], [0.0893635070650756, -0.08936350706507558, -0.0893635070650756]], [[0.0893635070650756, -0.08936350706507558, -0.0893635070650756], [-2.7755575615628914e-17, -0.17872701413015118, 0.0], [0.08936350706507558, -0.0893635070650756, 0.0893635070650756], [0.17872701413015116, 0.0, 0.0]], [[-2.7755575615628914e-17, -0.17872701413015118, 0.0], [-0.0893635070650756, -0.08936350706507558, -0.0893635070650756], [-2.7755575615628914e-17, 0.0, -0.17872701413015118], [0.0893635070650756, -0.08936350706507558, -0.0893635070650756]]]}, "b1": [-0.0, 0.17872701413015118, 0.17872701413015118], "b2": [0.17872701413015118, 0.0, 0.17872701413015118], "b3": [0.17872701413015118, 0.17872701413015118, 0.0], "path": [["GAMMA", "H"], ["H", "N"], ["N", "GAMMA"], ["GAMMA", "P"], ["P", "H"], ["P", "N"], ["GAMMA", "H'"], ["H'", "N'"], ["N'", "GAMMA"], ["GAMMA", "P'"], ["P'", "H'"], ["P'", "N'"]]}