{"kpoints": {"H": [0.0, 0.19185204775268838, 0.0], "N": [0.09592602387634419, 0.09592602387634419, 0.0], "GAMMA": [0.0, 0.0, 0.0], "P": [0.09592602387634419, 0.09592602387634419, 0.09592602387634419]}, "faces_data": {"triangles_vertices": [[-0.09592602387634419, 0.09592602387634416, 0.09592602387634419], [0.09592602387634419, 0.09592602387634419, -0.09592602387634416], [0.0, 0.1918520477526884, 3.070725190378596e-17], [-0.09592602387634422, -0.09592602387634419, 0.09592602387634419], [-0.09592602387634419, 0.09592602387634416, -0.09592602387634419], [-0.09592602387634422, -0.09592602387634419, -0.09592602387634419], [0.0, 3.070725190378596e-17, -0.19185204775268835], [-0.19185204775268838, 3.070725190378596e-17, 3.070725190378596e-17], [0.09592602387634422, 0.09592602387634419, 0.09592602387634419], [0.0, 3.070725190378596e-17, 0.1918520477526884], [0.09592602387634419, -0.09592602387634422, -0.09592602387634419], [0.09592602387634422, -0.09592602387634419, 0.09592602387634419], [0.0, -0.19185204775268835, 3.070725190378596e-17], [0.19185204775268838, 3.070725190378596e-17, -3.070725190378596e-17]], "triangles": [[8, 0, 9], [2, 0, 8], [9, 0, 3], [3, 0, 7], [11, 8, 9], [13, 8, 11], [9, 3, 11], [11, 3, 12], [1, 8, 13], [2, 8, 1], [7, 0, 4], [4, 0, 2], [2, 1, 4], [4, 1, 6], [12, 3, 5], [5, 3, 7], [7, 4, 5], [5, 4, 6], [10, 11, 12], [13, 11, 10], [10, 1, 13], [6, 1, 10], [12, 5, 10], [10, 5, 6]], "faces": [[[0.0, 3.070725190378596e-17, 0.1918520477526884], [0.09592602387634422, 0.09592602387634419, 0.09592602387634419], [0.0, 0.1918520477526884, 3.070725190378596e-17], [-0.09592602387634419, 0.09592602387634416, 0.09592602387634419]], [[0.0, 3.070725190378596e-17, 0.1918520477526884], [-0.09592602387634419, 0.09592602387634416, 0.09592602387634419], [-0.19185204775268838, 3.070725190378596e-17, 3.070725190378596e-17], [-0.09592602387634422, -0.09592602387634419, 0.09592602387634419]], [[0.19185204775268838, 3.070725190378596e-17, -3.070725190378596e-17], [0.09592602387634422, -0.09592602387634419, 0.09592602387634419], [0.0, 3.070725190378596e-17, 0.1918520477526884], [0.09592602387634422, 0.09592602387634419, 0.09592602387634419]], [[-0.09592602387634422, -0.09592602387634419, 0.09592602387634419], [0.0, -0.19185204775268835, 3.070725190378596e-17], [0.09592602387634422, -0.09592602387634419, 0.09592602387634419], [0.0, 3.070725190378596e-17, 0.1918520477526884]], [[0.19185204775268838, 3.070725190378596e-17, -3.070725190378596e-17], [0.09592602387634422, 0.09592602387634419, 0.09592602387634419], [0.0, 0.1918520477526884, 3.070725190378596e-17], [0.09592602387634419, 0.09592602387634419, -0.09592602387634416]], [[-0.19185204775268838, 3.070725190378596e-17, 3.070725190378596e-17], [-0.09592602387634419, 0.09592602387634416, -0.09592602387634419], [0.0, 0.1918520477526884, 3.070725190378596e-17], [-0.09592602387634419, 0.09592602387634416, 0.09592602387634419]], [[0.09592602387634419, 0.09592602387634419, -0.09592602387634416], [0.0, 3.070725190378596e-17, -0.19185204775268835], [-0.09592602387634419, 0.09592602387634416, -0.09592602387634419], [0.0, 0.1918520477526884, 3.070725190378596e-17]], [[0.0, -0.19185204775268835, 3.070725190378596e-17], [-0.09592602387634422, -0.09592602387634419, 0.09592602387634419], [-0.19185204775268838, 3.070725190378596e-17, 3.070725190378596e-17], [-0.09592602387634422, -0.09592602387634419, -0.09592602387634419]], [[-0.19185204775268838, 3.070725190378596e-17, 3.070725190378596e-17], [-0.09592602387634419, 0.09592602387634416, -0.09592602387634419], [0.0, 3.070725190378596e-17, -0.19185204775268835], [-0.09592602387634422, -0.09592602387634419, -0.09592602387634419]], [[0.19185204775268838, 3.070725190378596e-17, -3.070725190378596e-17], [0.09592602387634419, -0.09592602387634422, -0.09592602387634419], [0.0, -0.19185204775268835, 3.070725190378596e-17], [0.09592602387634422, -0.09592602387634419, 0.09592602387634419]], [[0.19185204775268838, 3.070725190378596e-17, -3.070725190378596e-17], [0.09592602387634419, -0.09592602387634422, -0.09592602387634419], [0.0, 3.070725190378596e-17, -0.19185204775268835], [0.09592602387634419, 0.09592602387634419, -0.09592602387634416]], [[-0.09592602387634422, -0.09592602387634419, -0.09592602387634419], [0.0, -0.19185204775268835, 3.070725190378596e-17], [0.09592602387634419, -0.09592602387634422, -0.09592602387634419], [0.0, 3.070725190378596e-17, -0.19185204775268835]]]}, "b1": [-0.0, 0.19185204775268838, 0.19185204775268838], "b2": [0.19185204775268838, 0.0, 0.19185204775268838], "b3": [0.19185204775268838, 0.19185204775268838, 0.0], "path": [["GAMMA", "H"], ["H", "N"], ["N", "GAMMA"], ["GAMMA", "P"], ["P", "H"], ["P", "N"]]}