{"kpoints": {"M'": [-0.09392630348740193, -0.09392630348740193, -0.0], "M": [0.09392630348740193, 0.09392630348740193, 0.0], "X'": [-0.0, -0.09392630348740193, -0.0], "R'": [-0.09392630348740193, -0.09392630348740193, -0.09392630348740193], "R": [0.09392630348740193, 0.09392630348740193, 0.09392630348740193], "X_1": [0.09392630348740193, 0.0, 0.0], "X": [0.0, 0.09392630348740193, 0.0], "GAMMA": [0.0, 0.0, 0.0], "X_1'": [-0.09392630348740193, -0.0, -0.0]}, "faces_data": {"triangles_vertices": [[0.09392630348740191, 0.09392630348740191, 0.09392630348740191], [0.09392630348740191, -0.09392630348740191, 0.09392630348740194], [-0.09392630348740194, -0.09392630348740194, 0.09392630348740194], [-0.09392630348740194, 0.09392630348740194, 0.09392630348740194], [-0.09392630348740194, 0.09392630348740197, -0.09392630348740191], [0.09392630348740191, 0.09392630348740191, -0.09392630348740194], [0.09392630348740191, -0.09392630348740194, -0.09392630348740194], [-0.09392630348740194, -0.09392630348740197, -0.09392630348740191]], "triangles": [[3, 1, 0], [2, 1, 3], [4, 7, 3], [3, 7, 2], [4, 3, 5], [5, 3, 0], [2, 7, 6], [6, 1, 2], [6, 7, 4], [4, 5, 6], [0, 1, 6], [6, 5, 0]], "faces": [[[-0.09392630348740194, 0.09392630348740194, 0.09392630348740194], [-0.09392630348740194, -0.09392630348740194, 0.09392630348740194], [0.09392630348740191, -0.09392630348740191, 0.09392630348740194], [0.09392630348740191, 0.09392630348740191, 0.09392630348740191]], [[-0.09392630348740194, -0.09392630348740197, -0.09392630348740191], [-0.09392630348740194, 0.09392630348740197, -0.09392630348740191], [-0.09392630348740194, 0.09392630348740194, 0.09392630348740194], [-0.09392630348740194, -0.09392630348740194, 0.09392630348740194]], [[0.09392630348740191, 0.09392630348740191, 0.09392630348740191], [0.09392630348740191, 0.09392630348740191, -0.09392630348740194], [-0.09392630348740194, 0.09392630348740197, -0.09392630348740191], [-0.09392630348740194, 0.09392630348740194, 0.09392630348740194]], [[-0.09392630348740194, -0.09392630348740194, 0.09392630348740194], [0.09392630348740191, -0.09392630348740191, 0.09392630348740194], [0.09392630348740191, -0.09392630348740194, -0.09392630348740194], [-0.09392630348740194, -0.09392630348740197, -0.09392630348740191]], [[-0.09392630348740194, 0.09392630348740197, -0.09392630348740191], [-0.09392630348740194, -0.09392630348740197, -0.09392630348740191], [0.09392630348740191, -0.09392630348740194, -0.09392630348740194], [0.09392630348740191, 0.09392630348740191, -0.09392630348740194]], [[0.09392630348740191, 0.09392630348740191, -0.09392630348740194], [0.09392630348740191, -0.09392630348740194, -0.09392630348740194], [0.09392630348740191, -0.09392630348740191, 0.09392630348740194], [0.09392630348740191, 0.09392630348740191, 0.09392630348740191]]]}, "b1": [0.18785260697480385, 0.0, 0.0], "b2": [0.0, 0.18785260697480385, 0.0], "b3": [0.0, 0.0, 0.18785260697480385], "path": [["GAMMA", "X"], ["X", "M"], ["M", "GAMMA"], ["GAMMA", "R"], ["R", "X"], ["R", "M"], ["M", "X_1"], ["GAMMA", "X'"], ["X'", "M'"], ["M'", "GAMMA"], ["GAMMA", "R'"], ["R'", "X'"], ["R'", "M'"], ["M'", "X_1'"]]}