{"kpoints": {"X": [0.0, 0.08329748209703879, 0.0], "R": [0.08329748209703879, 0.08329748209703879, 0.08329748209703879], "M": [0.08329748209703879, 0.08329748209703879, 0.0], "GAMMA": [0.0, 0.0, 0.0], "X_1": [0.08329748209703879, 0.0, 0.0]}, "faces_data": {"triangles_vertices": [[-0.08329748209703879, -0.08329748209703879, -0.08329748209703879], [0.08329748209703879, 0.08329748209703879, -0.08329748209703879], [-0.08329748209703879, 0.08329748209703879, -0.08329748209703879], [-0.08329748209703879, -0.08329748209703879, 0.08329748209703879], [-0.08329748209703879, 0.08329748209703879, 0.08329748209703879], [0.08329748209703879, -0.08329748209703879, -0.08329748209703879], [0.08329748209703879, -0.08329748209703879, 0.0832974820970388], [0.08329748209703879, 0.08329748209703879, 0.08329748209703879]], "triangles": [[1, 5, 2], [2, 5, 0], [0, 5, 3], [3, 5, 6], [3, 2, 0], [4, 2, 3], [7, 5, 1], [6, 5, 7], [1, 2, 7], [7, 2, 4], [7, 3, 6], [4, 3, 7]], "faces": [[[0.08329748209703879, -0.08329748209703879, -0.08329748209703879], [-0.08329748209703879, -0.08329748209703879, -0.08329748209703879], [-0.08329748209703879, 0.08329748209703879, -0.08329748209703879], [0.08329748209703879, 0.08329748209703879, -0.08329748209703879]], [[-0.08329748209703879, -0.08329748209703879, -0.08329748209703879], [0.08329748209703879, -0.08329748209703879, -0.08329748209703879], [0.08329748209703879, -0.08329748209703879, 0.0832974820970388], [-0.08329748209703879, -0.08329748209703879, 0.08329748209703879]], [[-0.08329748209703879, 0.08329748209703879, -0.08329748209703879], [-0.08329748209703879, -0.08329748209703879, -0.08329748209703879], [-0.08329748209703879, -0.08329748209703879, 0.08329748209703879], [-0.08329748209703879, 0.08329748209703879, 0.08329748209703879]], [[0.08329748209703879, -0.08329748209703879, -0.08329748209703879], [0.08329748209703879, 0.08329748209703879, -0.08329748209703879], [0.08329748209703879, 0.08329748209703879, 0.08329748209703879], [0.08329748209703879, -0.08329748209703879, 0.0832974820970388]], [[-0.08329748209703879, 0.08329748209703879, -0.08329748209703879], [0.08329748209703879, 0.08329748209703879, -0.08329748209703879], [0.08329748209703879, 0.08329748209703879, 0.08329748209703879], [-0.08329748209703879, 0.08329748209703879, 0.08329748209703879]], [[-0.08329748209703879, 0.08329748209703879, 0.08329748209703879], [-0.08329748209703879, -0.08329748209703879, 0.08329748209703879], [0.08329748209703879, -0.08329748209703879, 0.0832974820970388], [0.08329748209703879, 0.08329748209703879, 0.08329748209703879]]]}, "b1": [0.16659496419407757, 0.0, 0.0], "b2": [0.0, 0.16659496419407757, 0.0], "b3": [0.0, 0.0, 0.16659496419407757], "path": [["GAMMA", "X"], ["X", "M"], ["M", "GAMMA"], ["GAMMA", "R"], ["R", "X"], ["R", "M"], ["M", "X_1"]]}