{"kpoints": {"M'": [-0.07477834505810174, -0.07477834505810174, -0.0], "M": [0.07477834505810174, 0.07477834505810174, 0.0], "X'": [-0.0, -0.07477834505810174, -0.0], "R'": [-0.07477834505810174, -0.07477834505810174, -0.07477834505810174], "R": [0.07477834505810174, 0.07477834505810174, 0.07477834505810174], "X_1": [0.07477834505810174, 0.0, 0.0], "X": [0.0, 0.07477834505810174, 0.0], "GAMMA": [0.0, 0.0, 0.0], "X_1'": [-0.07477834505810174, -0.0, -0.0]}, "faces_data": {"triangles_vertices": [[-0.07477834505810174, -0.07477834505810177, -0.07477834505810174], [0.07477834505810174, -0.07477834505810174, -0.07477834505810174], [0.07477834505810174, 0.07477834505810174, -0.07477834505810174], [-0.07477834505810174, 0.07477834505810174, -0.07477834505810177], [-0.07477834505810174, -0.07477834505810174, 0.07477834505810171], [-0.07477834505810174, 0.07477834505810174, 0.07477834505810174], [0.07477834505810174, -0.07477834505810174, 0.07477834505810174], [0.07477834505810174, 0.07477834505810174, 0.07477834505810174]], "triangles": [[5, 3, 4], [4, 3, 0], [1, 6, 4], [0, 1, 4], [2, 1, 0], [0, 3, 2], [7, 4, 6], [5, 4, 7], [7, 3, 5], [7, 2, 3], [7, 6, 1], [1, 2, 7]], "faces": [[[-0.07477834505810174, 0.07477834505810174, -0.07477834505810177], [-0.07477834505810174, -0.07477834505810177, -0.07477834505810174], [-0.07477834505810174, -0.07477834505810174, 0.07477834505810171], [-0.07477834505810174, 0.07477834505810174, 0.07477834505810174]], [[0.07477834505810174, -0.07477834505810174, -0.07477834505810174], [-0.07477834505810174, -0.07477834505810177, -0.07477834505810174], [-0.07477834505810174, -0.07477834505810174, 0.07477834505810171], [0.07477834505810174, -0.07477834505810174, 0.07477834505810174]], [[-0.07477834505810174, -0.07477834505810177, -0.07477834505810174], [-0.07477834505810174, 0.07477834505810174, -0.07477834505810177], [0.07477834505810174, 0.07477834505810174, -0.07477834505810174], [0.07477834505810174, -0.07477834505810174, -0.07477834505810174]], [[-0.07477834505810174, 0.07477834505810174, 0.07477834505810174], [-0.07477834505810174, -0.07477834505810174, 0.07477834505810171], [0.07477834505810174, -0.07477834505810174, 0.07477834505810174], [0.07477834505810174, 0.07477834505810174, 0.07477834505810174]], [[0.07477834505810174, 0.07477834505810174, 0.07477834505810174], [-0.07477834505810174, 0.07477834505810174, 0.07477834505810174], [-0.07477834505810174, 0.07477834505810174, -0.07477834505810177], [0.07477834505810174, 0.07477834505810174, -0.07477834505810174]], [[0.07477834505810174, 0.07477834505810174, -0.07477834505810174], [0.07477834505810174, -0.07477834505810174, -0.07477834505810174], [0.07477834505810174, -0.07477834505810174, 0.07477834505810174], [0.07477834505810174, 0.07477834505810174, 0.07477834505810174]]]}, "b1": [0.14955669011620348, 0.0, 0.0], "b2": [0.0, 0.14955669011620348, 0.0], "b3": [0.0, 0.0, 0.14955669011620348], "path": [["GAMMA", "X"], ["X", "M"], ["M", "GAMMA"], ["GAMMA", "R"], ["R", "X"], ["R", "M"], ["GAMMA", "X'"], ["X'", "M'"], ["M'", "GAMMA"], ["GAMMA", "R'"], ["R'", "X'"], ["R'", "M'"]]}