{"kpoints": {"X": [0.0, 0.17524648637366563, 0.0], "R": [0.17524648637366563, 0.17524648637366563, 0.17524648637366563], "M": [0.17524648637366563, 0.17524648637366563, 0.0], "GAMMA": [0.0, 0.0, 0.0], "X_1": [0.17524648637366563, 0.0, 0.0]}, "faces_data": {"triangles_vertices": [[-0.1752464863736657, -0.17524648637366563, 0.17524648637366563], [0.1752464863736656, -0.17524648637366563, 0.17524648637366566], [0.1752464863736656, -0.1752464863736656, -0.17524648637366566], [-0.17524648637366566, -0.17524648637366563, -0.17524648637366563], [-0.17524648637366566, 0.1752464863736656, -0.17524648637366566], [0.1752464863736656, 0.1752464863736656, 0.17524648637366566], [-0.17524648637366563, 0.17524648637366563, 0.17524648637366558], [0.17524648637366563, 0.1752464863736656, -0.17524648637366558]], "triangles": [[7, 4, 5], [5, 4, 6], [0, 1, 5], [5, 6, 0], [2, 5, 1], [7, 5, 2], [0, 6, 3], [6, 4, 3], [3, 1, 0], [3, 2, 1], [3, 4, 7], [7, 2, 3]], "faces": [[[0.17524648637366563, 0.1752464863736656, -0.17524648637366558], [-0.17524648637366566, 0.1752464863736656, -0.17524648637366566], [-0.17524648637366563, 0.17524648637366563, 0.17524648637366558], [0.1752464863736656, 0.1752464863736656, 0.17524648637366566]], [[0.1752464863736656, -0.17524648637366563, 0.17524648637366566], [-0.1752464863736657, -0.17524648637366563, 0.17524648637366563], [-0.17524648637366563, 0.17524648637366563, 0.17524648637366558], [0.1752464863736656, 0.1752464863736656, 0.17524648637366566]], [[0.1752464863736656, -0.1752464863736656, -0.17524648637366566], [0.1752464863736656, -0.17524648637366563, 0.17524648637366566], [0.1752464863736656, 0.1752464863736656, 0.17524648637366566], [0.17524648637366563, 0.1752464863736656, -0.17524648637366558]], [[-0.1752464863736657, -0.17524648637366563, 0.17524648637366563], [-0.17524648637366563, 0.17524648637366563, 0.17524648637366558], [-0.17524648637366566, 0.1752464863736656, -0.17524648637366566], [-0.17524648637366566, -0.17524648637366563, -0.17524648637366563]], [[0.1752464863736656, -0.17524648637366563, 0.17524648637366566], [-0.1752464863736657, -0.17524648637366563, 0.17524648637366563], [-0.17524648637366566, -0.17524648637366563, -0.17524648637366563], [0.1752464863736656, -0.1752464863736656, -0.17524648637366566]], [[-0.17524648637366566, -0.17524648637366563, -0.17524648637366563], [0.1752464863736656, -0.1752464863736656, -0.17524648637366566], [0.17524648637366563, 0.1752464863736656, -0.17524648637366558], [-0.17524648637366566, 0.1752464863736656, -0.17524648637366566]]]}, "b1": [0.35049297274733127, 0.0, 0.0], "b2": [0.0, 0.35049297274733127, 0.0], "b3": [0.0, 0.0, 0.35049297274733127], "path": [["GAMMA", "X"], ["X", "M"], ["M", "GAMMA"], ["GAMMA", "R"], ["R", "X"], ["R", "M"]]}