{"kpoints": {"A": [0.0, 0.0, 0.10526960959208344], "H_2": [0.06519008174517921, 0.1129125337322188, -0.10526960959208344], "H": [0.06519008174517921, 0.1129125337322188, 0.10526960959208344], "K": [0.06519008174517921, 0.1129125337322188, 0.0], "M": [0.09778512261776882, 0.056456266866109404, 0.0], "L": [0.09778512261776882, 0.056456266866109404, 0.10526960959208344], "GAMMA": [0.0, 0.0, 0.0]}, "faces_data": {"triangles_vertices": [[0.06519008174517921, 0.11291253373221881, 0.10526960959208345], [-0.06519008174517921, -0.11291253373221882, 0.10526960959208342], [0.06519008174517917, -0.11291253373221881, 0.10526960959208345], [0.13038016349035844, 0.0, 0.10526960959208342], [0.13038016349035844, 0.0, -0.10526960959208342], [0.06519008174517921, -0.11291253373221881, -0.10526960959208348], [-0.06519008174517921, -0.11291253373221881, -0.10526960959208342], [-0.13038016349035847, 0.0, -0.10526960959208345], [0.06519008174517921, 0.11291253373221881, -0.10526960959208342], [-0.06519008174517921, 0.11291253373221882, -0.10526960959208345], [-0.06519008174517921, 0.11291253373221882, 0.10526960959208342], [-0.13038016349035844, 0.0, 0.10526960959208342]], "triangles": [[5, 4, 2], [2, 4, 3], [6, 2, 1], [5, 2, 6], [1, 2, 11], [11, 0, 10], [3, 0, 11], [11, 2, 3], [11, 9, 7], [11, 10, 9], [7, 6, 11], [11, 6, 1], [8, 4, 5], [5, 6, 8], [7, 9, 8], [8, 6, 7], [10, 0, 8], [9, 10, 8], [8, 0, 3], [3, 4, 8]], "faces": [[[0.06519008174517917, -0.11291253373221881, 0.10526960959208345], [0.06519008174517921, -0.11291253373221881, -0.10526960959208348], [0.13038016349035844, 0.0, -0.10526960959208342], [0.13038016349035844, 0.0, 0.10526960959208342]], [[-0.06519008174517921, -0.11291253373221881, -0.10526960959208342], [0.06519008174517921, -0.11291253373221881, -0.10526960959208348], [0.06519008174517917, -0.11291253373221881, 0.10526960959208345], [-0.06519008174517921, -0.11291253373221882, 0.10526960959208342]], [[-0.06519008174517921, -0.11291253373221882, 0.10526960959208342], [-0.13038016349035844, 0.0, 0.10526960959208342], [-0.06519008174517921, 0.11291253373221882, 0.10526960959208342], [0.06519008174517921, 0.11291253373221881, 0.10526960959208345], [0.13038016349035844, 0.0, 0.10526960959208342], [0.06519008174517917, -0.11291253373221881, 0.10526960959208345]], [[-0.06519008174517921, 0.11291253373221882, -0.10526960959208345], [-0.13038016349035847, 0.0, -0.10526960959208345], [-0.13038016349035844, 0.0, 0.10526960959208342], [-0.06519008174517921, 0.11291253373221882, 0.10526960959208342]], [[-0.06519008174517921, -0.11291253373221882, 0.10526960959208342], [-0.13038016349035844, 0.0, 0.10526960959208342], [-0.13038016349035847, 0.0, -0.10526960959208345], [-0.06519008174517921, -0.11291253373221881, -0.10526960959208342]], [[-0.13038016349035847, 0.0, -0.10526960959208345], [-0.06519008174517921, -0.11291253373221881, -0.10526960959208342], [0.06519008174517921, -0.11291253373221881, -0.10526960959208348], [0.13038016349035844, 0.0, -0.10526960959208342], [0.06519008174517921, 0.11291253373221881, -0.10526960959208342], [-0.06519008174517921, 0.11291253373221882, -0.10526960959208345]], [[0.06519008174517921, 0.11291253373221881, -0.10526960959208342], [0.06519008174517921, 0.11291253373221881, 0.10526960959208345], [-0.06519008174517921, 0.11291253373221882, 0.10526960959208342], [-0.06519008174517921, 0.11291253373221882, -0.10526960959208345]], [[0.06519008174517921, 0.11291253373221881, 0.10526960959208345], [0.06519008174517921, 0.11291253373221881, -0.10526960959208342], [0.13038016349035844, 0.0, -0.10526960959208342], [0.13038016349035844, 0.0, 0.10526960959208342]]]}, "b1": [0.19557024523553765, 0.11291253373221881, 0.0], "b2": [0.0, 0.22582506746443762, 0.0], "b3": [0.0, 0.0, 0.21053921918416688], "path": [["GAMMA", "M"], ["M", "K"], ["K", "GAMMA"], ["GAMMA", "A"], ["A", "L"], ["L", "H"], ["H", "A"], ["M", "L"], ["H", "K"], ["K", "H_2"]]}