{"kpoints": {"A": [0.0, 0.0, 0.0949132759743553], "L'": [-0.06771555654325974, -0.039095594798576334, -0.0949132759743553], "M'": [-0.06771555654325974, -0.039095594798576334, -0.0], "H_2": [0.04514370436217316, 0.07819118959715268, -0.0949132759743553], "A'": [-0.0, -0.0, -0.0949132759743553], "H": [0.04514370436217316, 0.07819118959715268, 0.0949132759743553], "K": [0.04514370436217316, 0.07819118959715268, 0.0], "M": [0.06771555654325974, 0.039095594798576334, 0.0], "L": [0.06771555654325974, 0.039095594798576334, 0.0949132759743553], "H_2'": [-0.04514370436217316, -0.07819118959715268, 0.0949132759743553], "K'": [-0.04514370436217316, -0.07819118959715268, -0.0], "H'": [-0.04514370436217316, -0.07819118959715268, -0.0949132759743553], "GAMMA": [0.0, 0.0, 0.0]}, "faces_data": {"triangles_vertices": [[0.045143704362173125, 0.07819118959715267, -0.09491327597435528], [0.045143704362173145, 0.07819118959715268, 0.09491327597435528], [-0.04514370436217316, -0.07819118959715267, 0.09491327597435528], [-0.04514370436217316, -0.07819118959715268, -0.09491327597435531], [0.09028740872434632, 0.0, -0.09491327597435532], [0.045143704362173145, -0.07819118959715268, -0.09491327597435531], [0.0902874087243463, -1.0238445073952332e-17, 0.09491327597435531], [0.04514370436217313, -0.07819118959715267, 0.09491327597435528], [-0.04514370436217317, 0.0781911895971527, 0.09491327597435527], [-0.09028740872434633, 1.3877787807814457e-17, 0.09491327597435528], [-0.04514370436217317, 0.0781911895971527, -0.09491327597435527], [-0.09028740872434633, 1.3877787807814457e-17, -0.09491327597435528]], "triangles": [[3, 2, 11], [11, 2, 9], [8, 11, 9], [10, 11, 8], [7, 1, 8], [9, 2, 7], [7, 8, 9], [6, 1, 7], [7, 5, 4], [4, 6, 7], [7, 2, 3], [3, 5, 7], [0, 11, 10], [3, 11, 0], [0, 5, 3], [4, 5, 0], [0, 1, 6], [0, 6, 4], [10, 8, 0], [8, 1, 0]], "faces": [[[-0.04514370436217316, -0.07819118959715268, -0.09491327597435531], [-0.04514370436217316, -0.07819118959715267, 0.09491327597435528], [-0.09028740872434633, 1.3877787807814457e-17, 0.09491327597435528], [-0.09028740872434633, 1.3877787807814457e-17, -0.09491327597435528]], [[-0.04514370436217317, 0.0781911895971527, -0.09491327597435527], [-0.09028740872434633, 1.3877787807814457e-17, -0.09491327597435528], [-0.09028740872434633, 1.3877787807814457e-17, 0.09491327597435528], [-0.04514370436217317, 0.0781911895971527, 0.09491327597435527]], [[-0.04514370436217317, 0.0781911895971527, 0.09491327597435527], [0.045143704362173145, 0.07819118959715268, 0.09491327597435528], [0.0902874087243463, -1.0238445073952332e-17, 0.09491327597435531], [0.04514370436217313, -0.07819118959715267, 0.09491327597435528], [-0.04514370436217316, -0.07819118959715267, 0.09491327597435528], [-0.09028740872434633, 1.3877787807814457e-17, 0.09491327597435528]], [[0.09028740872434632, 0.0, -0.09491327597435532], [0.0902874087243463, -1.0238445073952332e-17, 0.09491327597435531], [0.04514370436217313, -0.07819118959715267, 0.09491327597435528], [0.045143704362173145, -0.07819118959715268, -0.09491327597435531]], [[-0.04514370436217316, -0.07819118959715268, -0.09491327597435531], [-0.04514370436217316, -0.07819118959715267, 0.09491327597435528], [0.04514370436217313, -0.07819118959715267, 0.09491327597435528], [0.045143704362173145, -0.07819118959715268, -0.09491327597435531]], [[-0.04514370436217316, -0.07819118959715268, -0.09491327597435531], [-0.09028740872434633, 1.3877787807814457e-17, -0.09491327597435528], [-0.04514370436217317, 0.0781911895971527, -0.09491327597435527], [0.045143704362173125, 0.07819118959715267, -0.09491327597435528], [0.09028740872434632, 0.0, -0.09491327597435532], [0.045143704362173145, -0.07819118959715268, -0.09491327597435531]], [[0.09028740872434632, 0.0, -0.09491327597435532], [0.0902874087243463, -1.0238445073952332e-17, 0.09491327597435531], [0.045143704362173145, 0.07819118959715268, 0.09491327597435528], [0.045143704362173125, 0.07819118959715267, -0.09491327597435528]], [[0.045143704362173145, 0.07819118959715268, 0.09491327597435528], [0.045143704362173125, 0.07819118959715267, -0.09491327597435528], [-0.04514370436217317, 0.0781911895971527, -0.09491327597435527], [-0.04514370436217317, 0.0781911895971527, 0.09491327597435527]]]}, "b1": [0.13543111308651948, 0.07819118959715267, 0.0], "b2": [0.0, 0.15638237919430537, 0.0], "b3": [0.0, 0.0, 0.1898265519487106], "path": [["GAMMA", "M"], ["M", "K"], ["K", "GAMMA"], ["GAMMA", "A"], ["A", "L"], ["L", "H"], ["H", "A"], ["M", "L"], ["H", "K"], ["K", "H_2"], ["GAMMA", "M'"], ["M'", "K'"], ["K'", "GAMMA"], ["GAMMA", "A'"], ["A'", "L'"], ["L'", "H'"], ["H'", "A'"], ["M'", "L'"], ["H'", "K'"], ["K'", "H_2'"]]}