{"kpoints": {"A": [0.0, 0.0, 0.1562247648184579], "L'": [-0.15410020814509084, -0.08896979665474555, -0.1562247648184579], "M'": [-0.15410020814509084, -0.08896979665474555, -0.0], "H_2": [0.10273347209672723, 0.1779395933094911, -0.1562247648184579], "A'": [-0.0, -0.0, -0.1562247648184579], "H": [0.10273347209672723, 0.1779395933094911, 0.1562247648184579], "K": [0.10273347209672723, 0.1779395933094911, 0.0], "M": [0.15410020814509084, 0.08896979665474555, 0.0], "L": [0.15410020814509084, 0.08896979665474555, 0.1562247648184579], "H_2'": [-0.10273347209672723, -0.1779395933094911, 0.1562247648184579], "K'": [-0.10273347209672723, -0.1779395933094911, -0.0], "H'": [-0.10273347209672723, -0.1779395933094911, -0.1562247648184579], "GAMMA": [0.0, 0.0, 0.0]}, "faces_data": {"triangles_vertices": [[0.10273347209672722, -0.1779395933094911, 0.1562247648184579], [0.20546694419345443, 0.0, 0.1562247648184579], [0.10273347209672722, 0.1779395933094911, 0.1562247648184579], [0.10273347209672722, 0.1779395933094911, -0.1562247648184579], [0.20546694419345443, 0.0, -0.1562247648184579], [0.10273347209672722, -0.1779395933094911, -0.1562247648184579], [-0.10273347209672726, -0.17793959330949105, -0.15622476481845787], [-0.10273347209672726, 0.1779395933094911, 0.1562247648184579], [-0.20546694419345446, 0.0, 0.1562247648184579], [-0.10273347209672726, -0.1779395933094911, 0.1562247648184579], [-0.20546694419345446, 0.0, -0.1562247648184579], [-0.10273347209672726, 0.1779395933094911, -0.1562247648184579]], "triangles": [[4, 2, 1], [4, 3, 2], [1, 0, 4], [4, 0, 5], [11, 7, 2], [2, 3, 11], [8, 7, 11], [11, 10, 8], [1, 2, 9], [2, 7, 9], [9, 7, 8], [9, 0, 1], [10, 11, 6], [6, 4, 5], [3, 4, 6], [6, 11, 3], [5, 0, 6], [0, 9, 6], [8, 10, 6], [6, 9, 8]], "faces": [[[0.10273347209672722, 0.1779395933094911, 0.1562247648184579], [0.20546694419345443, 0.0, 0.1562247648184579], [0.20546694419345443, 0.0, -0.1562247648184579], [0.10273347209672722, 0.1779395933094911, -0.1562247648184579]], [[0.20546694419345443, 0.0, 0.1562247648184579], [0.10273347209672722, -0.1779395933094911, 0.1562247648184579], [0.10273347209672722, -0.1779395933094911, -0.1562247648184579], [0.20546694419345443, 0.0, -0.1562247648184579]], [[0.10273347209672722, 0.1779395933094911, -0.1562247648184579], [0.10273347209672722, 0.1779395933094911, 0.1562247648184579], [-0.10273347209672726, 0.1779395933094911, 0.1562247648184579], [-0.10273347209672726, 0.1779395933094911, -0.1562247648184579]], [[-0.20546694419345446, 0.0, 0.1562247648184579], [-0.10273347209672726, 0.1779395933094911, 0.1562247648184579], [-0.10273347209672726, 0.1779395933094911, -0.1562247648184579], [-0.20546694419345446, 0.0, -0.1562247648184579]], [[0.10273347209672722, -0.1779395933094911, 0.1562247648184579], [-0.10273347209672726, -0.1779395933094911, 0.1562247648184579], [-0.20546694419345446, 0.0, 0.1562247648184579], [-0.10273347209672726, 0.1779395933094911, 0.1562247648184579], [0.10273347209672722, 0.1779395933094911, 0.1562247648184579], [0.20546694419345443, 0.0, 0.1562247648184579]], [[0.10273347209672722, 0.1779395933094911, -0.1562247648184579], [-0.10273347209672726, 0.1779395933094911, -0.1562247648184579], [-0.20546694419345446, 0.0, -0.1562247648184579], [-0.10273347209672726, -0.17793959330949105, -0.15622476481845787], [0.10273347209672722, -0.1779395933094911, -0.1562247648184579], [0.20546694419345443, 0.0, -0.1562247648184579]], [[0.10273347209672722, -0.1779395933094911, -0.1562247648184579], [0.10273347209672722, -0.1779395933094911, 0.1562247648184579], [-0.10273347209672726, -0.1779395933094911, 0.1562247648184579], [-0.10273347209672726, -0.17793959330949105, -0.15622476481845787]], [[-0.10273347209672726, -0.17793959330949105, -0.15622476481845787], [-0.10273347209672726, -0.1779395933094911, 0.1562247648184579], [-0.20546694419345446, 0.0, 0.1562247648184579], [-0.20546694419345446, 0.0, -0.1562247648184579]]]}, "b1": [0.3082004162901817, 0.1779395933094911, 0.0], "b2": [0.0, 0.3558791866189822, 0.0], "b3": [0.0, 0.0, 0.3124495296369158], "path": [["GAMMA", "M"], ["M", "K"], ["K", "GAMMA"], ["GAMMA", "A"], ["A", "L"], ["L", "H"], ["H", "A"], ["M", "L"], ["H", "K"], ["GAMMA", "M'"], ["M'", "K'"], ["K'", "GAMMA"], ["GAMMA", "A'"], ["A'", "L'"], ["L'", "H'"], ["H'", "A'"], ["M'", "L'"], ["H'", "K'"]]}