{"kpoints": {"A": [0.0, 0.0, 0.13171004461472294], "H_2": [0.08151283286003481, 0.14118436798245024, -0.13171004461472294], "H": [0.08151283286003481, 0.14118436798245024, 0.13171004461472294], "K": [0.08151283286003481, 0.14118436798245024, 0.0], "M": [0.12226924929005223, 0.07059218399122512, 0.0], "L": [0.12226924929005223, 0.07059218399122512, 0.13171004461472294], "GAMMA": [0.0, 0.0, 0.0]}, "faces_data": {"triangles_vertices": [[-0.08151283286003483, 0.1411843679824503, 0.13171004461472294], [0.08151283286003481, 0.14118436798245027, 0.13171004461472294], [-0.16302566572006966, 2.7755575615628914e-17, 0.13171004461472294], [0.08151283286003483, 0.1411843679824502, -0.13171004461472294], [-0.08151283286003475, -0.14118436798245024, 0.13171004461472294], [-0.08151283286003477, -0.14118436798245024, -0.13171004461472294], [0.08151283286003483, -0.1411843679824502, 0.13171004461472294], [0.08151283286003483, -0.1411843679824502, -0.13171004461472294], [0.1630256657200697, 0.0, 0.13171004461472294], [0.1630256657200697, 0.0, -0.13171004461472294], [-0.1630256657200696, -2.7755575615628914e-17, -0.13171004461472294], [-0.08151283286003477, 0.14118436798245024, -0.13171004461472294]], "triangles": [[9, 1, 8], [3, 1, 9], [11, 1, 3], [0, 1, 11], [9, 7, 10], [3, 9, 10], [10, 11, 3], [10, 7, 5], [10, 4, 2], [5, 4, 10], [2, 0, 10], [0, 11, 10], [6, 0, 2], [6, 1, 0], [8, 1, 6], [2, 4, 6], [6, 9, 8], [6, 7, 9], [5, 7, 6], [6, 4, 5]], "faces": [[[0.08151283286003481, 0.14118436798245027, 0.13171004461472294], [0.1630256657200697, 0.0, 0.13171004461472294], [0.1630256657200697, 0.0, -0.13171004461472294], [0.08151283286003483, 0.1411843679824502, -0.13171004461472294]], [[0.08151283286003481, 0.14118436798245027, 0.13171004461472294], [-0.08151283286003483, 0.1411843679824503, 0.13171004461472294], [-0.08151283286003477, 0.14118436798245024, -0.13171004461472294], [0.08151283286003483, 0.1411843679824502, -0.13171004461472294]], [[0.08151283286003483, 0.1411843679824502, -0.13171004461472294], [0.1630256657200697, 0.0, -0.13171004461472294], [0.08151283286003483, -0.1411843679824502, -0.13171004461472294], [-0.08151283286003477, -0.14118436798245024, -0.13171004461472294], [-0.1630256657200696, -2.7755575615628914e-17, -0.13171004461472294], [-0.08151283286003477, 0.14118436798245024, -0.13171004461472294]], [[-0.08151283286003475, -0.14118436798245024, 0.13171004461472294], [-0.16302566572006966, 2.7755575615628914e-17, 0.13171004461472294], [-0.1630256657200696, -2.7755575615628914e-17, -0.13171004461472294], [-0.08151283286003477, -0.14118436798245024, -0.13171004461472294]], [[-0.16302566572006966, 2.7755575615628914e-17, 0.13171004461472294], [-0.08151283286003483, 0.1411843679824503, 0.13171004461472294], [-0.08151283286003477, 0.14118436798245024, -0.13171004461472294], [-0.1630256657200696, -2.7755575615628914e-17, -0.13171004461472294]], [[-0.08151283286003483, 0.1411843679824503, 0.13171004461472294], [-0.16302566572006966, 2.7755575615628914e-17, 0.13171004461472294], [-0.08151283286003475, -0.14118436798245024, 0.13171004461472294], [0.08151283286003483, -0.1411843679824502, 0.13171004461472294], [0.1630256657200697, 0.0, 0.13171004461472294], [0.08151283286003481, 0.14118436798245027, 0.13171004461472294]], [[0.08151283286003483, -0.1411843679824502, -0.13171004461472294], [0.08151283286003483, -0.1411843679824502, 0.13171004461472294], [0.1630256657200697, 0.0, 0.13171004461472294], [0.1630256657200697, 0.0, -0.13171004461472294]], [[-0.08151283286003477, -0.14118436798245024, -0.13171004461472294], [-0.08151283286003475, -0.14118436798245024, 0.13171004461472294], [0.08151283286003483, -0.1411843679824502, 0.13171004461472294], [0.08151283286003483, -0.1411843679824502, -0.13171004461472294]]]}, "b1": [0.24453849858010446, 0.14118436798245024, 0.0], "b2": [0.0, 0.2823687359649005, 0.0], "b3": [0.0, 0.0, 0.2634200892294459], "path": [["GAMMA", "M"], ["M", "K"], ["K", "GAMMA"], ["GAMMA", "A"], ["A", "L"], ["L", "H"], ["H", "A"], ["M", "L"], ["H", "K"]]}