{"kpoints": {"S_0": [0.1752285500228404, 0.0, 0.0], "S_2": [0.14446050933345822, -0.017763936574452133, 0.09757381074655103], "S_4": [0.0876142750114202, 0.15175237578809203, 0.0], "S_6": [0.05684623432203802, 0.1339884392136399, 0.09757381074655103], "M_2": [0.08526935148305702, -0.04923028303236773, 0.14636071611982654], "F_2'": [0.0, -0.1339884392136399, -0.09757381074655103], "GAMMA": [0.0, 0.0, 0.0], "S_2'": [-0.14446050933345822, 0.017763936574452133, -0.09757381074655103], "S_0'": [-0.1752285500228404, 0.0, 0.0], "L_2'": [-0.1160373921724392, 0.06699421960681995, 0.04878690537327551], "M_0'": [-0.1468054328618214, 0.0847581561812721, -0.04878690537327551], "L_4'": [0.0, -0.13398843921363987, 0.04878690537327551], "M_2'": [-0.08526935148305702, 0.04923028303236773, -0.14636071611982654], "S_6'": [-0.05684623432203802, -0.1339884392136399, -0.09757381074655103], "S_4'": [-0.0876142750114202, -0.15175237578809203, 0.0], "M_4'": [-0.08526935148305702, -0.049230283032367816, -0.14636071611982654], "M_6'": [0.0, -0.09846056606473559, -0.14636071611982654], "H_4'": [-0.05684623432203802, -0.09846056606473556, -0.14636071611982654], "L'": [-0.1160373921724392, -0.06699421960681995, -0.04878690537327551], "L_4": [0.0, 0.13398843921363987, -0.04878690537327551], "F": [0.1160373921724392, -0.06699421960681992, 0.09757381074655103], "H_6'": [-0.056846234322038, -0.16951631236254422, -0.04878690537327551], "H_0'": [-0.1752285500228404, 0.035527873148904335, -0.04878690537327551], "L": [0.1160373921724392, 0.06699421960681995, 0.04878690537327551], "M_8": [0.0, 0.16951631236254422, 0.04878690537327551], "L_2": [0.1160373921724392, -0.06699421960681995, -0.04878690537327551], "T": [0.0, 2.7755575615628914e-17, 0.14636071611982654], "H_2'": [-0.11369246864407602, -2.7755575615628914e-17, -0.14636071611982654], "T'": [0.0, -2.7755575615628914e-17, -0.14636071611982654], "M_0": [0.1468054328618214, -0.0847581561812721, 0.04878690537327551], "F_2": [0.0, 0.1339884392136399, 0.09757381074655103], "M_6": [0.0, 0.09846056606473559, 0.14636071611982654], "M_4": [0.08526935148305702, 0.049230283032367816, 0.14636071611982654], "H_6": [0.056846234322038, 0.16951631236254422, 0.04878690537327551], "H_4": [0.05684623432203802, 0.09846056606473556, 0.14636071611982654], "H_2": [0.11369246864407602, 2.7755575615628914e-17, 0.14636071611982654], "H_0": [0.1752285500228404, -0.035527873148904335, 0.04878690537327551], "M_8'": [0.0, -0.16951631236254422, -0.04878690537327551], "F'": [-0.1160373921724392, 0.06699421960681992, -0.09757381074655103]}, "faces_data": {"triangles_vertices": [[0.1183823157008024, 0.13398843921363984, -0.04878690537327554], [0.17522855002284038, 0.03552787314890432, -0.04878690537327547], [-0.11369246864407603, -5.551115123125783e-17, -0.14636071611982654], [-0.05684623432203802, 0.09846056606473555, -0.14636071611982657], [0.056846234322038, 0.09846056606473552, -0.14636071611982657], [0.113692468644076, -6.742248702324675e-17, -0.14636071611982657], [-0.05684623432203803, -0.09846056606473558, -0.14636071611982648], [0.05684623432203803, -0.09846056606473558, -0.14636071611982648], [0.11369246864407595, -2.7755575615628914e-17, 0.1463607161198265], [0.17522855002284035, -0.035527873148904335, 0.048786905373275485], [0.05684623432203803, 0.1695163123625442, 0.04878690537327554], [0.05684623432203803, 0.09846056606473558, 0.14636071611982648], [-0.05684623432203802, -0.09846056606473555, 0.14636071611982657], [0.05684623432203802, -0.09846056606473555, 0.14636071611982657], [-0.11838231570080246, -0.13398843921363993, 0.048786905373275485], [0.11838231570080246, -0.13398843921363993, 0.048786905373275485], [0.05684623432203805, -0.16951631236254422, -0.04878690537327554], [-0.05684623432203805, -0.16951631236254422, -0.04878690537327554], [-0.056846234322038, 0.16951631236254422, 0.048786905373275485], [-0.1183823157008024, 0.1339884392136399, -0.04878690537327551], [-0.17522855002284038, -0.03552787314890432, 0.04878690537327547], [-0.11369246864407592, 2.7755575615628914e-17, 0.14636071611982657], [-0.05684623432203803, 0.09846056606473555, 0.14636071611982654], [-0.1752285500228404, 0.03552787314890432, -0.048786905373275485]], "triangles": [[3, 2, 19], [19, 2, 23], [20, 14, 12], [12, 21, 20], [3, 19, 4], [19, 18, 4], [10, 0, 4], [4, 18, 10], [4, 0, 1], [1, 5, 4], [23, 2, 6], [14, 20, 6], [6, 20, 23], [6, 17, 14], [12, 14, 13], [14, 17, 13], [16, 15, 13], [13, 17, 16], [15, 9, 13], [9, 8, 13], [22, 19, 23], [23, 20, 22], [22, 20, 21], [22, 18, 19], [7, 15, 16], [7, 9, 15], [1, 9, 7], [7, 5, 1], [7, 2, 3], [7, 4, 5], [3, 4, 7], [7, 6, 2], [16, 17, 7], [17, 6, 7], [11, 0, 10], [1, 0, 11], [11, 9, 1], [11, 8, 9], [11, 21, 12], [11, 13, 8], [12, 13, 11], [11, 22, 21], [10, 18, 11], [18, 22, 11]],