{"kpoints": {"L_2": [0.1328994342347536, -0.07672952413058394, -0.03699903198582219], "S_0": [0.18749972868278067, 0.0, 0.0], "H_4": [0.07829913978672651, 0.135618088299548, 0.11099709595746657], "S_2": [0.17204900412811683, -0.00892047998080997, 0.07399806397164438], "H_2": [0.15659827957345304, -5.551115123125783e-17, 0.11099709595746657], "S_4": [0.09374986434139032, 0.16237952824197785, 0.0], "L_4": [-1.475480118470802e-17, 0.15345904826116794, -0.03699903198582219], "F": [0.13289943423475362, -0.076729524130584, 0.07399806397164438], "S_6": [0.0782991397867265, 0.15345904826116788, 0.07399806397164438], "L": [0.1328994342347536, 0.07672952413058394, 0.03699903198582219], "H_6": [0.0782991397867265, 0.17130000822278776, 0.03699903198582219], "M_8": [-6.061850404751278e-18, 0.17130000822278774, 0.03699903198582219], "H_0": [0.1874997286827807, -0.017840959961619877, 0.03699903198582219], "F_2": [0.0, 0.15345904826116788, 0.07399806397164438], "M_2": [0.11744870968008975, -0.0678090441497741, 0.11099709595746657], "M_0": [0.14835015878941743, -0.08565000411139391, 0.03699903198582219], "T": [1.475480118470802e-17, -5.551115123125783e-17, 0.11099709595746657], "M_6": [6.061850404751278e-18, 0.135618088299548, 0.11099709595746657], "GAMMA": [0.0, 0.0, 0.0], "M_4": [0.11744870968008977, 0.06780904414977398, 0.11099709595746657]}, "faces_data": {"triangles_vertices": [[0.07829913978672648, 0.135618088299548, 0.11099709595746665], [0.07829913978672648, 0.1713000082227878, 0.03699903198582215], [-0.07829913978672656, 0.13561808829954808, -0.11099709595746647], [0.15659827957345304, -1.1102230246251565e-16, 0.11099709595746651], [0.18749972868278061, -0.017840959961619912, 0.03699903198582227], [-0.15659827957345301, 2.7755575615628914e-17, -0.11099709595746657], [0.10920058889605416, -0.15345904826116796, 0.03699903198582214], [0.07829913978672653, -0.1356180882995481, 0.11099709595746649], [0.18749972868278064, 0.017840959961619912, -0.03699903198582223], [0.15659827957345296, 8.326672684688674e-17, -0.11099709595746657], [0.10920058889605413, 0.15345904826116794, -0.036999031985822176], [0.07829913978672645, 0.1356180882995481, -0.11099709595746651], [-0.07829913978672648, -0.13561808829954808, 0.11099709595746646], [-0.10920058889605413, -0.1534590482611679, 0.036999031985822176], [-0.15659827957345296, -2.7755575615628914e-17, 0.11099709595746664], [-0.1874997286827807, 0.017840959961619884, -0.03699903198582229], [-0.1874997286827807, -0.017840959961619912, 0.03699903198582223], [-0.07829913978672653, 0.1713000082227878, 0.03699903198582208], [-0.10920058889605416, 0.15345904826116794, -0.03699903198582223], [-0.07829913978672651, 0.13561808829954797, 0.11099709595746667], [-0.07829913978672651, -0.13561808829954805, -0.11099709595746662], [-0.0782991397867265, -0.17130000822278776, -0.036999031985822106], [0.07829913978672651, -0.135618088299548, -0.11099709595746665], [0.0782991397867265, -0.17130000822278776, -0.036999031985822106]], "triangles": [[23, 20, 22], [21, 20, 23], [19, 14, 12], [12, 0, 19], [12, 3, 0], [7, 3, 12], [17, 16, 14], [17, 18, 15], [17, 14, 19], [15, 16, 17], [19, 0, 17], [0, 1, 17], [0, 3, 10], [10, 1, 0], [3, 4, 10], [10, 4, 8], [13, 20, 21], [13, 16, 15], [13, 5, 20], [15, 5, 13], [14, 16, 13], [13, 12, 14], [21, 23, 6], [12, 13, 6], [7, 12, 6], [6, 13, 21], [6, 23, 22], [22, 9, 6], [6, 9, 8], [8, 4, 6], [6, 3, 7], [6, 4, 3], [8, 9, 11], [11, 10, 8], [22, 20, 2], [2, 9, 22], [20, 5, 2], [2, 11, 9], [18, 17, 2], [2, 17, 1], [1, 10, 2], [10, 11, 2], [15, 18, 2], [2, 5, 15]], "faces": [[[0.07829913978672651, -0.135618088299548, -0.11099709595746665], [0.0782991397867265, -0.17130000822278776, -0.036999031985822106], [-0.0782991397867265, -0.17130000822278776, -0.036999031985822106], [-0.07829913978672651, -0.13561808829954805, -0.11099709595746662]], [[0.15659827957345296, 8.326672684688674e-17, -0.11099709595746657], [0.18749972868278064, 0.017840959961619912, -0.03699903198582223], [0.10920058889605413, 0.15345904826116794, -0.036999031985822176], [0.07829913978672645, 0.1356180882995481, -0.11099709595746651]], [[0.07829913978672648, 0.135618088299548, 0.11099709595746665], [-0.07829913978672651, 0.13561808829954797, 0.11099709595746667], [-0.15659827957345296, -2.7755575615628914e-17, 0.11099709595746664], [-0.07829913978672648, -0.13561808829954808, 0.11099709595746646], [0.07829913978672653, -0.1356180882995481, 0.11099709595746649], [0.15659827957345304, -1.1102230246251565e-16, 0.11099709595746651]], [[0.07829913978672645, 0.1356180882995481, -0.11099709595746651], [-0.07829913978672656, 0.13561808829954808, -0.11099709595746647], [-0.10920058889605416, 0.15345904826116794, -0.03699903198582223], [-0.07829913978672653, 0.1713000082227878, 0.03699903198582208], [0.07829913978672648, 0.1713000082227878, 0.03699903198582215], [0.10920058889605413, 0.15345904826116794, -0.036999031985822176]], [[-0.07829913978672653, 0.1713000082227878, 0.03699903198582208], [-0.07829913978672651, 0.13561808829954797, 0.11099709595746667], [-0.15659827957345296, -2.7755575615628914e-17, 0.11099709595746664], [-0.1874997286827807, -0.017840959961619912, 0.03699903198582223], [-0.1874997286827807, 0.017840959961619884, -0.03699903198582229], [-0.10920058889605416, 0.15345904826116794, -0.03699903198582223]], [[-0.07829913978672651, 0.13561808829954797, 0.11099709595746667], [-0.07829913978672653, 0.1713000082227878, 0.03699903198582208], [0.07829913978672648, 0.1713000082227878, 0.03699903198582215], [0.07829913978672648, 0.135618088299548, 0.11099709595746665]], [[0.07829913978672648, 0.135618088299548, 0.11099709595746665], [0.15659827957345304, -1.1102230246251565e-16, 0.11099709595746651], [0.18749972868278061, -0.017840959961619912, 0.03699903198582227], [0.18749972868278064, 0.017840959961619912, -0.03699903198582223], [0.10920058889605413, 0.15345904826116794, -0.036999031985822176], [0.07829913978672648, 0.1713000082227878, 0.03699903198582215]], [[-0.07829913978672656, 0.13561808829954808, -0.11099709595746647], [0.07829913978672645, 0.1356180882995481, -0.11099709595746651], [0.15659827957345296, 8.326672684688674e-17, -0.11099709595746657], [0.07829913978672651, -0.135618088299548, -0.11099709595746665], [-0.07829913978672651, -0.13561808829954805, -0.11099709595746662], [-0.15659827957345301, 2.7755575615628914e-17, -0.11099709595746657]], [[-0.07829913978672651, -0.13561808829954805, -0.11099709595746662], [-0.15659827957345301, 2.7755575615628914e-17, -0.11099709595746657], [-0.1874997286827807, 0.017840959961619884, -0.03699903198582229], [-0.1874997286827807, -0.017840959961619912, 0.03699903198582223], [-0.10920058889605413, -0.1534590482611679, 0.036999031985822176], [-0.0782991397867265, -0.17130000822278776, -0.036999031985822106]], [[-0.15659827957345296, -2.7755575615628914e-17, 0.11099709595746664], [-0.1874997286827807, -0.017840959961619912, 0.03699903198582223], [-0.10920058889605413, -0.1534590482611679, 0.036999031985822176], [-0.07829913978672648, -0.13561808829954808, 0.11099709595746646]], [[-0.10920058889605413, -0.1534590482611679, 0.036999031985822176], [-0.07829913978672648, -0.13561808829954808, 0.11099709595746646], [0.07829913978672653, -0.1356180882995481, 0.11099709595746649], [0.10920058889605416, -0.15345904826116796, 0.03699903198582214], [0.0782991397867265, -0.17130000822278776, -0.036999031985822106], [-0.0782991397867265, -0.17130000822278776, -0.036999031985822106]], [[0.18749972868278061, -0.017840959961619912, 0.03699903198582227], [0.18749972868278064, 0.017840959961619912, -0.03699903198582223], [0.15659827957345296, 8.326672684688674e-17, -0.11099709595746657], [0.07829913978672651, -0.135618088299548, -0.11099709595746665], [0.0782991397867265, -0.17130000822278776, -0.036999031985822106], [0.10920058889605416, -0.15345904826116796, 0.03699903198582214]], [[-0.10920058889605416, 0.15345904826116794, -0.03699903198582223], [-0.1874997286827807, 0.017840959961619884, 