{"kpoints": {"L'": [-0.081144907262496, -0.04684903405136929, -0.10389702330028693], "R_0'": [-0.16228981452499203, -0.09369806810273858, -0.01939673939117917], "F": [0.162289814524992, 0.0, 0.0], "R_0": [0.16228981452499203, 0.09369806810273858, 0.01939673939117917], "M": [0.162289814524992, -0.09369806810273858, 0.042250141954553885], "M'": [-0.162289814524992, 0.09369806810273858, -0.042250141954553885], "GAMMA": [0.0, 0.0, 0.0], "L": [0.081144907262496, 0.04684903405136929, 0.10389702330028693], "P_0'": [-0.16228981452499203, 0.09369806810273858, 0.01939673939117917], "M_2'": [-0.162289814524992, -0.09369806810273858, 0.042250141954553885], "P_2'": [0.0, -6.938893903907228e-18, -0.18839730720939468], "F'": [-0.162289814524992, 0.0, 0.0], "T'": [-0.162289814524992, 0.09369806810273856, -0.10389702330028693], "M_2": [0.162289814524992, 0.09369806810273858, -0.042250141954553885], "P_2": [0.0, 6.938893903907228e-18, 0.18839730720939468], "P_0": [0.16228981452499203, -0.09369806810273858, -0.01939673939117917], "T": [0.162289814524992, -0.09369806810273856, 0.10389702330028693]}, "faces_data": {"triangles_vertices": [[-0.162289814524992, 0.09369806810273855, 0.01939673939117912], [0.162289814524992, -0.09369806810273854, -0.019396739391179085], [0.0, 0.0, -0.18839730720939474], [-0.162289814524992, 0.09369806810273851, -0.10389702330028697], [0.0, 0.1873961362054771, -0.019396739391179075], [0.162289814524992, 0.09369806810273854, 0.019396739391179085], [0.0, 0.1873961362054771, 0.10389702330028688], [0.162289814524992, 0.09369806810273848, -0.10389702330028691], [0.0, 2.7755575615628914e-17, 0.18839730720939477], [0.162289814524992, -0.09369806810273854, 0.10389702330028695], [0.0, -0.18739613620547713, 0.019396739391179085], [-0.162289814524992, -0.09369806810273854, -0.019396739391179085], [0.0, -0.1873961362054771, -0.1038970233002869], [-0.162289814524992, -0.09369806810273848, 0.10389702330028691]], "triangles": [[9, 13, 10], [8, 13, 9], [1, 9, 12], [12, 9, 10], [1, 12, 7], [7, 12, 2], [2, 3, 7], [7, 3, 4], [10, 13, 11], [11, 12, 10], [11, 13, 0], [0, 3, 11], [2, 12, 11], [11, 3, 2], [5, 9, 1], [1, 7, 5], [8, 9, 6], [9, 5, 6], [6, 7, 4], [6, 5, 7], [6, 13, 8], [0, 13, 6], [4, 3, 6], [6, 3, 0]], "faces": [[[-0.162289814524992, -0.09369806810273848, 0.10389702330028691], [0.0, -0.18739613620547713, 0.019396739391179085], [0.162289814524992, -0.09369806810273854, 0.10389702330028695], [0.0, 2.7755575615628914e-17, 0.18839730720939477]], [[0.162289814524992, -0.09369806810273854, -0.019396739391179085], [0.0, -0.1873961362054771, -0.1038970233002869], [0.0, -0.18739613620547713, 0.019396739391179085], [0.162289814524992, -0.09369806810273854, 0.10389702330028695]], [[0.0, -0.1873961362054771, -0.1038970233002869], [0.162289814524992, -0.09369806810273854, -0.019396739391179085], [0.162289814524992, 0.09369806810273848, -0.10389702330028691], [0.0, 0.0, -0.18839730720939474]], [[0.162289814524992, 0.09369806810273848, -0.10389702330028691], [0.0, 0.1873961362054771, -0.019396739391179075], [-0.162289814524992, 0.09369806810273851, -0.10389702330028697], [0.0, 0.0, -0.18839730720939474]], [[-0.162289814524992, -0.09369806810273848, 0.10389702330028691], [0.0, -0.18739613620547713, 0.019396739391179085], [0.0, -0.1873961362054771, -0.1038970233002869], [-0.162289814524992, -0.09369806810273854, -0.019396739391179085]], [[-0.162289814524992, 0.09369806810273855, 0.01939673939117912], [-0.162289814524992, -0.09369806810273848, 0.10389702330028691], [-0.162289814524992, -0.09369806810273854, -0.019396739391179085], [-0.162289814524992, 0.09369806810273851, -0.10389702330028697]], [[0.0, 0.0, -0.18839730720939474], [0.0, -0.1873961362054771, -0.1038970233002869], [-0.162289814524992, -0.09369806810273854, -0.019396739391179085], [-0.162289814524992, 0.09369806810273851, -0.10389702330028697]], [[0.162289814524992, -0.09369806810273854, 0.10389702330028695], [0.162289814524992, -0.09369806810273854, -0.019396739391179085], [0.162289814524992, 0.09369806810273848, -0.10389702330028691], [0.162289814524992, 0.09369806810273854, 0.019396739391179085]], [[0.162289814524992, 0.09369806810273854, 0.019396739391179085], [0.162289814524992, -0.09369806810273854, 0.10389702330028695], [0.0, 2.7755575615628914e-17, 0.18839730720939477], [0.0, 0.1873961362054771, 0.10389702330028688]], [[0.162289814524992, 0.09369806810273848, -0.10389702330028691], [0.0, 0.1873961362054771, -0.019396739391179075], [0.0, 0.1873961362054771, 0.10389702330028688], [0.162289814524992, 0.09369806810273854, 0.019396739391179085]], [[-0.162289814524992, -0.09369806810273848, 0.10389702330028691], [0.0, 2.7755575615628914e-17, 0.18839730720939477], [0.0, 0.1873961362054771, 0.10389702330028688], [-0.162289814524992, 0.09369806810273855, 0.01939673939117912]], [[0.0, 0.1873961362054771, 0.10389702330028688], [0.0, 0.1873961362054771, -0.019396739391179075], [-0.162289814524992, 0.09369806810273851, -0.10389702330028697], [-0.162289814524992, 0.09369806810273855, 0.01939673939117912]]]}, "b1": [0.162289814524992, 0.09369806810273858, 0.20779404660057385], "b2": [-0.162289814524992, 0.09369806810273858, 0.20779404660057385], "b3": [0.0, -0.18739613620547713, 0.20779404660057385], "path": [["GAMMA", "L"], ["L", "T"], ["T", "P_0"], ["P_2", "GAMMA"], ["GAMMA", "F"], ["GAMMA", "L'"], ["L'", "T'"], ["T'", "P_0'"], ["P_2'", "GAMMA"], ["GAMMA", "F'"]]}