{"kpoints": {"F": [0.1812690448996976, 0.0, 0.0], "R_0": [0.1812690448996976, 0.1046557318685868, -0.06575753539996153], "M": [0.1812690448996976, -0.1046557318685868, 0.07128880403475359], "L": [0.0906345224498488, 0.05232786593429338, 0.0768200726695456], "GAMMA": [0.0, 0.0, 0.0], "T": [0.1812690448996976, -0.1046557318685868, 0.0768200726695456], "M_2": [0.1812690448996976, 0.1046557318685868, -0.07128880403475359], "P_2": [0.0, -4.163336342344337e-17, 0.21939768073905275], "P_0": [0.1812690448996976, -0.1046557318685868, 0.06575753539996153]}, "faces_data": {"triangles_vertices": [[2.7755575615628914e-17, 4.163336342344337e-17, -0.2193976807390527], [0.0, -2.7755575615628914e-17, 0.21939768073905275], [2.7755575615628914e-17, 0.20931146373717358, 0.0657575353999615], [0.1812690448996976, 0.10465573186858676, -0.06575753539996154], [0.18126904489969758, 0.1046557318685868, -0.07682007266954559], [-0.18126904489969764, -0.1046557318685868, 0.06575753539996149], [-0.18126904489969764, 0.1046557318685868, -0.06575753539996149], [-0.18126904489969764, -0.10465573186858684, 0.07682007266954556], [-0.18126904489969764, 0.10465573186858684, -0.07682007266954556], [2.7755575615628914e-17, -0.20931146373717358, -0.0657575353999615], [0.1812690448996976, -0.10465573186858676, 0.06575753539996154], [0.18126904489969758, -0.1046557318685868, 0.07682007266954559], [-2.7755575615628914e-17, 0.20931146373717358, 0.07682007266954557], [-2.7755575615628914e-17, -0.20931146373717358, -0.07682007266954556]], "triangles": [[4, 12, 3], [2, 12, 4], [4, 8, 2], [0, 8, 4], [2, 8, 6], [6, 12, 2], [7, 6, 8], [7, 8, 5], [12, 6, 7], [1, 12, 7], [3, 12, 11], [11, 12, 1], [1, 7, 11], [11, 7, 9], [10, 4, 3], [3, 11, 10], [0, 4, 13], [4, 10, 13], [13, 11, 9], [13, 10, 11], [13, 8, 0], [5, 8, 13], [13, 7, 5], [9, 7, 13]], "faces": [[[0.1812690448996976, 0.10465573186858676, -0.06575753539996154], [-2.7755575615628914e-17, 0.20931146373717358, 0.07682007266954557], [2.7755575615628914e-17, 0.20931146373717358, 0.0657575353999615], [0.18126904489969758, 0.1046557318685868, -0.07682007266954559]], [[-0.18126904489969764, 0.10465573186858684, -0.07682007266954556], [2.7755575615628914e-17, 4.163336342344337e-17, -0.2193976807390527], [0.18126904489969758, 0.1046557318685868, -0.07682007266954559], [2.7755575615628914e-17, 0.20931146373717358, 0.0657575353999615]], [[-2.7755575615628914e-17, 0.20931146373717358, 0.07682007266954557], [2.7755575615628914e-17, 0.20931146373717358, 0.0657575353999615], [-0.18126904489969764, 0.10465573186858684, -0.07682007266954556], [-0.18126904489969764, 0.1046557318685868, -0.06575753539996149]], [[-0.18126904489969764, -0.1046557318685868, 0.06575753539996149], [-0.18126904489969764, -0.10465573186858684, 0.07682007266954556], [-0.18126904489969764, 0.1046557318685868, -0.06575753539996149], [-0.18126904489969764, 0.10465573186858684, -0.07682007266954556]], [[-2.7755575615628914e-17, 0.20931146373717358, 0.07682007266954557], [0.0, -2.7755575615628914e-17, 0.21939768073905275], [-0.18126904489969764, -0.10465573186858684, 0.07682007266954556], [-0.18126904489969764, 0.1046557318685868, -0.06575753539996149]], [[-2.7755575615628914e-17, 0.20931146373717358, 0.07682007266954557], [0.0, -2.7755575615628914e-17, 0.21939768073905275], [0.18126904489969758, -0.1046557318685868, 0.07682007266954559], [0.1812690448996976, 0.10465573186858676, -0.06575753539996154]], [[0.0, -2.7755575615628914e-17, 0.21939768073905275], [0.18126904489969758, -0.1046557318685868, 0.07682007266954559], [2.7755575615628914e-17, -0.20931146373717358, -0.0657575353999615], [-0.18126904489969764, -0.10465573186858684, 0.07682007266954556]], [[0.1812690448996976, 0.10465573186858676, -0.06575753539996154], [0.18126904489969758, -0.1046557318685868, 0.07682007266954559], [0.1812690448996976, -0.10465573186858676, 0.06575753539996154], [0.18126904489969758, 0.1046557318685868, -0.07682007266954559]], [[2.7755575615628914e-17, 4.163336342344337e-17, -0.2193976807390527], [-2.7755575615628914e-17, -0.20931146373717358, -0.07682007266954556], [0.1812690448996976, -0.10465573186858676, 0.06575753539996154], [0.18126904489969758, 0.1046557318685868, -0.07682007266954559]], [[0.1812690448996976, -0.10465573186858676, 0.06575753539996154], [-2.7755575615628914e-17, -0.20931146373717358, -0.07682007266954556], [2.7755575615628914e-17, -0.20931146373717358, -0.0657575353999615], [0.18126904489969758, -0.1046557318685868, 0.07682007266954559]], [[2.7755575615628914e-17, 4.163336342344337e-17, -0.2193976807390527], [-0.18126904489969764, 0.10465573186858684, -0.07682007266954556], [-0.18126904489969764, -0.1046557318685868, 0.06575753539996149], [-2.7755575615628914e-17, -0.20931146373717358, -0.07682007266954556]], [[-2.7755575615628914e-17, -0.20931146373717358, -0.07682007266954556], [2.7755575615628914e-17, -0.20931146373717358, -0.0657575353999615], [-0.18126904489969764, -0.10465573186858684, 0.07682007266954556], [-0.18126904489969764, -0.1046557318685868, 0.06575753539996149]]]}, "b1": [0.1812690448996976, 0.10465573186858676, 0.1536401453390912], "b2": [-0.1812690448996976, 0.10465573186858676, 0.1536401453390912], "b3": [0.0, -0.2093114637371736, 0.1536401453390912], "path": [["GAMMA", "L"], ["L", "T"], ["T", "P_0"], ["P_2", "GAMMA"], ["GAMMA", "F"]]}