{"kpoints": {"C_4'": [-0.0005283340212327015, 0.16859013303182738, -1.3989824387009887e-05], "D_2'": [-0.16483910632088872, 0.0, -0.10449283173607098], "Y_2'": [0.0, -0.16859013303182738, 0.0], "Y_4": [0.0, -0.16859013303182738, 0.0], "Y_2": [0.0, 0.16859013303182738, 0.0], "A": [0.0, 0.0, 0.10012803587424013], "GAMMA": [0.0, 0.0, 0.0], "A'": [-0.0, 0.0, -0.10012803587424013], "V'": [-0.08400011082325794, 0.08429506651591369, -0.0022242497202147656], "L_2'": [-0.08400011082325794, -0.08429506651591369, -0.10235228559445489], "C'": [-0.16747188762528317, 0.0, -0.004434509616042521], "M_2'": [0.0, -0.16859013303182738, -0.10012803587424013], "C_2": [0.0005283340212327015, 0.16859013303182738, 1.3989824387009887e-05], "C_4": [0.0005283340212327015, -0.16859013303182738, 1.3989824387009887e-05], "Y_4'": [0.0, 0.16859013303182738, 0.0], "C_2'": [-0.0005283340212327015, -0.16859013303182738, -1.3989824387009887e-05], "L_2": [0.08400011082325794, 0.08429506651591369, 0.10235228559445489], "E_2": [0.0, 0.16604772620090152, 0.10450945015872769], "C": [0.16747188762528317, 0.0, 0.004434509616042521], "E": [0.0, 0.17113253986275323, 0.09574662158975257], "D": [0.0031611153256271562, 0.16859013303182738, 0.10021173945283882], "E_4": [0.0, -0.16604772620090152, 0.09574662158975257], "D_2": [0.16483910632088872, 0.0, 0.10449283173607098], "V_2'": [-0.08400011082325794, -0.08429506651591369, -0.0022242497202147656], "V": [0.08400011082325794, -0.08429506651591369, 0.0022242497202147656], "M_2": [0.0, 0.16859013303182738, 0.10012803587424013], "E_2'": [0.0, -0.16604772620090152, -0.10450945015872769], "V_2": [0.08400011082325794, 0.08429506651591369, 0.0022242497202147656], "D'": [-0.0031611153256271562, -0.16859013303182738, -0.10021173945283882], "E_4'": [0.0, 0.16604772620090152, -0.09574662158975257], "E'": [0.0, -0.17113253986275323, -0.09574662158975257]}, "faces_data": {"triangles_vertices": [[0.16800022164651587, 0.003172215179559429, -0.09567953643381058], [0.002533510730610339, 0.1680599438329567, -0.09567953643381051], [2.7755575615628914e-17, -0.16541791785226792, 0.10012803587424014], [0.16800022164651587, -0.003172215179559429, -0.09567953643381058], [0.1705337323771262, 0.0005301891988706472, -0.09123103699338106], [0.1705337323771262, -0.0005301891988706472, -0.09123103699338106], [0.16546671091590556, 0.0005301891988706894, 0.1001280358742401], [0.16546671091590556, -0.0005301891988706894, 0.1001280358742401], [-0.1705337323771262, 0.0005301891988706673, 0.09123103699338107], [-0.16546671091590556, -0.0005301891988706986, 0.10012803587424016], [-0.16546671091590553, 0.0005301891988706863, -0.10012803587424014], [-1.9115363999800768e-17, 0.16541791785226792, -0.10012803587424014], [0.16546671091590553, 0.0005301891988706894, -0.10012803587424014], [0.16546671091590553, -0.0005301891988706894, -0.10012803587424014], [-0.16800022164651587, -0.003172215179559429, 0.09567953643381058], [-0.1705337323771262, -0.0005301891988706842, 0.09123103699338105], [-0.002533510730610339, -0.1680599438329567, 0.09567953643381058], [-0.16546671091590553, -0.0005301891988706842, -0.10012803587424014], [0.002533510730610339, -0.1680599438329567, -0.09567953643381051], [-2.7755575615628914e-17, -0.16541791785226792, -0.10012803587424016], [0.0, 0.16541791785226792, 0.1001280358742401], [-0.0025335107306103943, 0.1680599438329567, 0.09567953643381062], [-0.16546671091590553, 0.0005301891988706564, 0.10012803587424011], [-0.16800022164651587, 0.0031722151795594566, 0.09567953643381062]], "triangles": [[0, 12, 11], [11, 1, 0], [21, 0, 1], [20, 6, 21], [21, 6, 4], [4, 0, 21], [2, 14, 16], [9, 14, 2], [17, 14, 15], [19, 18, 17], [17, 18, 16], [16, 14, 17], [8, 10, 17], [17, 15, 8], [11, 12, 13], [13, 17, 10], [13, 10, 11], [19, 17, 13], [13, 18, 19], [13, 3, 18], [16, 18, 5], [7, 2, 5], [18, 3, 5], [5, 2, 16], [5, 0, 4], [3, 13, 5], [12, 0, 5], [5, 13, 12], [4, 6, 5], [5, 6, 7], [22, 6, 20], [9, 2, 22], [7, 6, 22], [22, 2, 7], [11, 10, 23], [23, 10, 8], [23, 1, 11], [23, 21, 1], [15, 14, 23], [8, 15, 23], [23, 14, 9], [9, 22, 23], [20, 21, 23], [23, 22, 20]], "faces": [[[0.16800022164651587, 0.003172215179559429, -0.09567953643381058], [0.16546671091590553, -0.0005301891988706894, -0.10012803587424014], [-2.7755575615628914e-17, -0.16541791785226792, -0.10012803587424016], [-0.16546671091590553, -0.0005301891988706842, -0.10012803587424014], [-0.16546671091590553, 0.0005301891988706863, -0.10012803587424014], [0.002533510730610339, 0.1680599438329567, -0.09567953643381051]], [[0.1705337323771262, 0.0005301891988706472, -0.09123103699338106], [0.16546671091590556, 0.0005301891988706894, 0.1001280358742401], [0.0, 0.16541791785226792, 0.1001280358742401], [-0.0025335107306103943, 0.1680599438329567, 0.09567953643381062], [0.002533510730610339, 0.1680599438329567, -0.09567953643381051], [0.16800022164651587, 0.003172215179559429, -0.09567953643381058]], [[0.002533510730610339, 0.1680599438329567, -0.09567953643381051], [0.16546671091590556, 0.0005301891988706894, 0.1001280358742401], [0.16546671091590556, -0.0005301891988706894, 0.1001280358742401], [2.7755575615628914e-17, -0.16541791785226792, 0.10012803587424014], [-0.002533510730610339, -0.1680599438329567, 0.09567953643381058], [-0.16800022164651587, -0.003172215179559429, 0.09567953643381058], [-0.1705337323771262, -0.0005301891988706842, 0.09123103699338105], [-0.16546671091590553, -0.0005301891988706842, -0.10012803587424014], [-0.16546671091590553, 0.0005301891988706863, -0.10012803587424014], [-1.9115363999800768e-17, 0.16541791785226792, -0.10012803587424014]], [[0.16800022164651587, -0.003172215179559429, -0.09567953643381058], [0.002533510730610339, -0.1680599438329567, -0.09567953643381051], [-2.7755575615628914e-17, -0.16541791785226792, -0.10012803587424016], [0.16546671091590553, -0.0005301891988706894, -0.10012803587424014]], [[2.7755575615628914e-17, -0.16541791785226792, 0.10012803587424014], [0.16546671091590556, -0.0005301891988706894, 0.1001280358742401], [0.1705337323771262, -0.0005301891988706472, -0.09123103699338106], [0.16800022164651587, -0.003172215179559429, -0.09567953643381058], [0.002533510730610339, -0.1680599438329567, -0.09567953643381051], [-0.002533510730610339, -0.1680599438329567, 0.09567953643381058]], [[0.16800022164651587, 0.003172215179559429, -0.09567953643381058], [0.16546671091590556, 0.0005301891988706894, 0.1001280358742401], [0.16546671091590556, -0.0005301891988706894, 0.1001280358742401], [0.16800022164651587, -0.003172215179559429, -0.09567953643381058], [0.16546671091590553, -0.0005301891988706894, -0.10012803587424014], [0.16546671091590553, 0.0005301891988706894, -0.10012803587424014]]]}, "b1": [0.16800022164651587, -0.16859013303182738, 0.004448499440429531], "b2": [0.16800022164651587, 0.16859013303182738, 0.004448499440429531], "b3": [0.0, 0.0, 0.20025607174848026], "path": [["GAMMA", "C"], ["C_2", "Y_2"], ["Y_2", "GAMMA"], ["GAMMA", "M_2"], ["M_2", "D"], ["D_2", "A"], ["A", "GAMMA"], ["L_2", "GAMMA"], ["GAMMA", "V_2"], ["GAMMA", "C'"], ["C_2'", "Y_2'"], ["Y_2'", "GAMMA"], ["GAMMA", "M_2'"], ["M_2'", "D'"], ["D_2'", "A'"], ["A'", "GAMMA"], ["L_2'", "GAMMA"], ["GAMMA", "V_2'"]]}