{"kpoints": {"A": [0.0, 0.0, 0.08072089841871463], "L_2": [0.06500458244340007, 0.1431615297111995, 0.11628627027268956], "C": [0.08241874239173227, 0.0, 0.04509302437949182], "E": [0.0, 0.29787862885967975, 0.012460884891214696], "D": [0.05669594040967477, 0.286323059422399, 0.11174043777252235], "V_2": [0.06500458244340007, 0.1431615297111995, 0.03556537185397493], "E_2": [0.0, 0.27476748998511824, 0.14898091194621457], "D_2": [0.07331322447712538, 0.0, 0.12083210277285678], "Y_4": [0.0, -0.286323059422399, -6.938893903907228e-18], "Y_2": [0.0, 0.286323059422399, 6.938893903907228e-18], "C_2": [0.04759042249506787, 0.286323059422399, 0.026037719328458043], "C_4": [0.04759042249506787, -0.286323059422399, 0.026037719328458032], "V": [0.06500458244340007, -0.1431615297111995, 0.035565371853974924], "M_2": [0.0, 0.286323059422399, 0.08072089841871463], "E_4": [0.0, -0.27476748998511824, 0.012460884891214682], "GAMMA": [0.0, 0.0, 0.0]}, "faces_data": {"triangles_vertices": [[-0.00524697499168576, 0.18151325328406373, 0.009590154710764777], [0.005246974991685824, 0.18151325328406373, -0.009590154710764765], [-2.2551426005508377e-18, 0.16145989974390565, 0.08072089841871463], [0.12476218989511431, 0.10480980613833529, 0.08072089841871463], [-0.12476218989511434, 0.1048098061383353, 0.08072089841871466], [-0.13000916488680017, 0.1248631596784933, 0.009590154710764803], [-0.13525613987848598, 0.1048098061383353, -0.06154058899718509], [0.12476218989511434, -0.10480980613833527, 0.08072089841871462], [0.005246974991685777, -0.1815132532840637, -0.009590154710764756], [-0.13525613987848595, -0.10480980613833527, -0.0615405889971851], [-0.12476218989511431, 0.10480980613833529, -0.08072089841871463], [2.4806568606059214e-17, 0.16145989974390568, -0.08072089841871463], [-0.12476218989511433, -0.10480980613833527, -0.08072089841871463], [-1.3530855603305026e-17, -0.16145989974390565, -0.08072089841871463], [-2.7755575615628914e-17, -0.16145989974390568, 0.08072089841871466], [-0.005246974991685832, -0.1815132532840637, 0.00959015471076477], [-0.1247621898951144, -0.10480980613833527, 0.08072089841871466], [-0.13000916488680017, -0.12486315967849332, 0.00959015471076477], [0.13525613987848595, -0.10480980613833527, 0.06154058899718509], [0.13000916488680017, -0.12486315967849333, -0.009590154710764812], [0.12476218989511434, -0.1048098061383353, -0.08072089841871466], [0.13525613987848598, 0.10480980613833529, 0.06154058899718509], [0.13000916488680017, 0.1248631596784933, -0.009590154710764803], [0.12476218989511434, 0.10480980613833532, -0.08072089841871466]], "triangles": [[2, 5, 4], [0, 5, 2], [18, 3, 7], [21, 3, 18], [21, 18, 20], [23, 22, 20], [20, 22, 21], [20, 18, 19], [8, 13, 20], [20, 19, 8], [14, 15, 8], [8, 19, 14], [19, 18, 14], [14, 18, 7], [4, 16, 14], [3, 2, 14], [7, 3, 14], [14, 2, 4], [17, 15, 14], [14, 16, 17], [23, 20, 12], [12, 20, 13], [12, 11, 23], [10, 11, 12], [21, 22, 1], [1, 3, 21], [0, 2, 1], [1, 2, 3], [6, 5, 1], [1, 10, 6], [1, 5, 0], [1, 11, 10], [1, 22, 23], [23, 11, 1], [4, 5, 9], [17, 16, 9], [9, 16, 4], [9, 5, 6], [9, 15, 17], [9, 13, 8], [8, 15, 9], [9, 12, 13], [6, 10, 9], [10, 12, 9]], "faces": [[[-0.00524697499168576, 0.18151325328406373, 0.009590154710764777], [-0.13000916488680017, 0.1248631596784933, 0.009590154710764803], [-0.12476218989511434, 0.1048098061383353, 0.08072089841871466], [-2.2551426005508377e-18, 0.16145989974390565, 0.08072089841871463]], [[0.005246974991685824, 0.18151325328406373, -0.009590154710764765], [0.13000916488680017, 0.1248631596784933, -0.009590154710764803], [0.12476218989511434, 0.10480980613833532, -0.08072089841871466], [2.4806568606059214e-17, 0.16145989974390568, -0.08072089841871463]], [[0.12476218989511434, -0.10480980613833527, 0.08072089841871462], [0.12476218989511431, 0.10480980613833529, 0.08072089841871463], [0.13525613987848598, 0.10480980613833529, 0.06154058899718509], [0.13525613987848595, -0.10480980613833527, 0.06154058899718509]], [[0.12476218989511434, 0.10480980613833532, -0.08072089841871466], [0.12476218989511434, -0.1048098061383353, -0.08072089841871466], [0.13000916488680017, -0.12486315967849333, -0.009590154710764812], [0.13525613987848595, -0.10480980613833527, 0.06154058899718509], [0.13525613987848598, 0.10480980613833529, 0.06154058899718509], [0.13000916488680017, 0.1248631596784933, -0.009590154710764803]], [[0.005246974991685777, -0.1815132532840637, -0.009590154710764756], [-1.3530855603305026e-17, -0.16145989974390565, -0.08072089841871463], [-0.12476218989511433, -0.10480980613833527, -0.08072089841871463], [-0.13525613987848595, -0.10480980613833527, -0.0615405889971851], [-0.13000916488680017, -0.12486315967849332, 0.00959015471076477], [-0.005246974991685832, -0.1815132532840637, 0.00959015471076477]], [[0.005246974991685777, -0.1815132532840637, -0.009590154710764756], [0.13000916488680017, -0.12486315967849333, -0.009590154710764812], [0.12476218989511434, -0.1048098061383353, -0.08072089841871466], [-1.3530855603305026e-17, -0.16145989974390565, -0.08072089841871463]], [[0.005246974991685777, -0.1815132532840637, -0.009590154710764756], [0.13000916488680017, -0.12486315967849333, -0.009590154710764812], [0.13525613987848595, -0.10480980613833527, 0.06154058899718509], [0.12476218989511434, -0.10480980613833527, 0.08072089841871462], [-2.7755575615628914e-17, -0.16145989974390568, 0.08072089841871466], [-0.005246974991685832, -0.1815132532840637, 0.00959015471076477]], [[-0.12476218989511434, 0.1048098061383353, 0.08072089841871466], [-0.1247621898951144, -0.10480980613833527, 0.08072089841871466], [-0.13000916488680017, -0.12486315967849332, 0.00959015471076477], [-0.13525613987848595, -0.10480980613833527, -0.0615405889971851], [-0.13525613987848598, 0.1048098061383353, -0.06154058899718509], [-0.13000916488680017, 0.1248631596784933, 0.009590154710764803]], [[-2.7755575615628914e-17, -0.16145989974390568, 0.08072089841871466], [0.12476218989511434, -0.10480980613833527, 0.08072089841871462], [0.12476218989511431, 0.10480980613833529, 0.08072089841871463], [-2.2551426005508377e-18, 0.16145989974390565, 0.08072089841871463], [-0.12476218989511434, 0.1048098061383353, 0.08072089841871466], [-0.1247621898951144, -0.10480980613833527, 0.08072089841871466]], [[-2.7755575615628914e-17, -0.16145989974390568, 0.08072089841871466], [-0.1247621898951144, -0.10480980613833527, 0.08072089841871466], [-0.13000916488680017, -0.12486315967849332, 0.00959015471076477], [-0.005246974991685832, -0.1815132532840637, 0.00959015471076477]], [[0.12476218989511434, -0.1048098061383353, -0.08072089841871466], [0.12476218989511434, 0.10480980613833532, -0.08072089841871466], [2.4806568606059214e-17, 0.16145989974390568, -0.08072089841871463], [-0.12476218989511431, 0.10480980613833529, -0.08072089841871463], [-0.12476218989511433, -0.10480980613833527, -0.08072089841871463], [-1.3530855603305026e-17, -0.16145989974390565, -0.08072089841871463]], [[0.13525613987848598, 0.10480980613833529, 0.06154058899718509], [0.13000916488680017, 0.1248631596784933, -0.009590154710764803], [0.005246974991685824, 0.18151325328406373, -0.009590154710764765], [-0.00524697499168576, 0.18151325328406373, 0.009590154710764777], [-2.2551426005508377e-18, 0.16145989974390565, 0.08072089841871463], [0.12476218989511431, 0.10480980613833529, 0.08072089841871463]], [[-0.00524697499168576, 0.18151325328406373, 0.009590154710764777], [-0.13000916488680017, 0.1248631596784933, 0.009590154710764803], [-0.13525613987848598, 0.1048098061383353, -0.06154058899718509], [-0.12476218989511431, 0.10480980613833529, -0.08072089841871463], [2.4806568606059214e-17, 0.16145989974390568, -0.08072089841871463], [0.005246974991685824, 0.18151325328406373, -0.009590154710764765]], [[-0.13525613987848595, -0.10480980613833527, -0.0615405889971851], [-0.13525613987848598, 0.1048098061383353, -0.06154058899718509], [-0.12476218989511431, 0.10480980613833529, -0.08072089841871463], [-0.12476218989511433, 