{"kpoints": {"A": [0.0, 0.0, 0.08072089841871463], "L_2": [-0.06500458244340007, 0.1431615297111995, 0.0451555265647397], "C": [0.0, 0.1815132532840637, -3.469446951953614e-18], "E": [-0.13525613987848598, 0.0, -0.06154058899718509], "D": [-0.13000916488680014, 0.12486315967849337, 0.00959015471076477], "V_2": [-0.06500458244340007, 0.1431615297111995, -0.03556537185397493], "E_2": [-0.12476218989511433, 0.0, 0.08072089841871463], "D_2": [0.0, 0.16145989974390562, 0.08072089841871463], "Y_4": [0.13000916488680014, 0.0, 0.07113074370794986], "Y_2": [-0.13000916488680014, 0.0, -0.07113074370794986], "C_2": [-0.13000916488680014, 0.10480980613833529, -0.07113074370794986], "C_4": [0.13000916488680014, 0.10480980613833529, 0.07113074370794986], "V": [0.06500458244340007, 0.1431615297111995, 0.035565371853974924], "M_2": [-0.13000916488680014, 0.0, 0.00959015471076477], "E_4": [0.12476218989511433, 0.0, 0.08072089841871463], "GAMMA": [0.0, 0.0, 0.0]}, "faces_data": {"triangles_vertices": [[0.12476218989511431, 0.10480980613833529, -0.08072089841871463], [0.13000916488680012, 0.12486315967849333, -0.009590154710764773], [-4.059256680991508e-17, 0.16145989974390565, -0.08072089841871463], [0.00524697499168576, 0.18151325328406373, -0.009590154710764777], [0.12476218989511431, -0.10480980613833529, -0.08072089841871463], [0.13525613987848595, 0.10480980613833529, 0.06154058899718512], [0.12476218989511431, 0.10480980613833527, 0.08072089841871463], [-0.12476218989511431, 0.1048098061383353, -0.08072089841871463], [-9.02057040220335e-18, -0.16145989974390565, -0.08072089841871463], [-0.12476218989511431, -0.10480980613833527, -0.08072089841871463], [-0.005246974991685818, 0.18151325328406373, 0.00959015471076477], [0.0, 0.16145989974390565, 0.08072089841871467], [-0.13525613987848598, 0.10480980613833529, -0.06154058899718509], [-0.13000916488680014, 0.12486315967849335, 0.009590154710764846], [-0.12476218989511437, 0.10480980613833532, 0.08072089841871466], [-0.13525613987848598, -0.10480980613833529, -0.06154058899718509], [-0.13000916488680014, -0.12486315967849333, 0.009590154710764846], [-0.12476218989511437, -0.10480980613833532, 0.08072089841871466], [0.1352561398784859, -0.10480980613833527, 0.06154058899718512], [0.13000916488680012, -0.12486315967849335, -0.00959015471076477], [0.12476218989511434, -0.10480980613833527, 0.08072089841871463], [2.7755575615628914e-17, -0.16145989974390568, 0.0807208984187146], [0.005246974991685818, -0.1815132532840637, -0.00959015471076477], [-0.005246974991685804, -0.18151325328406367, 0.009590154710764742]], "triangles": [[0, 2, 1], [1, 2, 3], [22, 8, 4], [4, 19, 22], [17, 14, 16], [14, 13, 16], [12, 15, 16], [16, 13, 12], [9, 2, 0], [9, 7, 2], [9, 4, 8], [0, 4, 9], [12, 7, 9], [9, 15, 12], [20, 14, 17], [20, 11, 14], [17, 21, 20], [6, 11, 20], [23, 8, 22], [23, 16, 15], [15, 9, 23], [23, 9, 8], [23, 21, 17], [17, 16, 23], [3, 2, 10], [2, 7, 10], [10, 7, 12], [12, 13, 10], [5, 1, 10], [10, 1, 3], [10, 6, 5], [10, 11, 6], [10, 13, 14], [14, 11, 10], [0, 1, 18], [19, 4, 18], [18, 1, 5], [18, 4, 0], [22, 19, 18], [18, 20, 21], [21, 23, 18], [18, 23, 22], [5, 6, 18], [6, 20, 18]], "faces": [[[0.13000916488680012, 0.12486315967849333, -0.009590154710764773], [0.12476218989511431, 0.10480980613833529, -0.08072089841871463], [-4.059256680991508e-17, 0.16145989974390565, -0.08072089841871463], [0.00524697499168576, 0.18151325328406373, -0.009590154710764777]], [[0.0, 0.16145989974390565, 0.08072089841871467], [-0.005246974991685818, 0.18151325328406373, 0.00959015471076477], [-0.13000916488680014, 0.12486315967849335, 0.009590154710764846], [-0.12476218989511437, 0.10480980613833532, 0.08072089841871466]], [[0.12476218989511431, -0.10480980613833529, -0.08072089841871463], [0.13000916488680012, -0.12486315967849335, -0.00959015471076477], [0.005246974991685818, -0.1815132532840637, -0.00959015471076477], [-9.02057040220335e-18, -0.16145989974390565, -0.08072089841871463]], [[-0.13525613987848598, 0.10480980613833529, -0.06154058899718509], [-0.13525613987848598, -0.10480980613833529, -0.06154058899718509], [-0.13000916488680014, -0.12486315967849333, 0.009590154710764846], [-0.12476218989511437, -0.10480980613833532, 0.08072089841871466], [-0.12476218989511437, 0.10480980613833532, 0.08072089841871466], [-0.13000916488680014, 0.12486315967849335, 0.009590154710764846]], [[-0.005246974991685804, -0.18151325328406367, 0.009590154710764742], [0.005246974991685818, -0.1815132532840637, -0.00959015471076477], [0.13000916488680012, -0.12486315967849335, -0.00959015471076477], [0.1352561398784859, -0.10480980613833527, 0.06154058899718512], [0.12476218989511434, -0.10480980613833527, 0.08072089841871463], [2.7755575615628914e-17, -0.16145989974390568, 0.0807208984187146]], [[0.12476218989511431, 0.10480980613833529, -0.08072089841871463], [0.12476218989511431, -0.10480980613833529, -0.08072089841871463], [-9.02057040220335e-18, -0.16145989974390565, -0.08072089841871463], [-0.12476218989511431, -0.10480980613833527, -0.08072089841871463], [-0.12476218989511431, 0.1048098061383353, -0.08072089841871463], [-4.059256680991508e-17, 0.16145989974390565, -0.08072089841871463]], [[0.13525613987848595, 0.10480980613833529, 0.06154058899718512], [0.1352561398784859, -0.10480980613833527, 0.06154058899718512], [0.12476218989511434, -0.10480980613833527, 0.08072089841871463], [0.12476218989511431, 0.10480980613833527, 0.08072089841871463]], [[-0.12476218989511431, 0.1048098061383353, -0.08072089841871463], [-0.13525613987848598, 0.10480980613833529, -0.06154058899718509], [-0.13525613987848598, -0.10480980613833529, -0.06154058899718509], [-0.12476218989511431, -0.10480980613833527, -0.08072089841871463]], [[0.12476218989511431, 0.10480980613833529, -0.08072089841871463], [0.12476218989511431, -0.10480980613833529, -0.08072089841871463], [0.13000916488680012, -0.12486315967849335, -0.00959015471076477], [0.1352561398784859, -0.10480980613833527, 0.06154058899718512], [0.13525613987848595, 0.10480980613833529, 0.06154058899718512], [0.13000916488680012, 0.12486315967849333, -0.009590154710764773]], [[-0.12476218989511437, -0.10480980613833532, 0.08072089841871466], [-0.12476218989511437, 0.10480980613833532, 0.08072089841871466], [0.0, 0.16145989974390565, 0.08072089841871467], [0.12476218989511431, 0.10480980613833527, 0.08072089841871463], [0.12476218989511434, -0.10480980613833527, 0.08072089841871463], [2.7755575615628914e-17, -0.16145989974390568, 0.0807208984187146]], [[-0.13000916488680014, -0.12486315967849333, 0.009590154710764846], [-0.13525613987848598, -0.10480980613833529, -0.06154058899718509], [-0.12476218989511431, -0.10480980613833527, -0.08072089841871463], [-9.02057040220335e-18, -0.16145989974390565, -0.08072089841871463], [0.005246974991685818, -0.1815132532840637, -0.00959015471076477], [-0.005246974991685804, -0.18151325328406367, 0.009590154710764742]], [[-0.005246974991685804, -0.18151325328406367, 0.009590154710764742], [2.7755575615628914e-17, -0.16145989974390568, 0.0807208984187146], [-0.12476218989511437, -0.10480980613833532, 0.08072089841871466], [-0.13000916488680014, -0.12486315967849333, 0.009590154710764846]], [[-0.13000916488680014, 0.12486315967849335, 0.009590154710764846], [-0.005246974991685818, 0.18151325328406373, 0.00959015471076477], [0.00524697499168576, 0.18151325328406373, -0.009590154710764777], [-4.059256680991508e-17, 0.16145989974390565, -0.08072089841871463], [-0.12476218989511431, 0.1048098061383353, -0.08072089841871463], [-0.13525613987848598, 0.10480980613833529, -0.06154058899718509]], [[0.0, 0.16145989974390565, 0.08072089841871467], [-0.005246974991685818, 0.18151325328406373, 0.00959015471076477], [0.00524697499168576, 0.18151325328406373, -0.009590154710764777], [0.13000916488680012, 0.12486315967849333, -0.009590154710764773], [0.13525613987848595, 0.10480980613833529, 0.06154058899718512], [0.12476218989511431, 0.10480980613833527, 0.08072089841871463]]]},