{"kpoints": {"H_4'": [-1.3877787807814457e-17, 0.11111676837813748, -0.04279429195210177], "M'": [-0.2244987573190692, 0.0, -0.212765439689739], "F_2": [0.2244987573190692, 0.016645143619259256, 0.2228932440065467], "A": [0.0, 0.0, 0.11040373481372524], "F_4'": [-0.2244987573190692, 0.016645143619259256, -0.20263763537293128], "G_6'": [-0.2244987573190692, 0.03688040992680519, -0.13110252414842163], "F_2'": [-0.2244987573190692, -0.016645143619259256, -0.2228932440065467], "G_4'": [0.0, 0.13135203468568343, 0.028740819272407882], "GAMMA": [0.0, 0.0, 0.0], "A'": [-0.0, 0.0, -0.11040373481372524], "L_2'": [-0.11224937865953459, -0.08411622230624431, -0.1615845872517321], "G'": [0.0, -0.13135203468568343, -0.028740819272407882], "L_2": [0.11224937865953459, 0.08411622230624431, 0.1615845872517321], "G": [0.0, 0.13135203468568343, 0.028740819272407882], "F": [-1.3877787807814457e-17, 0.15158730099322937, 0.10027593049691753], "H": [-1.3877787807814457e-17, 0.11111676837813748, 0.17801317767534872], "M": [0.2244987573190692, 0.0, 0.212765439689739], "F_4": [0.2244987573190692, -0.016645143619259256, 0.20263763537293128], "H_2'": [-0.22449875731906918, -0.05711567623435113, -0.1451559968281155], "Y": [0.2244987573190692, 0.0, 0.10236170487601375], "V_2'": [-0.11224937865953459, -0.08411622230624431, -0.05118085243800687], "H_4": [1.3877787807814457e-17, -0.11111676837813748, 0.04279429195210177], "H_2": [0.22449875731906918, 0.05711567623435113, 0.1451559968281155], "V_2": [0.11224937865953459, 0.08411622230624431, 0.05118085243800687], "G_2'": [-0.2244987573190692, -0.03688040992680519, -0.07362088560360586], "G_4": [0.0, -0.13135203468568343, -0.028740819272407882], "G_6": [0.2244987573190692, -0.03688040992680519, 0.13110252414842163], "Y'": [-0.2244987573190692, 0.0, -0.10236170487601375], "G_2": [0.2244987573190692, 0.03688040992680519, 0.07362088560360586], "F'": [1.3877787807814457e-17, -0.15158730099322937, -0.10027593049691753], "H'": [1.3877787807814457e-17, -0.11111676837813748, -0.17801317767534872]}, "faces_data": {"triangles_vertices": [[-0.14828041330352812, 2.6001763915428816e-17, -0.11040373481372523], [0.07621834401554113, -0.1682324446124886, -0.008042029937711468], [0.022212208034714194, -0.1682324446124886, -0.11040373481372526], [-0.022212208034714187, -0.16823244461248862, -0.11040373481372524], [-0.07621834401554113, 0.16823244461248862, 0.008042029937711519], [-0.022212208034714215, 0.1682324446124886, -0.11040373481372522], [0.1482804133035281, -2.7755575615628914e-17, -0.11040373481372527], [0.022212208034714166, 0.16823244461248865, -0.11040373481372523], [0.022212208034714194, -0.1682324446124886, 0.11040373481372526], [-0.022212208034714215, 0.16823244461248862, 0.11040373481372524], [0.1482804133035281, 0.0, 0.11040373481372526], [0.07621834401554115, 0.16823244461248865, -0.008042029937711484], [0.202286549284355, -2.3970376109535934e-17, -0.008042029937711493], [0.022212208034714166, 0.16823244461248865, 0.11040373481372523], [-0.07621834401554106, -0.16823244461248865, 0.008042029937711484], [-0.1482804133035281, 2.7755575615628914e-17, 0.11040373481372527], [-0.20228654928435502, 2.7755575615628914e-17, 0.008042029937711512], [-0.022212208034714187, -0.16823244461248865, 0.11040373481372524]], "triangles": [[13, 11, 5], [4, 9, 5], [5, 11, 7], [5, 9, 13], [5, 0, 16], [16, 4, 5], [10, 11, 13], [12, 11, 10], [16, 0, 3], [3, 14, 16], [14, 3, 1], [8, 17, 1], [1, 17, 14], [1, 3, 2], [12, 10, 1], [1, 10, 8], [6, 5, 7], [2, 3, 6], [0, 5, 6], [6, 3, 0], [7, 11, 6], [6, 11, 12], [6, 1, 2], [12, 1, 6], [13, 9, 15], [15, 10, 13], [8, 10, 15], [15, 17, 8], [15, 9, 4], [15, 4, 16], [14, 17, 15], [16, 14, 15]], "faces": [[[0.07621834401554115, 0.16823244461248865, -0.008042029937711484], [0.022212208034714166, 0.16823244461248865, -0.11040373481372523], [-0.022212208034714215, 0.1682324446124886, -0.11040373481372522], [-0.07621834401554113, 0.16823244461248862, 0.008042029937711519], [-0.022212208034714215, 0.16823244461248862, 0.11040373481372524], [0.022212208034714166, 0.16823244461248865, 0.11040373481372523]], [[-0.20228654928435502, 2.7755575615628914e-17, 0.008042029937711512], [-0.14828041330352812, 2.6001763915428816e-17, -0.11040373481372523], [-0.022212208034714215, 0.1682324446124886, -0.11040373481372522], [-0.07621834401554113, 0.16823244461248862, 0.008042029937711519]], [[0.1482804133035281, 0.0, 0.11040373481372526], [0.202286549284355, -2.3970376109535934e-17, -0.008042029937711493], [0.07621834401554115, 0.16823244461248865, -0.008042029937711484], [0.022212208034714166, 0.16823244461248865, 0.11040373481372523]], [[-0.14828041330352812, 2.6001763915428816e-17, -0.11040373481372523], [-0.20228654928435502, 2.7755575615628914e-17, 0.008042029937711512], [-0.07621834401554106, -0.16823244461248865, 0.008042029937711484], [-0.022212208034714187, -0.16823244461248862, -0.11040373481372524]], [[0.07621834401554113, -0.1682324446124886, -0.008042029937711468], [0.022212208034714194, -0.1682324446124886, 0.11040373481372526], [-0.022212208034714187, -0.16823244461248865, 0.11040373481372524], [-0.07621834401554106, -0.16823244461248865, 0.008042029937711484], [-0.022212208034714187, -0.16823244461248862, -0.11040373481372524], [0.022212208034714194, -0.1682324446124886, -0.11040373481372526]], [[0.202286549284355, -2.3970376109535934e-17, -0.008042029937711493], [0.1482804133035281, 0.0, 0.11040373481372526], [0.022212208034714194, -0.1682324446124886, 0.11040373481372526], [0.07621834401554113, -0.1682324446124886, -0.008042029937711468]], [[0.022212208034714166, 0.16823244461248865, -0.11040373481372523], [-0.022212208034714215, 0.1682324446124886, -0.11040373481372522], [-0.14828041330352812, 2.6001763915428816e-17, -0.11040373481372523], [-0.022212208034714187, -0.16823244461248862, -0.11040373481372524], [0.022212208034714194, -0.1682324446124886, -0.11040373481372526], [0.1482804133035281, -2.7755575615628914e-17, -0.11040373481372527]], [[0.1482804133035281, -2.7755575615628914e-17, -0.11040373481372527], [0.202286549284355, -2.3970376109535934e-17, -0.008042029937711493], [0.07621834401554115, 0.16823244461248865, -0.008042029937711484], [0.022212208034714166, 0.16823244461248865, -0.11040373481372523]], [[0.07621834401554113, -0.1682324446124886, -0.008042029937711468], [0.202286549284355, -2.3970376109535934e-17, -0.008042029937711493], [0.1482804133035281, -2.7755575615628914e-17, -0.11040373481372527], [0.022212208034714194, -0.1682324446124886, -0.11040373481372526]], [[-0.022212208034714215, 0.16823244461248862, 0.11040373481372524], [-0.1482804133035281, 2.7755575615628914e-17, 0.11040373481372527], [-0.022212208034714187, -0.16823244461248865, 0.11040373481372524], [0.022212208034714194, -0.1682324446124886, 0.11040373481372526], [0.1482804133035281, 0.0, 0.11040373481372526], [0.022212208034714166, 0.16823244461248865, 0.11040373481372523]], [[-0.07621834401554113, 0.16823244461248862, 0.008042029937711519], [-0.20228654928435502, 2.7755575615628914e-17, 0.008042029937711512], [-0.1482804133035281, 2.7755575615628914e-17, 0.11040373481372527], [-0.022212208034714215, 0.16823244461248862, 0.11040373481372524]], [[-0.022212208034714187, -0.16823244461248865, 0.11040373481372524], [-0.07621834401554106, -0.16823244461248865, 0.008042029937711484], [-0.20228654928435502, 2.7755575615628914e-17, 0.008042029937711512], [-0.1482804133035281, 2.7755575615628914e-17, 0.11040373481372527]]]}, "b1": [0.2244987573190692, -0.16823244461248862, 0.10236170487601375], "b2": [0.22449875731906918, 0.16823244461248862, 0.10236170487601375], "b3": [0.0, 0.0, 0.2208074696274505], "path": [["GAMMA", "Y"], ["Y", "M"], ["M", "A"], ["A", "GAMMA"], ["L_2", "GAMMA"], ["GAMMA", "V_2"], ["GAMMA", "Y'"], ["Y'", "M'"], ["M'", "A'"], ["A'", "GAMMA"], ["L_2'", "GAMMA"], ["GAMMA", "V_2'"]]}