{"kpoints": {"A": [0.0, 0.0, 0.04696430398202507], "L_2": [-0.17629469394038869, 0.10195410192894945, 0.04211157962427849], "H_4": [0.23409724479537003, 0.0, 0.04696430398202507], "H_2": [-0.11849214308540734, 0.2039082038578989, 0.037258855266531915], "G": [-0.23525641688171214, 0.0, -0.004852724357746578], "V_2": [-0.17629469394038869, 0.10195410192894945, -0.004852724357746579], "F": [-0.2364155889680542, 0.0, 0.03725885526653193], "H": [-0.23409724479537003, 0.0, 0.04696430398202507], "G_6": [0.11733297099906524, 0.20390820385789893, 0.004852724357746576], "M": [0.0, 0.2039082038578989, 0.04696430398202507], "G_2": [-0.11733297099906524, 0.20390820385789893, -0.00485272435774658], "F_4": [0.11617379891272317, 0.2039082038578989, 0.04696430398202508], "F_2": [-0.11617379891272317, 0.2039082038578989, 0.04696430398202506], "G_4": [0.23525641688171214, 0.0, 0.004852724357746578], "Y": [0.0, 0.2039082038578989, -1.734723475976807e-18], "GAMMA": [0.0, 0.0, 0.0]}, "faces_data": {"triangles_vertices": [[0.11849214308540731, 0.2039082038578989, -0.03725885526653192], [-0.23409724479537006, -8.905469695440748e-18, -0.04696430398202508], [-0.11849214308540731, -0.20390820385789893, 0.03725885526653195], [-0.11849214308540731, 0.2039082038578989, 0.03725885526653192], [-0.23409724479537006, 0.0, 0.04696430398202507], [0.11617379891272316, 0.20390820385789887, 0.04696430398202508], [0.11617379891272313, 0.20390820385789887, -0.04696430398202508], [-0.11617379891272314, 0.2039082038578989, -0.04696430398202508], [-0.11617379891272314, -0.2039082038578989, 0.046964303982025064], [-0.11617379891272314, 0.2039082038578989, 0.046964303982025064], [-0.23641558896805426, -2.7755575615628914e-17, 0.03725885526653191], [-0.11617379891272314, -0.2039082038578989, -0.04696430398202508], [0.23409724479537006, 0.0, 0.04696430398202508], [0.11617379891272313, -0.2039082038578989, 0.04696430398202508], [0.23409724479537006, 0.0, -0.046964303982025064], [0.11849214308540731, -0.2039082038578989, -0.037258855266531915], [0.23641558896805423, -2.0068664102401686e-18, -0.03725885526653192], [0.11617379891272316, -0.20390820385789893, -0.046964303982025064]], "triangles": [[0, 5, 12], [16, 0, 12], [1, 11, 2], [10, 1, 2], [7, 1, 10], [10, 3, 7], [9, 5, 0], [0, 6, 9], [9, 7, 3], [6, 7, 9], [9, 3, 10], [10, 4, 9], [8, 12, 5], [13, 12, 8], [8, 9, 4], [5, 9, 8], [10, 2, 8], [8, 4, 10], [15, 2, 11], [11, 17, 15], [15, 8, 2], [13, 8, 15], [16, 12, 15], [15, 12, 13], [14, 11, 1], [14, 17, 11], [1, 7, 14], [14, 7, 6], [14, 0, 16], [14, 6, 0], [14, 15, 17], [16, 15, 14]], "faces": [[[0.11849214308540731, 0.2039082038578989, -0.03725885526653192], [0.23641558896805423, -2.0068664102401686e-18, -0.03725885526653192], [0.23409724479537006, 0.0, 0.04696430398202508], [0.11617379891272316, 0.20390820385789887, 0.04696430398202508]], [[-0.11617379891272314, -0.2039082038578989, -0.04696430398202508], [-0.23409724479537006, -8.905469695440748e-18, -0.04696430398202508], [-0.23641558896805426, -2.7755575615628914e-17, 0.03725885526653191], [-0.11849214308540731, -0.20390820385789893, 0.03725885526653195]], [[-0.23409724479537006, -8.905469695440748e-18, -0.04696430398202508], [-0.11617379891272314, 0.2039082038578989, -0.04696430398202508], [-0.11849214308540731, 0.2039082038578989, 0.03725885526653192], [-0.23641558896805426, -2.7755575615628914e-17, 0.03725885526653191]], [[0.11617379891272316, 0.20390820385789887, 0.04696430398202508], [-0.11617379891272314, 0.2039082038578989, 0.046964303982025064], [-0.11849214308540731, 0.2039082038578989, 0.03725885526653192], [-0.11617379891272314, 0.2039082038578989, -0.04696430398202508], [0.11617379891272313, 0.20390820385789887, -0.04696430398202508], [0.11849214308540731, 0.2039082038578989, -0.03725885526653192]], [[-0.11617379891272314, 0.2039082038578989, 0.046964303982025064], [-0.23409724479537006, 0.0, 0.04696430398202507], [-0.23641558896805426, -2.7755575615628914e-17, 0.03725885526653191], [-0.11849214308540731, 0.2039082038578989, 0.03725885526653192]], [[0.11617379891272316, 0.20390820385789887, 0.04696430398202508], [-0.11617379891272314, 0.2039082038578989, 0.046964303982025064], [-0.23409724479537006, 0.0, 0.04696430398202507], [-0.11617379891272314, -0.2039082038578989, 0.046964303982025064], [0.11617379891272313, -0.2039082038578989, 0.04696430398202508], [0.23409724479537006, 0.0, 0.04696430398202508]], [[-0.11617379891272314, -0.2039082038578989, 0.046964303982025064], [-0.23409724479537006, 0.0, 0.04696430398202507], [-0.23641558896805426, -2.7755575615628914e-17, 0.03725885526653191], [-0.11849214308540731, -0.20390820385789893, 0.03725885526653195]], [[-0.11617379891272314, -0.2039082038578989, -0.04696430398202508], [0.11617379891272316, -0.20390820385789893, -0.046964303982025064], [0.11849214308540731, -0.2039082038578989, -0.037258855266531915], [0.11617379891272313, -0.2039082038578989, 0.04696430398202508], [-0.11617379891272314, -0.2039082038578989, 0.046964303982025064], [-0.11849214308540731, -0.20390820385789893, 0.03725885526653195]], [[0.23409724479537006, 0.0, 0.04696430398202508], [0.23641558896805423, -2.0068664102401686e-18, -0.03725885526653192], [0.11849214308540731, -0.2039082038578989, -0.037258855266531915], [0.11617379891272313, -0.2039082038578989, 0.04696430398202508]], [[0.11617379891272316, -0.20390820385789893, -0.046964303982025064], [-0.11617379891272314, -0.2039082038578989, -0.04696430398202508], [-0.23409724479537006, -8.905469695440748e-18, -0.04696430398202508], [-0.11617379891272314, 0.2039082038578989, -0.04696430398202508], [0.11617379891272313, 0.20390820385789887, -0.04696430398202508], [0.23409724479537006, 0.0, -0.046964303982025064]], [[0.11849214308540731, 0.2039082038578989, -0.03725885526653192], [0.23641558896805423, -2.0068664102401686e-18, -0.03725885526653192], [0.23409724479537006, 0.0, -0.046964303982025064], [0.11617379891272313, 0.20390820385789887, -0.04696430398202508]], [[0.23409724479537006, 0.0, -0.046964303982025064], [0.23641558896805423, -2.0068664102401686e-18, -0.03725885526653192], [0.11849214308540731, -0.2039082038578989, -0.037258855266531915], [0.11617379891272316, -0.20390820385789893, -0.046964303982025064]]]}, "b1": [0.35258938788077737, 0.2039082038578989, 0.009705448715493155], "b2": [-0.35258938788077737, 0.2039082038578989, -0.009705448715493158], "b3": [0.0, 0.0, 0.09392860796405014], "path": [["GAMMA", "Y"], ["Y", "M"], ["M", "A"], ["A", "GAMMA"], ["L_2", "GAMMA"], ["GAMMA", "V_2"]]}