{"kpoints": {"H_4'": [-0.1482804133035281, 0.0, -0.11040373481372524], "M'": [-1.3877787807814457e-17, -0.16823244461248862, -0.11040373481372524], "F_2": [-0.02221220803471423, 0.16823244461248862, 0.11040373481372523], "A": [0.0, 0.0, 0.11040373481372524], "F_4'": [-0.022212208034714256, -0.16823244461248862, -0.11040373481372526], "G_6'": [-0.049215276025127666, -0.16823244461248862, -0.05118085243800687], "F_2'": [0.02221220803471423, -0.16823244461248862, -0.11040373481372523], "G_4'": [-0.17528348129394153, 0.0, -0.05118085243800687], "GAMMA": [0.0, 0.0, 0.0], "A'": [0.0, -0.0, -0.11040373481372524], "L_2'": [0.11224937865953459, -0.08411622230624431, -0.05922288237571837], "G'": [0.17528348129394153, 0.0, 0.05118085243800687], "L_2": [-0.11224937865953459, 0.08411622230624431, 0.05922288237571837], "G": [-0.17528348129394153, 0.0, -0.05118085243800687], "F": [-0.20228654928435497, 0.0, 0.008042029937711512], "H": [-0.1482804133035281, 0.0, 0.11040373481372524], "M": [1.3877787807814457e-17, 0.16823244461248862, 0.11040373481372524], "F_4": [0.022212208034714256, 0.16823244461248862, 0.11040373481372526], "H_2'": [0.07621834401554109, -0.16823244461248862, -0.008042029937711505], "Y": [1.3877787807814457e-17, 0.16823244461248862, 0.0], "V_2'": [0.11224937865953459, -0.08411622230624431, 0.05118085243800687], "H_4": [0.1482804133035281, 0.0, 0.11040373481372524], "H_2": [-0.07621834401554109, 0.16823244461248862, 0.008042029937711505], "V_2": [-0.11224937865953459, 0.08411622230624431, -0.05118085243800687], "G_2'": [0.049215276025127666, -0.16823244461248862, 0.05118085243800687], "G_4": [0.17528348129394153, 0.0, 0.05118085243800687], "G_6": [0.049215276025127666, 0.16823244461248862, 0.05118085243800687], "Y'": [-1.3877787807814457e-17, -0.16823244461248862, 0.0], "G_2": [-0.049215276025127666, 0.16823244461248862, -0.05118085243800687], "F'": [0.20228654928435497, 0.0, -0.008042029937711512], "H'": [0.1482804133035281, 0.0, -0.11040373481372524]}, "faces_data": {"triangles_vertices": [[0.1482804133035281, 0.0, -0.11040373481372523], [0.022212208034714166, -0.16823244461248865, -0.11040373481372523], [-0.1482804133035281, -2.7755575615628914e-17, 0.11040373481372527], [0.07621834401554106, -0.16823244461248862, -0.008042029937711512], [0.1482804133035281, 2.7755575615628914e-17, 0.11040373481372526], [0.202286549284355, 2.3970376109535934e-17, -0.008042029937711493], [0.022212208034714166, -0.16823244461248865, 0.11040373481372526], [-0.022212208034714215, -0.1682324446124886, 0.11040373481372524], [-0.07621834401554109, -0.1682324446124886, 0.008042029937711526], [-0.022212208034714215, -0.1682324446124886, -0.11040373481372522], [0.07621834401554113, 0.1682324446124886, -0.008042029937711468], [-0.022212208034714187, 0.16823244461248865, 0.11040373481372527], [0.022212208034714194, 0.1682324446124886, 0.11040373481372526], [0.022212208034714194, 0.1682324446124886, -0.11040373481372526], [-0.07621834401554106, 0.16823244461248862, 0.008042029937711512], [-0.1482804133035281, 0.0, -0.11040373481372523], [-0.20228654928435502, -2.7755575615628914e-17, 0.008042029937711484], [-0.022212208034714187, 0.16823244461248862, -0.11040373481372524]], "triangles": [[11, 14, 2], [2, 14, 16], [13, 10, 0], [0, 10, 5], [8, 15, 9], [16, 15, 8], [3, 4, 6], [5, 4, 3], [5, 10, 12], [12, 4, 5], [17, 12, 10], [17, 14, 11], [17, 10, 13], [11, 12, 17], [16, 14, 17], [17, 15, 16], [11, 2, 7], [4, 12, 7], [6, 4, 7], [7, 12, 11], [7, 2, 16], [16, 8, 7], [13, 0, 1], [15, 17, 1], [9, 15, 1], [1, 17, 13], [1, 8, 9], [1, 3, 6], [1, 7, 8], [6, 7, 1], [1, 0, 5], [5, 3, 1]], "faces": [[[-0.1482804133035281, -2.7755575615628914e-17, 0.11040373481372527], [-0.20228654928435502, -2.7755575615628914e-17, 0.008042029937711484], [-0.07621834401554106, 0.16823244461248862, 0.008042029937711512], [-0.022212208034714187, 0.16823244461248865, 0.11040373481372527]], [[0.022212208034714194, 0.1682324446124886, -0.11040373481372526], [0.07621834401554113, 0.1682324446124886, -0.008042029937711468], [0.202286549284355, 2.3970376109535934e-17, -0.008042029937711493], [0.1482804133035281, 0.0, -0.11040373481372523]], [[-0.07621834401554109, -0.1682324446124886, 0.008042029937711526], [-0.20228654928435502, -2.7755575615628914e-17, 0.008042029937711484], [-0.1482804133035281, 0.0, -0.11040373481372523], [-0.022212208034714215, -0.1682324446124886, -0.11040373481372522]], [[0.022212208034714166, -0.16823244461248865, 0.11040373481372526], [0.07621834401554106, -0.16823244461248862, -0.008042029937711512], [0.202286549284355, 2.3970376109535934e-17, -0.008042029937711493], [0.1482804133035281, 2.7755575615628914e-17, 0.11040373481372526]], [[0.1482804133035281, 2.7755575615628914e-17, 0.11040373481372526], [0.022212208034714194, 0.1682324446124886, 0.11040373481372526], [0.07621834401554113, 0.1682324446124886, -0.008042029937711468], [0.202286549284355, 2.3970376109535934e-17, -0.008042029937711493]], [[-0.022212208034714187, 0.16823244461248862, -0.11040373481372524], [0.022212208034714194, 0.1682324446124886, -0.11040373481372526], [0.07621834401554113, 0.1682324446124886, -0.008042029937711468], [0.022212208034714194, 0.1682324446124886, 0.11040373481372526], [-0.022212208034714187, 0.16823244461248865, 0.11040373481372527], [-0.07621834401554106, 0.16823244461248862, 0.008042029937711512]], [[-0.07621834401554106, 0.16823244461248862, 0.008042029937711512], [-0.20228654928435502, -2.7755575615628914e-17, 0.008042029937711484], [-0.1482804133035281, 0.0, -0.11040373481372523], [-0.022212208034714187, 0.16823244461248862, -0.11040373481372524]], [[0.022212208034714166, -0.16823244461248865, 0.11040373481372526], [0.1482804133035281, 2.7755575615628914e-17, 0.11040373481372526], [0.022212208034714194, 0.1682324446124886, 0.11040373481372526], [-0.022212208034714187, 0.16823244461248865, 0.11040373481372527], [-0.1482804133035281, -2.7755575615628914e-17, 0.11040373481372527], [-0.022212208034714215, -0.1682324446124886, 0.11040373481372524]], [[-0.1482804133035281, -2.7755575615628914e-17, 0.11040373481372527], [-0.20228654928435502, -2.7755575615628914e-17, 0.008042029937711484], [-0.07621834401554109, -0.1682324446124886, 0.008042029937711526], [-0.022212208034714215, -0.1682324446124886, 0.11040373481372524]], [[0.1482804133035281, 0.0, -0.11040373481372523], [0.022212208034714194, 0.1682324446124886, -0.11040373481372526], [-0.022212208034714187, 0.16823244461248862, -0.11040373481372524], [-0.1482804133035281, 0.0, -0.11040373481372523], [-0.022212208034714215, -0.1682324446124886, -0.11040373481372522], [0.022212208034714166, -0.16823244461248865, -0.11040373481372523]], [[0.022212208034714166, -0.16823244461248865, -0.11040373481372523], [-0.022212208034714215, -0.1682324446124886, -0.11040373481372522], [-0.07621834401554109, -0.1682324446124886, 0.008042029937711526], [-0.022212208034714215, -0.1682324446124886, 0.11040373481372524], [0.022212208034714166, -0.16823244461248865, 0.11040373481372526], [0.07621834401554106, -0.16823244461248862, -0.008042029937711512]], [[0.1482804133035281, 0.0, -0.11040373481372523], [0.202286549284355, 2.3970376109535934e-17, -0.008042029937711493], [0.07621834401554106, -0.16823244461248862, -0.008042029937711512], [0.022212208034714166, -0.16823244461248865, -0.11040373481372523]]]}, "b1": [0.2244987573190692, 0.16823244461248862, 0.10236170487601375], "b2": [-0.22449875731906918, 0.16823244461248862, -0.10236170487601375], "b3": [0.0, 0.0, 0.2208074696274505], "path": [["GAMMA", "Y"], ["Y", "M"], ["M", "A"], ["A", "GAMMA"], ["L_2", "GAMMA"], ["GAMMA", "V_2"], ["GAMMA", "Y'"], ["Y'", "M'"], ["M'", "A'"], ["A'", "GAMMA"], ["L_2'", "GAMMA"], ["GAMMA", "V_2'"]]}