{"kpoints": {"A": [0.0, 0.0, 0.04696430398202507], "L_2": [0.17629469394038869, 0.10195410192894945, 0.05181702833977165], "H_4": [0.0, -0.1353822615059742, 0.040520494605187106], "H_2": [0.35258938788077737, 0.06852594235192469, 0.05022594332068026], "G": [0.0, 0.1360526296628518, 0.001622992630673357], "V_2": [0.17629469394038869, 0.10195410192894945, 0.004852724357746579], "F": [0.0, 0.13672299781972935, 0.04376647986653383], "H": [0.0, 0.1353822615059742, 0.05340811335886304], "G_6": [0.35258938788077737, -0.06785557419504712, 0.011328441346166512], "M": [0.35258938788077737, 0.0, 0.05666975269751823], "G_2": [0.35258938788077737, 0.06785557419504712, 0.008082456084819802], "F_4": [0.35258938788077737, -0.06718520603816955, 0.053471928582026984], "F_2": [0.35258938788077737, 0.06718520603816955, 0.05986757681300947], "G_4": [0.0, -0.1360526296628518, -0.001622992630673357], "Y": [0.35258938788077737, 0.0, 0.009705448715493156], "GAMMA": [0.0, 0.0, 0.0]}, "faces_data": {"triangles_vertices": [[-0.11849214308540731, -0.2039082038578989, 0.03725885526653192], [-0.23409724479537006, 0.0, 0.04696430398202507], [-0.11617379891272314, -0.20390820385789887, 0.046964303982025064], [-0.11849214308540731, 0.2039082038578989, 0.03725885526653192], [-0.23641558896805426, 0.0, 0.03725885526653192], [-0.23409724479537009, -1.605493128192135e-17, -0.046964303982025064], [-0.11617379891272314, -0.2039082038578989, -0.04696430398202508], [-0.11617379891272314, 0.2039082038578989, -0.04696430398202508], [0.11617379891272311, -0.2039082038578989, 0.046964303982025064], [0.23409724479537006, -2.7755575615628914e-17, 0.046964303982025106], [-0.11617379891272314, 0.20390820385789893, 0.046964303982025044], [0.11617379891272311, 0.2039082038578989, 0.046964303982025044], [0.11849214308540731, -0.2039082038578989, -0.037258855266531915], [0.11617379891272313, -0.2039082038578989, -0.046964303982025064], [0.11849214308540731, 0.2039082038578989, -0.037258855266531915], [0.23409724479537006, -2.7755575615628914e-17, -0.04696430398202504], [0.23641558896805423, 2.0068664102401686e-18, -0.03725885526653192], [0.11617379891272313, 0.2039082038578989, -0.046964303982025064]], "triangles": [[16, 9, 8], [8, 12, 16], [3, 1, 10], [4, 1, 3], [4, 3, 5], [5, 3, 7], [16, 12, 15], [15, 12, 13], [6, 5, 7], [6, 15, 13], [6, 17, 15], [7, 17, 6], [4, 5, 6], [6, 0, 4], [9, 11, 2], [10, 1, 2], [2, 11, 10], [2, 8, 9], [12, 8, 2], [13, 12, 2], [0, 6, 2], [2, 6, 13], [2, 1, 4], [4, 0, 2], [10, 11, 14], [14, 3, 10], [7, 3, 14], [14, 17, 7], [14, 11, 9], [14, 9, 16], [16, 15, 14], [15, 17, 14]], "faces": [[[0.23409724479537006, -2.7755575615628914e-17, 0.046964303982025106], [0.11617379891272311, -0.2039082038578989, 0.046964303982025064], [0.11849214308540731, -0.2039082038578989, -0.037258855266531915], [0.23641558896805423, 2.0068664102401686e-18, -0.03725885526653192]], [[-0.23409724479537006, 0.0, 0.04696430398202507], [-0.23641558896805426, 0.0, 0.03725885526653192], [-0.11849214308540731, 0.2039082038578989, 0.03725885526653192], [-0.11617379891272314, 0.20390820385789893, 0.046964303982025044]], [[-0.11849214308540731, 0.2039082038578989, 0.03725885526653192], [-0.11617379891272314, 0.2039082038578989, -0.04696430398202508], [-0.23409724479537009, -1.605493128192135e-17, -0.046964303982025064], [-0.23641558896805426, 0.0, 0.03725885526653192]], [[0.11849214308540731, -0.2039082038578989, -0.037258855266531915], [0.23641558896805423, 2.0068664102401686e-18, -0.03725885526653192], [0.23409724479537006, -2.7755575615628914e-17, -0.04696430398202504], [0.11617379891272313, -0.2039082038578989, -0.046964303982025064]], [[0.11617379891272313, -0.2039082038578989, -0.046964303982025064], [-0.11617379891272314, -0.2039082038578989, -0.04696430398202508], [-0.23409724479537009, -1.605493128192135e-17, -0.046964303982025064], [-0.11617379891272314, 0.2039082038578989, -0.04696430398202508], [0.11617379891272313, 0.2039082038578989, -0.046964303982025064], [0.23409724479537006, -2.7755575615628914e-17, -0.04696430398202504]], [[-0.11849214308540731, -0.2039082038578989, 0.03725885526653192], [-0.11617379891272314, -0.2039082038578989, -0.04696430398202508], [-0.23409724479537009, -1.605493128192135e-17, -0.046964303982025064], [-0.23641558896805426, 0.0, 0.03725885526653192]], [[-0.23409724479537006, 0.0, 0.04696430398202507], [-0.11617379891272314, 0.20390820385789893, 0.046964303982025044], [0.11617379891272311, 0.2039082038578989, 0.046964303982025044], [0.23409724479537006, -2.7755575615628914e-17, 0.046964303982025106], [0.11617379891272311, -0.2039082038578989, 0.046964303982025064], [-0.11617379891272314, -0.20390820385789887, 0.046964303982025064]], [[0.11617379891272311, -0.2039082038578989, 0.046964303982025064], [-0.11617379891272314, -0.20390820385789887, 0.046964303982025064], [-0.11849214308540731, -0.2039082038578989, 0.03725885526653192], [-0.11617379891272314, -0.2039082038578989, -0.04696430398202508], [0.11617379891272313, -0.2039082038578989, -0.046964303982025064], [0.11849214308540731, -0.2039082038578989, -0.037258855266531915]], [[-0.11617379891272314, -0.20390820385789887, 0.046964303982025064], [-0.23409724479537006, 0.0, 0.04696430398202507], [-0.23641558896805426, 0.0, 0.03725885526653192], [-0.11849214308540731, -0.2039082038578989, 0.03725885526653192]], [[0.11849214308540731, 0.2039082038578989, -0.037258855266531915], [0.11617379891272313, 0.2039082038578989, -0.046964303982025064], [-0.11617379891272314, 0.2039082038578989, -0.04696430398202508], [-0.11849214308540731, 0.2039082038578989, 0.03725885526653192], [-0.11617379891272314, 0.20390820385789893, 0.046964303982025044], [0.11617379891272311, 0.2039082038578989, 0.046964303982025044]], [[0.23409724479537006, -2.7755575615628914e-17, 0.046964303982025106], [0.23641558896805423, 2.0068664102401686e-18, -0.03725885526653192], [0.11849214308540731, 0.2039082038578989, -0.037258855266531915], [0.11617379891272311, 0.2039082038578989, 0.046964303982025044]], [[0.11617379891272313, 0.2039082038578989, -0.046964303982025064], [0.11849214308540731, 0.2039082038578989, -0.037258855266531915], [0.23641558896805423, 2.0068664102401686e-18, -0.03725885526653192], [0.23409724479537006, -2.7755575615628914e-17, -0.04696430398202504]]]}, "b1": [0.35258938788077737, -0.2039082038578989, 0.009705448715493155], "b2": [0.35258938788077737, 0.2039082038578989, 0.009705448715493158], "b3": [0.0, 0.0, 0.09392860796405014], "path": [["GAMMA", "Y"], ["Y", "M"], ["M", "A"], ["A", "GAMMA"], ["L_2", "GAMMA"], ["GAMMA", "V_2"]]}