{"kpoints": {"H_4'": [-0.13949752294854645, 0.0, -0.12551061005342667], "K'": [0.18754405274016214, 0.0, -0.017191568560581197], "Y": [0.0, 0.17224106962968877, 0.0], "A": [0.0, 0.0, 0.12551061005342667], "N_2": [-0.0017601969543682983, 0.17224106962968877, -0.0014890883865837864], "M_2": [-0.16528098479872258, 0.0, 0.06986200092042015], "GAMMA": [0.0, 0.0, 0.0], "N_4'": [-0.16352078784435428, 0.0, -0.05415952074642274], "N_2'": [0.0017601969543682983, -0.17224106962968877, 0.0014890883865837864], "A'": [0.0, -0.0, -0.12551061005342667], "V'": [-0.08264049239936129, -0.08612053481484438, -0.027824304566503262], "L_2'": [0.08264049239936129, -0.08612053481484438, -0.09768630548692342], "M_2'": [0.16528098479872258, 0.0, -0.06986200092042015], "H": [-0.13949752294854645, 0.0, 0.12551061005342667], "I'": [0.16528098479872258, -0.03838049839956212, -0.06986200092042015], "L_2": [-0.08264049239936129, 0.08612053481484438, 0.09768630548692342], "I": [-0.16528098479872258, 0.03838049839956212, 0.06986200092042015], "K_4'": [0.022263067941439563, -0.17224106962968877, -0.07284017769358772], "K": [-0.18754405274016214, 0.0, 0.017191568560581197], "K_2": [-0.14301791685728302, 0.0, 0.12253243328025909], "V_2'": [0.08264049239936129, -0.08612053481484438, 0.027824304566503262], "K_4": [-0.022263067941439563, 0.17224106962968877, 0.07284017769358772], "N": [-0.16352078784435428, 0.0, -0.05415952074642274], "H_2'": [0.02578346185017613, -0.17224106962968877, -0.06986200092042015], "V": [0.08264049239936129, 0.08612053481484438, 0.027824304566503262], "N_6'": [-0.0017601969543682983, -0.17224106962968877, -0.0014890883865837864], "I_2'": [0.0, -0.13386057123012665, -0.12551061005342667], "N'": [0.16352078784435428, 0.0, 0.05415952074642274], "H_4": [0.13949752294854645, 0.0, 0.12551061005342667], "H_2": [-0.02578346185017613, 0.17224106962968877, 0.06986200092042015], "V_2": [-0.08264049239936129, 0.08612053481484438, -0.027824304566503262], "N_4": [0.16352078784435428, 0.0, 0.05415952074642274], "N_6": [0.0017601969543682983, 0.17224106962968877, 0.0014890883865837864], "Y'": [0.0, -0.17224106962968877, 0.0], "I_2": [0.0, 0.13386057123012665, 0.12551061005342667], "K_2'": [0.14301791685728302, 0.0, -0.12253243328025909], "H'": [0.13949752294854645, 0.0, -0.12551061005342667]}, "faces_data": {"triangles_vertices": [[0.16528098479872258, -0.03838049839956212, -0.06986200092042015], [0.18754405274016211, 2.7755575615628914e-17, -0.017191568560581114], [0.025783461850176107, -0.17224106962968874, -0.06986200092042015], [-0.02226306794143956, -0.17224106962968874, 0.07284017769358772], [0.13949752294854642, 2.7755575615628914e-17, -0.12551061005342667], [0.14301791685728302, 2.7755575615628914e-17, -0.12253243328025916], [0.16528098479872258, 0.03838049839956212, -0.06986200092042014], [5.551115123125783e-17, 0.13386057123012665, -0.1255106100534267], [-0.16528098479872255, 0.03838049839956209, 0.06986200092042016], [-0.14301791685728305, 2.7755575615628914e-17, 0.12253243328025915], [-5.551115123125783e-17, -0.13386057123012665, -0.12551061005342667], [0.022263067941439535, -0.17224106962968877, -0.07284017769358771], [-0.02578346185017613, -0.17224106962968877, 0.06986200092042015], [-0.13949752294854645, 2.7755575615628914e-17, -0.1255106100534267], [-0.16528098479872258, -0.038380498399562146, 0.06986200092042018], [-0.18754405274016214, 2.7755575615628914e-17, 0.017191568560581197], [-0.02578346185017613, 0.17224106962968874, 0.06986200092042018], [-0.02226306794143956, 0.17224106962968874, 0.07284017769358772], [0.02226306794143956, 0.17224106962968874, -0.07284017769358772], [0.02578346185017613, 0.17224106962968874, -0.06986200092042018], [1.896488634406331e-17, -0.13386057123012668, 0.12551061005342667], [0.13949752294854648, -1.517190907525065e-17, 0.12551061005342667], [-0.13949752294854645, 3.792977268812662e-18, 0.12551061005342667], [1.896488634406331e-17, 0.13386057123012668, 0.12551061005342667]], "triangles": [[10, 13, 7], [7, 4, 10], [17, 19, 18], [18, 16, 17], [11, 10, 5], [5, 10, 4], [0, 2, 5], [5, 2, 11], [5, 4, 7], [19, 6, 5], [5, 18, 19], [7, 18, 5], [5, 6, 1], [1, 0, 5], [7, 13, 8], [8, 13, 15], [16, 18, 8], [8, 18, 7], [15, 13, 14], [13, 10, 14], [14, 10, 11], [11, 12, 14], [23, 19, 17], [23, 6, 19], [1, 6, 23], [23, 21, 1], [20, 21, 23], [23, 22, 20], [1, 21, 3], [3, 0, 1], [3, 21, 20], [3, 2, 0], [3, 12, 11], [11, 2, 3], [17, 16, 9], [16, 8, 9], [22, 23, 9], [9, 23, 17], [9, 14, 12], [12, 3, 9], [20, 22, 9], [9, 3, 20], [9, 8, 15], [15, 14, 9]],