{"kpoints": {"A": [0.0, 0.0, 0.13006211716678803], "L_2": [-0.10158115502893222, 0.09900836194922515, 0.0788969466779824], "H_4": [0.15834247071195795, -1.3877787807814457e-17, 0.130062117166788], "H_2": [-0.04481983934590647, 0.19801672389845026, 0.02773177618917677], "V_2": [-0.10158115502893222, 0.09900836194922515, -0.05116517048880563], "I": [-0.20316231005786448, 0.03555962685745191, 0.02773177618917677], "H": [-0.15834247071195795, 1.3877787807814457e-17, 0.13006211716678806], "N_6": [0.018714933688314297, 0.19801672389845026, 0.024095794075632743], "K_2": [-0.19577233808858646, 1.3877787807814457e-17, 0.08187052901552255], "K_4": [-0.0073899719692779725, 0.19801672389845026, 0.07592336434044222], "N_2": [-0.018714933688314214, 0.19801672389845026, -0.02409579407563273], "N": [-0.18444737636955022, 1.3877787807814457e-17, -0.07823454690197854], "N_4": [0.18444737636955022, -1.3877787807814457e-17, 0.07823454690197854], "V": [0.10158115502893227, 0.09900836194922513, 0.05116517048880564], "Y": [4.163336342344337e-17, 0.19801672389845026, 6.938893903907228e-18], "M_2": [-0.2031623100578645, 1.3877787807814457e-17, 0.02773177618917677], "K": [-0.2105522820271425, 1.3877787807814457e-17, -0.026406976637169052], "GAMMA": [0.0, 0.0, 0.0], "I_2": [2.7755575615628914e-17, 0.16245709704099837, 0.13006211716678803]}, "faces_data": {"triangles_vertices": [[-2.7755575615628914e-17, -0.16245709704099842, -0.130062117166788], [-0.15834247071195792, 2.7755575615628914e-17, -0.13006211716678806], [0.1583424707119579, 0.0, 0.1300621171667881], [-2.7755575615628914e-17, -0.16245709704099842, 0.13006211716678806], [0.04481983934590658, 0.19801672389845024, -0.027731776189176716], [0.00738997196927807, 0.19801672389845026, -0.07592336434044218], [2.7755575615628914e-17, 0.16245709704099837, -0.13006211716678803], [0.1583424707119579, 5.551115123125783e-17, -0.13006211716678806], [0.0448198393459065, -0.19801672389845024, -0.027731776189176736], [0.007389971969277971, -0.19801672389845026, -0.07592336434044222], [-0.04481983934590658, -0.19801672389845024, 0.02773177618917677], [-0.007389971969278057, -0.19801672389845024, 0.07592336434044224], [-0.21055228202714255, 5.3657048065092634e-17, -0.02640697663716904], [-0.20316231005786453, -0.035559626857451856, 0.02773177618917681], [0.20316231005786453, -0.0355596268574519, -0.027731776189176726], [0.21055228202714255, -5.3657048065092634e-17, 0.02640697663716904], [0.19577233808858657, -7.034397656057931e-18, -0.08187052901552257], [0.20316231005786453, 0.035559626857451856, -0.02773177618917681], [-0.15834247071195792, 2.7755575615628914e-17, 0.130062117166788], [-0.19577233808858646, 0.0, 0.08187052901552244], [-0.20316231005786448, 0.03555962685745187, 0.0277317761891768], [-0.0448198393459065, 0.19801672389845026, 0.027731776189176743], [-0.007389971969277959, 0.1980167238984502, 0.07592336434044222], [2.7755575615628914e-17, 0.1624570970409984, 0.13006211716678803]], "triangles": [[17, 14, 16], [15, 14, 17], [5, 21, 22], [22, 4, 5], [20, 21, 5], [20, 1, 12], [20, 6, 1], [5, 6, 20], [7, 6, 5], [5, 4, 7], [4, 17, 7], [7, 17, 16], [1, 6, 7], [7, 0, 1], [12, 1, 10], [1, 0, 10], [10, 13, 12], [10, 0, 9], [4, 22, 2], [15, 17, 2], [2, 17, 4], [2, 22, 23], [9, 0, 8], [0, 7, 8], [16, 14, 8], [8, 7, 16], [3, 2, 18], [18, 2, 23], [11, 14, 15], [15, 2, 11], [11, 2, 3], [11, 8, 14], [11, 10, 9], [9, 8, 11], [23, 22, 19], [19, 22, 21], [21, 20, 19], [19, 18, 23], [13, 10, 19], [3, 18, 19], [10, 11, 19], [19, 11, 3], [12, 13, 19], [19, 20, 12]], "faces": [[[0.19577233808858657, -7.034397656057931e-18, -0.08187052901552257], [0.20316231005786453, 0.035559626857451856, -0.02773177618917681], [0.21055228202714255, -5.3657048065092634e-17, 0.02640697663716904], [0.20316231005786453, -0.0355596268574519, -0.027731776189176726]], [[0.0448198393459065, -0.19801672389845024, -0.027731776189176736], [-0.007389971969278057, -0.19801672389845024, 0.07592336434044224], [-0.04481983934590658, -0.19801672389845024, 0.02773177618917677], [0.007389971969277971, -0.19801672389845026, -0.07592336434044222]], [[-0.007389971969277959, 0.1980167238984502, 0.07592336434044222], [-0.0448198393459065, 0.19801672389845026, 0.027731776189176743], [0.00738997196927807, 0.19801672389845026, -0.07592336434044218], [0.04481983934590658, 0.19801672389845024, -0.027731776189176716]], [[2.7755575615628914e-17, 0.16245709704099837, -0.13006211716678803], [0.00738997196927807, 0.19801672389845026, -0.07592336434044218], [-0.0448198393459065, 0.19801672389845026, 0.027731776189176743], [-0.20316231005786448, 0.03555962685745187, 0.0277317761891768], [-0.21055228202714255, 5.3657048065092634e-17, -0.02640697663716904], [-0.15834247071195792, 2.7755575615628914e-17, -0.13006211716678806]], [[-2.7755575615628914e-17, -0.16245709704099842, 0.13006211716678806], [-0.007389971969278057, -0.19801672389845024, 0.07592336434044224], [-0.04481983934590658, -0.19801672389845024, 0.02773177618917677], [-0.20316231005786453, -0.035559626857451856, 0.02773177618917681], [-0.19577233808858646, 0.0, 0.08187052901552244], [-0.15834247071195792, 2.7755575615628914e-17, 0.130062117166788]], [[0.04481983934590658, 0.19801672389845024, -0.027731776189176716], [0.20316231005786453, 0.035559626857451856, -0.02773177618917681], [0.19577233808858657, -7.034397656057931e-18, -0.08187052901552257], [0.1583424707119579, 5.551115123125783e-17, -0.13006211716678806], [2.7755575615628914e-17, 0.16245709704099837, -0.13006211716678803], [0.00738997196927807, 0.19801672389845026, -0.07592336434044218]], [[-0.20316231005786453, -0.035559626857451856, 0.02773177618917681], [-0.21055228202714255, 5.3657048065092634e-17, -0.02640697663716904], [-0.20316231005786448, 0.03555962685745187, 0.0277317761891768], [-0.19577233808858646, 0.0, 0.08187052901552244]], [[-0.15834247071195792, 2.7755575615628914e-17, -0.13006211716678806], [-2.7755575615628914e-17, -0.16245709704099842, -0.130062117166788], [0.1583424707119579, 5.551115123125783e-17, -0.13006211716678806], [2.7755575615628914e-17, 0.16245709704099837, -0.13006211716678803]], [[-0.0448198393459065, 0.19801672389845026, 0.027731776189176743], [-0.20316231005786448, 0.03555962685745187, 0.0277317761891768], [-0.19577233808858646, 0.0, 0.08187052901552244], [-0.15834247071195792, 2.7755575615628914e-17, 0.130062117166788], [2.7755575615628914e-17, 0.1624570970409984, 0.13006211716678803], [-0.007389971969277959, 0.1980167238984502, 0.07592336434044222]], [[-0.21055228202714255, 5.3657048065092634e-17, -0.02640697663716904], [-0.15834247071195792, 2.7755575615628914e-17, -0.13006211716678806], [-2.7755575615628914e-17, -0.16245709704099842, -0.130062117166788], [0.007389971969277971, -0.19801672389845026, -0.07592336434044222], [-0.04481983934590658, -0.19801672389845024, 0.02773177618917677], [-0.20316231005786453, -0.035559626857451856, 0.02773177618917681]], [[0.20316231005786453, 0.035559626857451856, -0.02773177618917681], [0.04481983934590658, 0.19801672389845024, -0.027731776189176716], [-0.007389971969277959, 0.1980167238984502, 0.07592336434044222], [2.7755575615628914e-17, 0.1624570970409984, 0.13006211716678803], [0.1583424707119579, 0.0, 0.1300621171667881], [0.21055228202714255, -5.3657048065092634e-17, 0.02640697663716904]], [[0.20316231005786453, -0.0355596268574519, -0.027731776189176726], [0.19577233808858657, -7.034397656057931e-18, -0.08187052901552257], [0.1583424707119579, 5.551115123125783e-17, -0.13006211716678806], [-2.7755575615628914e-17, -0.16245709704099842, -0.130062117166788], [0.007389971969277971, -0.19801672389845026, -0.07592336434044222], [0.0448198393459065, -0.19801672389845024, -0.027731776189176736]], [[2.7755575615628914e-17, 0.1624570970409984, 0.13006211716678803], [-0.15834247071195792, 2.7755575615628914e-17, 0.130062117166788], [-2.7755575615628914e-17, -0.16245709704099842, 0.13006211716678806], [0.1583424707119579, 0.0, 0.1300621171667881]], [[0.1583424707119579, 0.0, 0.1300621171667881], 