{"kpoints": {"A": [0.0, 0.0, 0.13006211716678803], "L_2": [0.10158115502893222, 0.09900836194922515, 0.18122728765559365], "H_4": [4.163336342344337e-17, -0.15433205743446154, 0.05030697451962531], "H_2": [0.20316231005786448, 0.04368466646398872, 0.15263731549723658], "V_2": [0.10158115502893222, 0.09900836194922515, 0.05116517048880563], "I": [0.03648366559614685, 0.19801672389845026, 0.1484384879587106], "H": [-4.163336342344337e-17, 0.15433205743446154, 0.20981725981395077], "N_6": [0.2031623100578645, -0.018240931873048816, 0.11699965459457465], "K_2": [-4.163336342344337e-17, 0.19081392118055923, 0.18047863258002397], "K_4": [0.2031623100578645, 0.007202802717891074, 0.18197594273116335], "N_2": [0.20316231005786445, 0.018240931873048843, 0.08766102736064788], "N": [-2.7755575615628914e-17, 0.17977579202540145, 0.014669313616963383], "N_4": [2.7755575615628914e-17, -0.17977579202540145, -0.014669313616963383], "V": [0.10158115502893227, -0.09900836194922513, 0.05116517048880564], "Y": [0.2031623100578645, 1.3877787807814457e-17, 0.10233034097761126], "M_2": [-4.163336342344337e-17, 0.19801672389845026, 0.13006211716678803], "K": [-4.163336342344337e-17, 0.20521952661634135, 0.07964560175355206], "GAMMA": [0.0, 0.0, 0.0], "I_2": [0.1666786444617176, 1.3877787807814457e-17, 0.21401608735247674]}, "faces_data": {"triangles_vertices": [[-0.15834247071195792, 5.551115123125783e-17, -0.130062117166788], [2.7755575615628914e-17, -0.16245709704099837, -0.13006211716678803], [0.0448198393459065, 0.19801672389845026, -0.027731776189176743], [0.15834247071195792, 2.7755575615628914e-17, -0.130062117166788], [0.007389971969277959, 0.1980167238984502, -0.07592336434044222], [-2.7755575615628914e-17, 0.16245709704099842, -0.130062117166788], [0.1583424707119579, -5.551115123125783e-17, 0.13006211716678806], [5.551115123125783e-17, -0.16245709704099842, 0.13006211716678806], [-0.04481983934590658, 0.19801672389845024, 0.027731776189176716], [-0.00738997196927807, 0.19801672389845026, 0.07592336434044218], [-5.551115123125783e-17, 0.16245709704099842, 0.13006211716678806], [-0.15834247071195792, 2.7755575615628914e-17, 0.13006211716678806], [-0.20316231005786453, -0.0355596268574519, 0.02773177618917679], [-0.21055228202714252, -1.2214692145950679e-17, -0.02640697663716908], [-0.19577233808858657, -7.034397656057931e-18, 0.08187052901552257], [-0.20316231005786453, 0.035559626857451856, 0.02773177618917681], [-0.0448198393459065, -0.19801672389845032, 0.027731776189176834], [-0.007389971969277971, -0.19801672389845026, 0.07592336434044222], [0.044819839345906574, -0.1980167238984502, -0.02773177618917675], [0.007389971969278059, -0.19801672389845032, -0.07592336434044222], [0.20316231005786453, 0.0355596268574519, -0.02773177618917679], [0.19577233808858652, 2.6460501993155727e-17, -0.08187052901552257], [0.21055228202714252, 1.2214692145950679e-17, 0.02640697663716908], [0.20316231005786453, -0.03555962685745183, -0.027731776189176684]], "triangles": [[1, 0, 3], [3, 0, 5], [12, 0, 1], [1, 19, 12], [13, 0, 12], [12, 19, 16], [13, 12, 15], [15, 12, 14], [18, 23, 17], [17, 23, 22], [17, 6, 7], [22, 6, 17], [16, 19, 17], [17, 19, 18], [11, 12, 16], [14, 12, 11], [16, 17, 11], [11, 17, 7], [7, 6, 11], [11, 6, 10], [1, 3, 21], [21, 19, 1], [18, 19, 21], [21, 23, 18], [22, 23, 21], [21, 20, 22], [9, 6, 22], [10, 6, 9], [9, 20, 2], [22, 20, 9], [9, 15, 14], [14, 11, 9], [9, 11, 10], [9, 8, 15], [4, 3, 5], [2, 20, 4], [20, 21, 4], [4, 21, 3], [4, 0, 13], [5, 0, 4], [13, 15, 4], [15, 8, 4], [4, 9, 2], [8, 9, 4]], "faces": [[[-2.7755575615628914e-17, 0.16245709704099842, -0.130062117166788], [0.15834247071195792, 2.7755575615628914e-17, -0.130062117166788], [2.7755575615628914e-17, -0.16245709704099837, -0.13006211716678803], [-0.15834247071195792, 5.551115123125783e-17, -0.130062117166788]], [[-0.0448198393459065, -0.19801672389845032, 0.027731776189176834], [0.007389971969278059, -0.19801672389845032, -0.07592336434044222], [2.7755575615628914e-17, -0.16245709704099837, -0.13006211716678803], [-0.15834247071195792, 5.551115123125783e-17, -0.130062117166788], [-0.21055228202714252, -1.2214692145950679e-17, -0.02640697663716908], [-0.20316231005786453, -0.0355596268574519, 0.02773177618917679]], [[-0.20316231005786453, 0.035559626857451856, 0.02773177618917681], [-0.21055228202714252, -1.2214692145950679e-17, -0.02640697663716908], [-0.15834247071195792, 5.551115123125783e-17, -0.130062117166788], [-2.7755575615628914e-17, 0.16245709704099842, -0.130062117166788], [0.007389971969277959, 0.1980167238984502, -0.07592336434044222], [-0.04481983934590658, 0.19801672389845024, 0.027731776189176716]], [[-0.20316231005786453, -0.0355596268574519, 0.02773177618917679], [-0.19577233808858657, -7.034397656057931e-18, 0.08187052901552257], [-0.20316231005786453, 0.035559626857451856, 0.02773177618917681], [-0.21055228202714252, -1.2214692145950679e-17, -0.02640697663716908]], [[0.1583424707119579, -5.551115123125783e-17, 0.13006211716678806], [0.21055228202714252, 1.2214692145950679e-17, 0.02640697663716908], [0.20316231005786453, -0.03555962685745183, -0.027731776189176684], [0.044819839345906574, -0.1980167238984502, -0.02773177618917675], [-0.007389971969277971, -0.19801672389845026, 0.07592336434044222], [5.551115123125783e-17, -0.16245709704099842, 0.13006211716678806]], [[0.0448198393459065, 0.19801672389845026, -0.027731776189176743], [-0.00738997196927807, 0.19801672389845026, 0.07592336434044218], [-0.04481983934590658, 0.19801672389845024, 0.027731776189176716], [0.007389971969277959, 0.1980167238984502, -0.07592336434044222]], [[-0.0448198393459065, -0.19801672389845032, 0.027731776189176834], [0.007389971969278059, -0.19801672389845032, -0.07592336434044222], [0.044819839345906574, -0.1980167238984502, -0.02773177618917675], [-0.007389971969277971, -0.19801672389845026, 0.07592336434044222]], [[0.20316231005786453, 0.0355596268574519, -0.02773177618917679], [0.0448198393459065, 0.19801672389845026, -0.027731776189176743], [0.007389971969277959, 0.1980167238984502, -0.07592336434044222], [-2.7755575615628914e-17, 0.16245709704099842, -0.130062117166788], [0.15834247071195792, 2.7755575615628914e-17, -0.130062117166788], [0.19577233808858652, 2.6460501993155727e-17, -0.08187052901552257]], [[5.551115123125783e-17, -0.16245709704099842, 0.13006211716678806], [-0.007389971969277971, -0.19801672389845026, 0.07592336434044222], [-0.0448198393459065, -0.19801672389845032, 0.027731776189176834], [-0.20316231005786453, -0.0355596268574519, 0.02773177618917679], [-0.19577233808858657, -7.034397656057931e-18, 0.08187052901552257], [-0.15834247071195792, 2.7755575615628914e-17, 0.13006211716678806]], [[0.1583424707119579, -5.551115123125783e-17, 0.13006211716678806], [-5.551115123125783e-17, 0.16245709704099842, 0.13006211716678806], [-0.15834247071195792, 2.7755575615628914e-17, 0.13006211716678806], [5.551115123125783e-17, -0.16245709704099842, 0.13006211716678806]], [[0.20316231005786453, -0.03555962685745183, -0.027731776189176684], [0.19577233808858652, 2.6460501993155727e-17, -0.08187052901552257], [0.15834247071195792, 2.7755575615628914e-17, -0.130062117166788], [2.7755575615628914e-17, -0.16245709704099837, -0.13006211716678803], [0.007389971969278059, -0.19801672389845032, -0.07592336434044222], [0.044819839345906574, -0.1980167238984502, -0.02773177618917675]], [[0.20316231005786453, 0.0355596268574519, -0.02773177618917679], [0.21055228202714252, 1.2214692145950679e-17, 0.02640697663716908], [0.20316231005786453, -0.03555962685745183, -0.027731776189176684], [0.19577233808858652, 2.6460501993155727e-17, -0.08187052901552257]], [[0.20316231005786453, 0.0355596268574519, -0.02773177618917679], [0.0448198393459065, 0.19801672389845026, -0.027731776189176743], [-0.00738997196927807, 0.19801672389845026, 0.07592336434044218], [-5.551115123125783e-17, 0.16245709704099842, 0.13006211716678806], [0.1583424707119579, -5.551115123125783e-17, 0.13006211716678806], 