{"kpoints": {"A": [-0.11576245630469562, 0.0, 0.08218334311375856], "D_2'": [0.0, -0.1341287072318182, 0.08755844986259481], "Y_2'": [0.11576245630469562, 0.0, 0.005375106748836253], "M'": [0.11194650201075781, -0.1341287072318182, -0.08755844986259481], "GAMMA": [0.0, 0.0, 0.0], "A'": [0.11576245630469562, 0.0, -0.08218334311375856], "E'": [0.11576245630469562, -0.1341287072318182, -0.08218334311375856], "Z'": [-0.0, -0.1341287072318182, -0.0], "C'": [-0.11576245630469562, -0.1341287072318182, -0.005375106748836253], "M_2'": [0.11957841059863342, -0.1341287072318182, -0.07680823636492232], "D_2": [0.0, 0.1341287072318182, -0.08755844986259481], "C_2": [-0.11576245630469562, 0.1341287072318182, -0.005375106748836253], "M_4'": [0.11194650201075781, -0.1341287072318182, 0.08755844986259481], "B_2": [0.0, 0.0, -0.08755844986259481], "C_2'": [0.11576245630469562, -0.1341287072318182, 0.005375106748836253], "H_4'": [0.11194650201075781, 0.0, 0.08755844986259481], "C": [0.11576245630469562, 0.1341287072318182, 0.005375106748836253], "B": [0.0, 0.0, 0.08755844986259481], "E": [-0.11576245630469562, 0.1341287072318182, 0.08218334311375856], "D": [0.0, 0.1341287072318182, 0.08755844986259481], "B_2'": [0.0, 0.0, 0.08755844986259481], "H": [-0.11194650201075781, 0.0, 0.08755844986259481], "M": [-0.11194650201075781, 0.1341287072318182, 0.08755844986259481], "Y_2": [-0.11576245630469562, 0.0, -0.005375106748836253], "H_2'": [0.11957841059863342, 0.0, -0.07680823636492232], "Y": [0.11576245630469562, 0.0, 0.005375106748836253], "M_2": [-0.11957841059863342, 0.1341287072318182, 0.07680823636492232], "Z": [0.0, 0.1341287072318182, 0.0], "M_4": [-0.11194650201075781, 0.1341287072318182, -0.08755844986259481], "H_4": [-0.11194650201075781, 0.0, -0.08755844986259481], "B'": [-0.0, -0.0, -0.08755844986259481], "H_2": [-0.11957841059863342, 0.0, 0.07680823636492232], "D'": [-0.0, -0.1341287072318182, -0.08755844986259481], "Y'": [-0.11576245630469562, -0.0, -0.005375106748836253], "H'": [0.11194650201075781, 0.0, -0.08755844986259481]}, "faces_data": {"triangles_vertices": [[0.1195784105986334, -0.1341287072318182, -0.07680823636492233], [0.11194650201075784, -0.13412870723181816, 0.08755844986259481], [-0.11194650201075779, -0.13412870723181813, -0.08755844986259478], [0.11194650201075783, -0.13412870723181816, -0.08755844986259481], [-0.11957841059863339, -0.13412870723181822, 0.07680823636492232], [-0.11194650201075783, -0.13412870723181822, 0.08755844986259485], [-0.11957841059863343, 0.13412870723181822, 0.07680823636492229], [-0.11194650201075783, 0.13412870723181822, -0.0875584498625948], [0.1195784105986334, 0.13412870723181822, -0.07680823636492229], [0.11194650201075784, 0.13412870723181822, -0.0875584498625948], [0.11194650201075784, 0.13412870723181822, 0.08755844986259483], [-0.11194650201075783, 0.13412870723181822, 0.08755844986259484]], "triangles": [[4, 5, 11], [6, 4, 11], [1, 11, 5], [10, 11, 1], [10, 1, 8], [8, 1, 0], [7, 11, 10], [6, 11, 7], [7, 8, 9], [10, 8, 7], [7, 4, 6], [7, 2, 4], [3, 1, 5], [4, 2, 3], [3, 5, 4], [0, 1, 3], [9, 8, 3], [3, 8, 0], [3, 7, 9], [2, 7, 3]], "faces": [[[-0.11957841059863339, -0.13412870723181822, 0.07680823636492232], [-0.11957841059863343, 0.13412870723181822, 0.07680823636492229], [-0.11194650201075783, 0.13412870723181822, 0.08755844986259484], [-0.11194650201075783, -0.13412870723181822, 0.08755844986259485]], [[0.11194650201075784, 0.13412870723181822, 0.08755844986259483], [-0.11194650201075783, 0.13412870723181822, 0.08755844986259484], [-0.11194650201075783, -0.13412870723181822, 0.08755844986259485], [0.11194650201075784, -0.13412870723181816, 0.08755844986259481]], [[0.1195784105986334, -0.1341287072318182, -0.07680823636492233], [0.1195784105986334, 0.13412870723181822, -0.07680823636492229], [0.11194650201075784, 0.13412870723181822, 0.08755844986259483], [0.11194650201075784, -0.13412870723181816, 0.08755844986259481]], [[-0.11194650201075783, 0.13412870723181822, 0.08755844986259484], [0.11194650201075784, 0.13412870723181822, 0.08755844986259483], [0.1195784105986334, 0.13412870723181822, -0.07680823636492229], [0.11194650201075784, 0.13412870723181822, -0.0875584498625948], [-0.11194650201075783, 0.13412870723181822, -0.0875584498625948], [-0.11957841059863343, 0.13412870723181822, 0.07680823636492229]], [[-0.11194650201075783, 0.13412870723181822, -0.0875584498625948], [-0.11957841059863343, 0.13412870723181822, 0.07680823636492229], [-0.11957841059863339, -0.13412870723181822, 0.07680823636492232], [-0.11194650201075779, -0.13412870723181813, -0.08755844986259478]], [[-0.11957841059863339, -0.13412870723181822, 0.07680823636492232], [-0.11194650201075783, -0.13412870723181822, 0.08755844986259485], [0.11194650201075784, -0.13412870723181816, 0.08755844986259481], [0.1195784105986334, -0.1341287072318182, -0.07680823636492233], [0.11194650201075783, -0.13412870723181816, -0.08755844986259481], [-0.11194650201075779, -0.13412870723181813, -0.08755844986259478]], [[0.1195784105986334, -0.1341287072318182, -0.07680823636492233], [0.1195784105986334, 0.13412870723181822, -0.07680823636492229], [0.11194650201075784, 0.13412870723181822, -0.0875584498625948], [0.11194650201075783, -0.13412870723181816, -0.08755844986259481]], [[-0.11194650201075783, 0.13412870723181822, -0.0875584498625948], [0.11194650201075784, 0.13412870723181822, -0.0875584498625948], [0.11194650201075783, -0.13412870723181816, -0.08755844986259481], [-0.11194650201075779, -0.13412870723181813, -0.08755844986259478]]]}, "b1": [0.23152491260939123, 0.0, 0.010750213497672505], "b2": [0.0, 0.2682574144636364, 0.0], "b3": [0.0, 0.0, 0.17511689972518962], "path": [["GAMMA", "Z"], ["Z", "D"], ["D", "B"], ["B", "GAMMA"], ["GAMMA", "A"], ["A", "E"], ["E", "Z"], ["Z", "C_2"], ["C_2", "Y_2"], ["Y_2", "GAMMA"], ["GAMMA", "Z'"], ["Z'", "D'"], ["D'", "B'"], ["B'", "GAMMA"], ["GAMMA", "A'"], ["A'", "E'"], ["E'", "Z'"], ["Z'", "C_2'"], ["C_2'", "Y_2'"], ["Y_2'", "GAMMA"]]}