{"kpoints": {"A": [-0.17014939842483523, 0.0, 0.07144652841398574], "C": [0.17014939842483523, 0.12453531360090385, 0.035798981593760056], "B": [0.0, 0.0, 0.10724551000774579], "H_2": [-0.18518155827558086, 0.0, 0.03564754682022568], "D": [0.0, 0.12453531360090385, 0.10724551000774579], "D_2": [0.0, 0.12453531360090385, -0.10724551000774579], "H": [-0.1551172385740896, 0.0, 0.1072455100077458], "M": [-0.1551172385740896, 0.12453531360090385, 0.1072455100077458], "Y_2": [-0.17014939842483523, 0.0, -0.035798981593760056], "C_2": [-0.17014939842483523, 0.12453531360090385, -0.035798981593760056], "M_2": [-0.18518155827558086, 0.12453531360090385, 0.03564754682022568], "Y": [0.17014939842483523, 0.0, 0.035798981593760056], "E": [-0.17014939842483523, 0.12453531360090385, 0.07144652841398574], "B_2": [0.0, 0.0, -0.10724551000774579], "Z": [0.0, 0.12453531360090385, 0.0], "H_4": [-0.1551172385740896, 0.0, -0.10724551000774579], "GAMMA": [0.0, 0.0, 0.0], "M_4": [-0.1551172385740896, 0.12453531360090385, -0.10724551000774579]}, "faces_data": {"triangles_vertices": [[0.1551172385740896, 0.12453531360090382, -0.1072455100077458], [0.1551172385740896, -0.12453531360090382, -0.1072455100077458], [0.18518155827558086, 0.12453531360090385, -0.03564754682022566], [0.18518155827558086, -0.12453531360090385, -0.03564754682022566], [0.15511723857408957, 0.12453531360090382, 0.1072455100077458], [-0.15511723857408963, 0.12453531360090384, -0.10724551000774579], [-0.15511723857408963, -0.12453531360090384, -0.10724551000774579], [-0.18518155827558086, -0.12453531360090382, 0.03564754682022572], [0.1551172385740896, -0.12453531360090388, 0.10724551000774582], [-0.15511723857408957, -0.12453531360090384, 0.10724551000774583], [-0.15511723857408963, 0.12453531360090388, 0.10724551000774585], [-0.1851815582755809, 0.12453531360090388, 0.03564754682022571]], "triangles": [[1, 5, 0], [6, 5, 1], [11, 5, 7], [7, 5, 6], [2, 0, 10], [10, 4, 2], [0, 5, 10], [10, 5, 11], [10, 7, 9], [11, 7, 10], [10, 9, 8], [8, 4, 10], [6, 1, 3], [8, 9, 3], [9, 7, 3], [3, 7, 6], [2, 4, 3], [3, 4, 8], [3, 0, 2], [3, 1, 0]], "faces": [[[-0.15511723857408963, 0.12453531360090384, -0.10724551000774579], [-0.15511723857408963, -0.12453531360090384, -0.10724551000774579], [0.1551172385740896, -0.12453531360090382, -0.1072455100077458], [0.1551172385740896, 0.12453531360090382, -0.1072455100077458]], [[-0.1851815582755809, 0.12453531360090388, 0.03564754682022571], [-0.18518155827558086, -0.12453531360090382, 0.03564754682022572], [-0.15511723857408963, -0.12453531360090384, -0.10724551000774579], [-0.15511723857408963, 0.12453531360090384, -0.10724551000774579]], [[-0.15511723857408963, 0.12453531360090388, 0.10724551000774585], [0.15511723857408957, 0.12453531360090382, 0.1072455100077458], [0.18518155827558086, 0.12453531360090385, -0.03564754682022566], [0.1551172385740896, 0.12453531360090382, -0.1072455100077458], [-0.15511723857408963, 0.12453531360090384, -0.10724551000774579], [-0.1851815582755809, 0.12453531360090388, 0.03564754682022571]], [[-0.1851815582755809, 0.12453531360090388, 0.03564754682022571], [-0.15511723857408963, 0.12453531360090388, 0.10724551000774585], [-0.15511723857408957, -0.12453531360090384, 0.10724551000774583], [-0.18518155827558086, -0.12453531360090382, 0.03564754682022572]], [[0.15511723857408957, 0.12453531360090382, 0.1072455100077458], [-0.15511723857408963, 0.12453531360090388, 0.10724551000774585], [-0.15511723857408957, -0.12453531360090384, 0.10724551000774583], [0.1551172385740896, -0.12453531360090388, 0.10724551000774582]], [[0.1551172385740896, -0.12453531360090382, -0.1072455100077458], [-0.15511723857408963, -0.12453531360090384, -0.10724551000774579], [-0.18518155827558086, -0.12453531360090382, 0.03564754682022572], [-0.15511723857408957, -0.12453531360090384, 0.10724551000774583], [0.1551172385740896, -0.12453531360090388, 0.10724551000774582], [0.18518155827558086, -0.12453531360090385, -0.03564754682022566]], [[0.18518155827558086, 0.12453531360090385, -0.03564754682022566], [0.15511723857408957, 0.12453531360090382, 0.1072455100077458], [0.1551172385740896, -0.12453531360090388, 0.10724551000774582], [0.18518155827558086, -0.12453531360090385, -0.03564754682022566]], [[0.18518155827558086, 0.12453531360090385, -0.03564754682022566], [0.18518155827558086, -0.12453531360090385, -0.03564754682022566], [0.1551172385740896, -0.12453531360090382, -0.1072455100077458], [0.1551172385740896, 0.12453531360090382, -0.1072455100077458]]]}, "b1": [0.34029879684967046, 0.0, 0.07159796318752011], "b2": [0.0, 0.2490706272018077, 0.0], "b3": [0.0, 0.0, 0.21449102001549158], "path": [["GAMMA", "Z"], ["Z", "D"], ["D", "B"], ["B", "GAMMA"], ["GAMMA", "A"], ["A", "E"], ["E", "Z"], ["Z", "C_2"], ["C_2", "Y_2"], ["Y_2", "GAMMA"]]}