{"kpoints": {"SIGMA_0'": [-0.0, -0.17348618664896226, 3.469446951953614e-18], "E_0": [0.1413530969881334, 0.14107157792484432, 0.10097656589423679], "A_0": [0.1413530969881334, 0.17348618664896226, -3.469446951953614e-18], "C_0'": [0.0, -0.14107157792484432, -0.10097656589423679], "SIGMA_0": [0.0, 0.17348618664896226, -3.469446951953614e-18], "S": [0.0, 0.1572788822869033, 0.050488282947118386], "Y'": [0.0, 0.0, -0.10097656589423679], "A_0'": [-0.1413530969881334, -0.17348618664896226, 3.469446951953614e-18], "C_0": [0.0, 0.14107157792484432, 0.10097656589423679], "R'": [-0.1413530969881334, -0.1572788822869033, -0.050488282947118386], "E_0'": [-0.1413530969881334, -0.14107157792484432, -0.10097656589423679], "Z'": [-0.1413530969881334, -0.0, 0.0], "Y": [0.0, 0.0, 0.10097656589423679], "T'": [-0.1413530969881334, 0.0, -0.10097656589423679], "R": [0.1413530969881334, 0.1572788822869033, 0.050488282947118386], "Z": [0.1413530969881334, 0.0, 0.0], "S'": [-0.0, -0.1572788822869033, -0.050488282947118386], "GAMMA": [0.0, 0.0, 0.0], "T": [0.1413530969881334, 0.0, 0.10097656589423679]}, "faces_data": {"triangles_vertices": [[0.14135309698813336, -0.1410715779248444, -0.10097656589423677], [0.14135309698813336, 0.1410715779248443, -0.10097656589423679], [0.14135309698813334, -0.17348618664896223, -1.3877787807814457e-17], [-0.1413530969881334, -0.14107157792484426, 0.10097656589423679], [-0.14135309698813342, -0.17348618664896226, 9.659261637230205e-17], [-0.14135309698813345, -0.14107157792484434, -0.1009765658942368], [-0.1413530969881334, 0.14107157792484426, -0.1009765658942368], [-0.14135309698813342, 0.17348618664896226, -9.659261637230205e-17], [-0.14135309698813342, 0.14107157792484432, 0.10097656589423683], [0.14135309698813334, 0.17348618664896223, 1.3877787807814457e-17], [0.14135309698813334, -0.1410715779248443, 0.10097656589423679], [0.1413530969881334, 0.14107157792484434, 0.10097656589423677]], "triangles": [[7, 8, 9], [9, 8, 11], [9, 6, 7], [1, 6, 9], [11, 8, 3], [3, 10, 11], [5, 6, 0], [0, 6, 1], [4, 8, 7], [7, 6, 4], [4, 6, 5], [4, 3, 8], [2, 9, 11], [11, 10, 2], [1, 9, 2], [2, 0, 1], [10, 3, 2], [3, 4, 2], [5, 0, 2], [2, 4, 5]], "faces": [[[-0.14135309698813342, 0.14107157792484432, 0.10097656589423683], [-0.14135309698813342, 0.17348618664896226, -9.659261637230205e-17], [0.14135309698813334, 0.17348618664896223, 1.3877787807814457e-17], [0.1413530969881334, 0.14107157792484434, 0.10097656589423677]], [[-0.1413530969881334, 0.14107157792484426, -0.1009765658942368], [0.14135309698813336, 0.1410715779248443, -0.10097656589423679], [0.14135309698813334, 0.17348618664896223, 1.3877787807814457e-17], [-0.14135309698813342, 0.17348618664896226, -9.659261637230205e-17]], [[0.14135309698813334, -0.1410715779248443, 0.10097656589423679], [0.1413530969881334, 0.14107157792484434, 0.10097656589423677], [-0.14135309698813342, 0.14107157792484432, 0.10097656589423683], [-0.1413530969881334, -0.14107157792484426, 0.10097656589423679]], [[0.14135309698813336, 0.1410715779248443, -0.10097656589423679], [0.14135309698813336, -0.1410715779248444, -0.10097656589423677], [-0.14135309698813345, -0.14107157792484434, -0.1009765658942368], [-0.1413530969881334, 0.14107157792484426, -0.1009765658942368]], [[-0.1413530969881334, 0.14107157792484426, -0.1009765658942368], [-0.14135309698813345, -0.14107157792484434, -0.1009765658942368], [-0.14135309698813342, -0.17348618664896226, 9.659261637230205e-17], [-0.1413530969881334, -0.14107157792484426, 0.10097656589423679], [-0.14135309698813342, 0.14107157792484432, 0.10097656589423683], [-0.14135309698813342, 0.17348618664896226, -9.659261637230205e-17]], [[0.14135309698813334, -0.17348618664896223, -1.3877787807814457e-17], [0.14135309698813334, -0.1410715779248443, 0.10097656589423679], [0.1413530969881334, 0.14107157792484434, 0.10097656589423677], [0.14135309698813334, 0.17348618664896223, 1.3877787807814457e-17], [0.14135309698813336, 0.1410715779248443, -0.10097656589423679], [0.14135309698813336, -0.1410715779248444, -0.10097656589423677]], [[0.14135309698813334, -0.1410715779248443, 0.10097656589423679], [0.14135309698813334, -0.17348618664896223, -1.3877787807814457e-17], [-0.14135309698813342, -0.17348618664896226, 9.659261637230205e-17], [-0.1413530969881334, -0.14107157792484426, 0.10097656589423679]], [[0.14135309698813336, -0.1410715779248444, -0.10097656589423677], [-0.14135309698813345, -0.14107157792484434, -0.1009765658942368], [-0.14135309698813342, -0.17348618664896226, 9.659261637230205e-17], [0.14135309698813334, -0.17348618664896223, -1.3877787807814457e-17]]]}, "b1": [0.0, 0.3145577645738066, -0.10097656589423679], "b2": [0.0, 0.3145577645738066, 0.10097656589423677], "b3": [0.2827061939762668, 0.0, -0.0], "path": [["GAMMA", "Y"], ["Y", "C_0"], ["SIGMA_0", "GAMMA"], ["GAMMA", "Z"], ["Z", "A_0"], ["E_0", "T"], ["T", "Y"], ["GAMMA", "S"], ["S", "R"], ["R", "Z"], ["Z", "T"], ["GAMMA", "Y'"], ["Y'", "C_0'"], ["SIGMA_0'", "GAMMA"], ["GAMMA", "Z'"], ["Z'", "A_0'"], ["E_0'", "T'"], ["T'", "Y'"], ["GAMMA", "S'"], ["S'", "R'"], ["R'", "Z'"], ["Z'", "T'"]]}