{"kpoints": {"SIGMA_0'": [-0.0779596389894176, -0.08674309332448113, -0.027845504595370486], "E_0": [-0.0779596389894176, 0.07053578896242216, 0.12361934424598468], "A_0": [0.0779596389894176, -0.07053578896242216, 0.07833378754248888], "C_0'": [0.0779596389894176, -0.22781467124932545, -0.07313106129886629], "SIGMA_0": [0.0779596389894176, 0.08674309332448113, 0.027845504595370486], "S": [0.0, 0.1572788822869033, 0.050488282947118386], "Y'": [0.1413530969881334, -0.1572788822869033, -0.050488282947118386], "A_0'": [-0.0779596389894176, 0.07053578896242216, -0.07833378754248888], "C_0": [-0.0779596389894176, 0.22781467124932545, 0.07313106129886629], "R'": [-0.0, 0.0, -0.10097656589423679], "E_0'": [0.0779596389894176, -0.07053578896242216, -0.12361934424598468], "Z'": [-0.0, 0.1572788822869033, -0.05048828294711839], "Y": [-0.1413530969881334, 0.1572788822869033, 0.050488282947118386], "T'": [0.1413530969881334, 0.0, -0.10097656589423679], "R": [0.0, 0.0, 0.10097656589423679], "Z": [0.0, -0.1572788822869033, 0.05048828294711839], "S'": [-0.0, -0.1572788822869033, -0.050488282947118386], "GAMMA": [0.0, 0.0, 0.0], "T": [-0.1413530969881334, 0.0, 0.10097656589423679]}, "faces_data": {"triangles_vertices": [[-0.1413530969881334, 0.14107157792484437, -0.10097656589423676], [-0.1413530969881334, -0.14107157792484432, -0.10097656589423676], [-0.14135309698813345, 0.14107157792484434, 0.10097656589423683], [-0.14135309698813342, 0.17348618664896226, 0.0], [0.1413530969881334, 0.17348618664896232, -1.3877787807814457e-17], [0.1413530969881334, 0.14107157792484434, 0.10097656589423687], [-0.1413530969881334, -0.17348618664896223, 0.0], [-0.1413530969881334, -0.14107157792484426, 0.1009765658942368], [0.1413530969881334, -0.14107157792484432, -0.10097656589423679], [0.1413530969881334, 0.14107157792484432, -0.10097656589423679], [0.1413530969881334, -0.17348618664896226, 0.0], [0.1413530969881334, -0.1410715779248443, 0.10097656589423683]], "triangles": [[3, 5, 4], [2, 5, 3], [11, 5, 2], [2, 7, 11], [4, 5, 9], [10, 8, 9], [5, 11, 9], [9, 11, 10], [9, 3, 4], [0, 3, 9], [1, 9, 8], [0, 9, 1], [2, 3, 6], [6, 7, 2], [6, 3, 0], [0, 1, 6], [10, 11, 6], [6, 11, 7], [6, 8, 10], [6, 1, 8]], "faces": [[[-0.14135309698813345, 0.14107157792484434, 0.10097656589423683], [0.1413530969881334, 0.14107157792484434, 0.10097656589423687], [0.1413530969881334, 0.17348618664896232, -1.3877787807814457e-17], [-0.14135309698813342, 0.17348618664896226, 0.0]], [[0.1413530969881334, 0.14107157792484434, 0.10097656589423687], [-0.14135309698813345, 0.14107157792484434, 0.10097656589423683], [-0.1413530969881334, -0.14107157792484426, 0.1009765658942368], [0.1413530969881334, -0.1410715779248443, 0.10097656589423683]], [[0.1413530969881334, 0.14107157792484432, -0.10097656589423679], [0.1413530969881334, -0.14107157792484432, -0.10097656589423679], [0.1413530969881334, -0.17348618664896226, 0.0], [0.1413530969881334, -0.1410715779248443, 0.10097656589423683], [0.1413530969881334, 0.14107157792484434, 0.10097656589423687], [0.1413530969881334, 0.17348618664896232, -1.3877787807814457e-17]], [[0.1413530969881334, 0.14107157792484432, -0.10097656589423679], [0.1413530969881334, 0.17348618664896232, -1.3877787807814457e-17], [-0.14135309698813342, 0.17348618664896226, 0.0], [-0.1413530969881334, 0.14107157792484437, -0.10097656589423676]], [[-0.1413530969881334, -0.14107157792484432, -0.10097656589423676], [-0.1413530969881334, 0.14107157792484437, -0.10097656589423676], [0.1413530969881334, 0.14107157792484432, -0.10097656589423679], [0.1413530969881334, -0.14107157792484432, -0.10097656589423679]], [[-0.14135309698813342, 0.17348618664896226, 0.0], [-0.14135309698813345, 0.14107157792484434, 0.10097656589423683], [-0.1413530969881334, -0.14107157792484426, 0.1009765658942368], [-0.1413530969881334, -0.17348618664896223, 0.0], [-0.1413530969881334, -0.14107157792484432, -0.10097656589423676], [-0.1413530969881334, 0.14107157792484437, -0.10097656589423676]], [[0.1413530969881334, -0.17348618664896226, 0.0], [0.1413530969881334, -0.1410715779248443, 0.10097656589423683], [-0.1413530969881334, -0.14107157792484426, 0.1009765658942368], [-0.1413530969881334, -0.17348618664896223, 0.0]], [[0.1413530969881334, -0.14107157792484432, -0.10097656589423679], [0.1413530969881334, -0.17348618664896226, 0.0], [-0.1413530969881334, -0.17348618664896223, 0.0], [-0.1413530969881334, -0.14107157792484432, -0.10097656589423676]]]}, "b1": [0.2827061939762668, 0.0, 0.0], "b2": [0.0, 0.3145577645738066, 0.10097656589423677], "b3": [0.0, -0.3145577645738066, 0.10097656589423679], "path": [["GAMMA", "Y"], ["Y", "C_0"], ["SIGMA_0", "GAMMA"], ["GAMMA", "Z"], ["Z", "A_0"], ["E_0", "T"], ["T", "Y"], ["GAMMA", "S"], ["S", "R"], ["R", "Z"], ["Z", "T"], ["GAMMA", "Y'"], ["Y'", "C_0'"], ["SIGMA_0'", "GAMMA"], ["GAMMA", "Z'"], ["Z'", "A_0'"], ["E_0'", "T'"], ["T'", "Y'"], ["GAMMA", "S'"], ["S'", "R'"], ["R'", "Z'"], ["Z'", "T'"]]}