{"kpoints": {"Z_2": [0.0, 0.05953096188539928, -0.1019839070169805], "R_2": [0.0, 0.11906192377079856, 0.0], "G_0": [0.10823180957329909, 0.019623205237122292, 0.23758479375168057], "T_2": [0.16145091259530975, 0.11906192377079856, 0.0], "S'": [-0.0, -0.05953096188539928, -0.1019839070169805], "GAMMA": [0.0, 0.0, 0.0], "Z'": [-0.0, 0.05953096188539928, -0.1019839070169805], "DELTA_0'": [0.10823180957329909, -0.039907756648277, -0.06836692729926094], "T_2'": [-0.16145091259530975, -0.11906192377079856, 0.0], "B_0": [-0.10823180957329909, -0.019623205237122285, 0.17035083431624143], "B_2": [-0.10823180957329909, 0.09943871853367628, -0.033616979717719556], "B_2'": [0.10823180957329909, -0.09943871853367628, 0.033616979717719556], "S": [0.0, 0.05953096188539928, 0.1019839070169805], "R": [0.0, 0.0, 0.203967814033961], "F_0": [0.10823180957329909, 0.07915416712252157, 0.13560088673470005], "T": [0.16145091259530975, 0.0, 0.203967814033961], "Y": [0.16145091259530975, 0.05953096188539928, 0.1019839070169805], "T'": [-0.16145091259530975, 0.0, -0.203967814033961], "Z": [0.0, -0.05953096188539928, 0.1019839070169805], "Z_2'": [0.0, -0.05953096188539928, 0.1019839070169805], "F_0'": [-0.10823180957329909, -0.07915416712252157, -0.13560088673470005], "G_2'": [-0.10823180957329909, -0.13868512900792085, -0.033616979717719556], "G_0'": [-0.10823180957329909, -0.019623205237122292, -0.23758479375168057], "DELTA_0": [-0.10823180957329909, 0.039907756648277, 0.06836692729926094], "B_0'": [0.10823180957329909, 0.019623205237122285, -0.17035083431624143], "Y'": [-0.16145091259530975, -0.05953096188539928, -0.1019839070169805], "G_2": [0.10823180957329909, 0.13868512900792085, 0.033616979717719556], "R'": [-0.0, 0.0, -0.203967814033961], "R_2'": [0.0, -0.11906192377079856, 0.0]}, "faces_data": {"triangles_vertices": [[-0.16145091259530975, 0.11906192377079856, -0.06723395943543913], [-0.16145091259530975, 0.0, -0.1367338545985219], [0.16145091259530975, 0.11906192377079855, -0.06723395943543911], [0.16145091259530975, 0.11906192377079855, 0.06723395943543911], [0.16145091259530975, 0.0, -0.13673385459852186], [0.16145091259530975, -0.11906192377079856, -0.06723395943543913], [-0.16145091259530975, -0.11906192377079858, -0.06723395943543911], [0.16145091259530975, -0.11906192377079866, 0.06723395943543914], [-0.16145091259530975, -0.11906192377079856, 0.06723395943543913], [0.16145091259530975, 0.0, 0.1367338545985219], [-0.16145091259530975, 0.11906192377079866, 0.06723395943543914], [-0.16145091259530975, 0.0, 0.1367338545985219]], "triangles": [[4, 1, 0], [0, 2, 4], [0, 10, 3], [3, 2, 0], [3, 10, 11], [3, 11, 9], [11, 10, 8], [0, 1, 8], [8, 10, 0], [1, 6, 8], [7, 9, 8], [9, 11, 8], [5, 9, 7], [5, 3, 9], [5, 4, 2], [2, 3, 5], [5, 8, 6], [7, 8, 5], [1, 4, 5], [5, 6, 1]], "faces": [[[-0.16145091259530975, 0.0, -0.1367338545985219], [-0.16145091259530975, 0.11906192377079856, -0.06723395943543913], [0.16145091259530975, 0.11906192377079855, -0.06723395943543911], [0.16145091259530975, 0.0, -0.13673385459852186]], [[0.16145091259530975, 0.11906192377079855, -0.06723395943543911], [-0.16145091259530975, 0.11906192377079856, -0.06723395943543913], [-0.16145091259530975, 0.11906192377079866, 0.06723395943543914], [0.16145091259530975, 0.11906192377079855, 0.06723395943543911]], [[-0.16145091259530975, 0.11906192377079866, 0.06723395943543914], [-0.16145091259530975, 0.0, 0.1367338545985219], [0.16145091259530975, 0.0, 0.1367338545985219], [0.16145091259530975, 0.11906192377079855, 0.06723395943543911]], [[-0.16145091259530975, -0.11906192377079856, 0.06723395943543913], [-0.16145091259530975, -0.11906192377079858, -0.06723395943543911], [-0.16145091259530975, 0.0, -0.1367338545985219], [-0.16145091259530975, 0.11906192377079856, -0.06723395943543913], [-0.16145091259530975, 0.11906192377079866, 0.06723395943543914], [-0.16145091259530975, 0.0, 0.1367338545985219]], [[0.16145091259530975, -0.11906192377079866, 0.06723395943543914], [0.16145091259530975, 0.0, 0.1367338545985219], [-0.16145091259530975, 0.0, 0.1367338545985219], [-0.16145091259530975, -0.11906192377079856, 0.06723395943543913]], [[0.16145091259530975, -0.11906192377079866, 0.06723395943543914], [0.16145091259530975, 0.0, 0.1367338545985219], [0.16145091259530975, 0.11906192377079855, 0.06723395943543911], [0.16145091259530975, 0.11906192377079855, -0.06723395943543911], [0.16145091259530975, 0.0, -0.13673385459852186], [0.16145091259530975, -0.11906192377079856, -0.06723395943543913]], [[-0.16145091259530975, -0.11906192377079858, -0.06723395943543911], [0.16145091259530975, -0.11906192377079856, -0.06723395943543913], [0.16145091259530975, -0.11906192377079866, 0.06723395943543914], [-0.16145091259530975, -0.11906192377079856, 0.06723395943543913]], [[0.16145091259530975, 0.0, -0.13673385459852186], [-0.16145091259530975, 0.0, -0.1367338545985219], [-0.16145091259530975, -0.11906192377079858, -0.06723395943543911], [0.16145091259530975, -0.11906192377079856, -0.06723395943543913]]]}, "b1": [0.3229018251906195, 0.0, 0.0], "b2": [0.0, 0.11906192377079856, 0.203967814033961], "b3": [0.0, -0.11906192377079856, 0.203967814033961], "path": [["GAMMA", "Y"], ["Y", "F_0"], ["DELTA_0", "GAMMA"], ["GAMMA", "Z"], ["Z", "B_0"], ["G_0", "T"], ["T", "Y"], ["GAMMA", "S"], ["S", "R"], ["R", "Z"], ["Z", "T"], ["GAMMA", "Y'"], ["Y'", "F_0'"], ["DELTA_0'", "GAMMA"], ["GAMMA", "Z'"], ["Z'", "B_0'"], ["G_0'", "T'"], ["T'", "Y'"], ["GAMMA", "S'"], ["S'", "R'"], ["R'", "Z'"], ["Z'", "T'"]]}