{"kpoints": {"Z_2": [-0.16145091259530975, 0.0, 0.0], "R_2": [-0.16145091259530975, 0.05953096188539928, 0.1019839070169805], "G_0": [0.16145091259530975, 0.11906192377079858, 0.06723395943543911], "T_2": [-0.16145091259530975, 0.11906192377079856, 0.0], "S'": [-0.0, -0.05953096188539928, -0.1019839070169805], "GAMMA": [0.0, 0.0, 0.0], "Z'": [-0.16145091259530975, -0.0, 0.0], "DELTA_0'": [0.0, 0.0, -0.1367338545985219], "T_2'": [0.16145091259530975, -0.11906192377079856, 0.0], "B_0": [0.16145091259530975, 0.0, 0.1367338545985219], "B_2": [-0.16145091259530975, 0.0, 0.1367338545985219], "B_2'": [0.16145091259530975, 0.0, -0.1367338545985219], "S": [0.0, 0.05953096188539928, 0.1019839070169805], "R": [0.16145091259530975, 0.05953096188539928, 0.1019839070169805], "F_0": [0.0, 0.11906192377079858, 0.06723395943543911], "T": [0.16145091259530975, 0.11906192377079856, 0.0], "Y": [0.0, 0.11906192377079856, 0.0], "T'": [-0.16145091259530975, -0.11906192377079856, 0.0], "Z": [0.16145091259530975, 0.0, 0.0], "Z_2'": [0.16145091259530975, 0.0, 0.0], "F_0'": [-0.0, -0.11906192377079858, -0.06723395943543911], "G_2'": [0.16145091259530975, -0.11906192377079858, -0.06723395943543911], "G_0'": [-0.16145091259530975, -0.11906192377079858, -0.06723395943543911], "DELTA_0": [0.0, 0.0, 0.1367338545985219], "B_0'": [-0.16145091259530975, 0.0, -0.1367338545985219], "Y'": [-0.0, -0.11906192377079856, 0.0], "G_2": [-0.16145091259530975, 0.11906192377079858, 0.06723395943543911], "R'": [-0.16145091259530975, -0.05953096188539928, -0.1019839070169805], "R_2'": [0.16145091259530975, -0.05953096188539928, -0.1019839070169805]}, "faces_data": {"triangles_vertices": [[-0.16145091259530975, -5.530510582306408e-17, 0.13673385459852186], [0.16145091259530975, 6.91313822788301e-17, 0.13673385459852186], [-0.16145091259530975, 0.11906192377079852, -0.0672339594354391], [-0.16145091259530975, 0.11906192377079852, 0.0672339594354391], [0.16145091259530975, 0.11906192377079856, 0.06723395943543913], [0.16145091259530975, -0.11906192377079856, 0.06723395943543913], [-0.16145091259530975, -0.11906192377079856, 0.06723395943543913], [0.16145091259530975, 0.11906192377079856, -0.06723395943543913], [-0.16145091259530975, -0.11906192377079856, -0.06723395943543913], [0.16145091259530975, -0.11906192377079866, -0.06723395943543914], [-0.16145091259530975, 6.91313822788301e-17, -0.13673385459852186], [0.16145091259530975, 0.0, -0.1367338545985219]], "triangles": [[10, 11, 9], [9, 8, 10], [6, 3, 2], [2, 10, 6], [0, 3, 6], [6, 10, 8], [6, 5, 1], [6, 1, 0], [9, 5, 6], [6, 8, 9], [11, 10, 7], [7, 10, 2], [9, 11, 4], [4, 5, 9], [1, 5, 4], [11, 7, 4], [4, 3, 0], [0, 1, 4], [2, 3, 4], [4, 7, 2]], "faces": [[[-0.16145091259530975, -0.11906192377079856, -0.06723395943543913], [-0.16145091259530975, 6.91313822788301e-17, -0.13673385459852186], [0.16145091259530975, 0.0, -0.1367338545985219], [0.16145091259530975, -0.11906192377079866, -0.06723395943543914]], [[-0.16145091259530975, 6.91313822788301e-17, -0.13673385459852186], [-0.16145091259530975, -0.11906192377079856, -0.06723395943543913], [-0.16145091259530975, -0.11906192377079856, 0.06723395943543913], [-0.16145091259530975, -5.530510582306408e-17, 0.13673385459852186], [-0.16145091259530975, 0.11906192377079852, 0.0672339594354391], [-0.16145091259530975, 0.11906192377079852, -0.0672339594354391]], [[-0.16145091259530975, -0.11906192377079856, 0.06723395943543913], [0.16145091259530975, -0.11906192377079856, 0.06723395943543913], [0.16145091259530975, 6.91313822788301e-17, 0.13673385459852186], [-0.16145091259530975, -5.530510582306408e-17, 0.13673385459852186]], [[-0.16145091259530975, -0.11906192377079856, 0.06723395943543913], [0.16145091259530975, -0.11906192377079856, 0.06723395943543913], [0.16145091259530975, -0.11906192377079866, -0.06723395943543914], [-0.16145091259530975, -0.11906192377079856, -0.06723395943543913]], [[-0.16145091259530975, 6.91313822788301e-17, -0.13673385459852186], [0.16145091259530975, 0.0, -0.1367338545985219], [0.16145091259530975, 0.11906192377079856, -0.06723395943543913], [-0.16145091259530975, 0.11906192377079852, -0.0672339594354391]], [[0.16145091259530975, 6.91313822788301e-17, 0.13673385459852186], [0.16145091259530975, -0.11906192377079856, 0.06723395943543913], [0.16145091259530975, -0.11906192377079866, -0.06723395943543914], [0.16145091259530975, 0.0, -0.1367338545985219], [0.16145091259530975, 0.11906192377079856, -0.06723395943543913], [0.16145091259530975, 0.11906192377079856, 0.06723395943543913]], [[-0.16145091259530975, -5.530510582306408e-17, 0.13673385459852186], [-0.16145091259530975, 0.11906192377079852, 0.0672339594354391], [0.16145091259530975, 0.11906192377079856, 0.06723395943543913], [0.16145091259530975, 6.91313822788301e-17, 0.13673385459852186]], [[0.16145091259530975, 0.11906192377079856, -0.06723395943543913], [0.16145091259530975, 0.11906192377079856, 0.06723395943543913], [-0.16145091259530975, 0.11906192377079852, 0.0672339594354391], [-0.16145091259530975, 0.11906192377079852, -0.0672339594354391]]]}, "b1": [0.0, 0.11906192377079856, -0.203967814033961], "b2": [0.0, 0.11906192377079856, 0.203967814033961], "b3": [0.3229018251906195, 0.0, -0.0], "path": [["GAMMA", "Y"], ["Y", "F_0"], ["DELTA_0", "GAMMA"], ["GAMMA", "Z"], ["Z", "B_0"], ["G_0", "T"], ["T", "Y"], ["GAMMA", "S"], ["S", "R"], ["R", "Z"], ["Z", "T"], ["GAMMA", "Y'"], ["Y'", "F_0'"], ["DELTA_0'", "GAMMA"], ["GAMMA", "Z'"], ["Z'", "B_0'"], ["G_0'", "T'"], ["T'", "Y'"], ["GAMMA", "S'"], ["S'", "R'"], ["R'", "Z'"], ["Z'", "T'"]]}