{"kpoints": {"E_0": [0.02925627116344509, 0.24075617508411168, 0.13076410683805698], "A_0": [0.24252724639413292, 0.0, 0.13076410683805698], "SIGMA_0": [0.24252724639413292, 0.0, 0.0], "C_0": [0.02925627116344509, 0.24075617508411168, 0.0], "S": [0.135891758778789, 0.12037808754205584, 0.0], "R": [0.135891758778789, 0.12037808754205584, 0.13076410683805698], "T": [0.0, 0.24075617508411168, 0.13076410683805698], "Y": [0.0, 0.24075617508411168, 0.0], "Z": [0.0, 0.0, 0.13076410683805698], "GAMMA": [0.0, 0.0, 0.0]}, "faces_data": {"triangles_vertices": [[0.02925627116344508, 0.24075617508411173, -0.13076410683805698], [-0.029256271163445008, -0.2407561750841117, -0.13076410683805695], [-0.24252724639413295, 0.0, -0.13076410683805703], [-0.029256271163445063, 0.24075617508411168, -0.13076410683805703], [0.242527246394133, 0.0, -0.13076410683805703], [0.029256271163445126, -0.24075617508411168, -0.13076410683805703], [0.029256271163445126, -0.24075617508411168, 0.13076410683805703], [-0.029256271163445063, -0.24075617508411168, 0.130764106838057], [0.24252724639413303, 0.0, 0.13076410683805703], [-0.24252724639413287, 0.0, 0.13076410683805695], [0.029256271163445056, 0.24075617508411168, 0.13076410683805692], [-0.029256271163445008, 0.24075617508411165, 0.13076410683805695]], "triangles": [[10, 4, 0], [8, 4, 10], [0, 3, 10], [10, 3, 11], [9, 3, 2], [11, 3, 9], [2, 1, 9], [1, 7, 9], [5, 1, 2], [5, 3, 0], [0, 4, 5], [2, 3, 5], [8, 10, 6], [6, 10, 11], [6, 9, 7], [11, 9, 6], [6, 4, 8], [6, 5, 4], [6, 7, 1], [1, 5, 6]], "faces": [[[0.029256271163445056, 0.24075617508411168, 0.13076410683805692], [0.24252724639413303, 0.0, 0.13076410683805703], [0.242527246394133, 0.0, -0.13076410683805703], [0.02925627116344508, 0.24075617508411173, -0.13076410683805698]], [[0.02925627116344508, 0.24075617508411173, -0.13076410683805698], [0.029256271163445056, 0.24075617508411168, 0.13076410683805692], [-0.029256271163445008, 0.24075617508411165, 0.13076410683805695], [-0.029256271163445063, 0.24075617508411168, -0.13076410683805703]], [[-0.029256271163445063, 0.24075617508411168, -0.13076410683805703], [-0.24252724639413295, 0.0, -0.13076410683805703], [-0.24252724639413287, 0.0, 0.13076410683805695], [-0.029256271163445008, 0.24075617508411165, 0.13076410683805695]], [[-0.029256271163445008, -0.2407561750841117, -0.13076410683805695], [-0.029256271163445063, -0.24075617508411168, 0.130764106838057], [-0.24252724639413287, 0.0, 0.13076410683805695], [-0.24252724639413295, 0.0, -0.13076410683805703]], [[0.242527246394133, 0.0, -0.13076410683805703], [0.02925627116344508, 0.24075617508411173, -0.13076410683805698], [-0.029256271163445063, 0.24075617508411168, -0.13076410683805703], [-0.24252724639413295, 0.0, -0.13076410683805703], [-0.029256271163445008, -0.2407561750841117, -0.13076410683805695], [0.029256271163445126, -0.24075617508411168, -0.13076410683805703]], [[0.029256271163445126, -0.24075617508411168, 0.13076410683805703], [0.24252724639413303, 0.0, 0.13076410683805703], [0.029256271163445056, 0.24075617508411168, 0.13076410683805692], [-0.029256271163445008, 0.24075617508411165, 0.13076410683805695], [-0.24252724639413287, 0.0, 0.13076410683805695], [-0.029256271163445063, -0.24075617508411168, 0.130764106838057]], [[0.242527246394133, 0.0, -0.13076410683805703], [0.24252724639413303, 0.0, 0.13076410683805703], [0.029256271163445126, -0.24075617508411168, 0.13076410683805703], [0.029256271163445126, -0.24075617508411168, -0.13076410683805703]], [[-0.029256271163445063, -0.24075617508411168, 0.130764106838057], [0.029256271163445126, -0.24075617508411168, 0.13076410683805703], [0.029256271163445126, -0.24075617508411168, -0.13076410683805703], [-0.029256271163445008, -0.2407561750841117, -0.13076410683805695]]]}, "b1": [0.271783517557578, -0.24075617508411168, 0.0], "b2": [0.271783517557578, 0.24075617508411168, 0.0], "b3": [0.0, 0.0, 0.26152821367611395], "path": [["GAMMA", "Y"], ["Y", "C_0"], ["SIGMA_0", "GAMMA"], ["GAMMA", "Z"], ["Z", "A_0"], ["E_0", "T"], ["T", "Y"], ["GAMMA", "S"], ["S", "R"], ["R", "Z"], ["Z", "T"]]}