{"kpoints": {"SIGMA_0'": [-0.1275951754138482, 0.0, -0.0], "E_0": [0.09908842017584667, 0.0803866517274203, 0.11003168415160354], "A_0": [0.1275951754138482, 0.0, 0.11003168415160354], "C_0'": [-0.09908842017584667, -0.0803866517274203, 0.0], "SIGMA_0": [0.1275951754138482, 0.0, 0.0], "S": [0.11334179779484745, 0.04019332586371015, 0.0], "Y'": [0.0, -0.0803866517274203, 0.0], "A_0'": [-0.1275951754138482, 0.0, -0.11003168415160354], "C_0": [0.09908842017584667, 0.0803866517274203, 0.0], "R'": [-0.11334179779484745, -0.04019332586371015, -0.11003168415160354], "E_0'": [-0.09908842017584667, -0.0803866517274203, -0.11003168415160354], "Z'": [-0.0, 0.0, -0.11003168415160354], "Y": [0.0, 0.0803866517274203, 0.0], "T'": [0.0, -0.0803866517274203, -0.11003168415160354], "R": [0.11334179779484745, 0.04019332586371015, 0.11003168415160354], "Z": [0.0, 0.0, 0.11003168415160354], "S'": [-0.11334179779484745, -0.04019332586371015, -0.0], "GAMMA": [0.0, 0.0, 0.0], "T": [0.0, 0.0803866517274203, 0.11003168415160354]}, "faces_data": {"triangles_vertices": [[-0.09908842017584663, -0.0803866517274203, 0.11003168415160351], [-0.1275951754138482, 1.3877787807814457e-17, 0.11003168415160357], [-0.0990884201758466, 0.08038665172742035, 0.11003168415160354], [0.09908842017584663, 0.08038665172742031, 0.11003168415160354], [0.09908842017584668, -0.08038665172742028, 0.11003168415160357], [0.12759517541384824, 0.0, 0.11003168415160357], [0.09908842017584668, 0.08038665172742028, -0.11003168415160355], [0.12759517541384824, 0.0, -0.11003168415160357], [0.09908842017584668, -0.08038665172742028, -0.11003168415160357], [-0.0990884201758466, -0.08038665172742035, -0.11003168415160357], [-0.12759517541384824, -2.7755575615628914e-17, -0.11003168415160357], [-0.09908842017584663, 0.0803866517274203, -0.11003168415160354]], "triangles": [[2, 11, 1], [1, 11, 10], [9, 1, 10], [0, 1, 9], [4, 1, 0], [2, 1, 4], [4, 3, 2], [5, 3, 4], [6, 3, 5], [5, 7, 6], [6, 11, 2], [2, 3, 6], [11, 6, 8], [10, 11, 8], [8, 9, 10], [8, 6, 7], [5, 4, 8], [8, 7, 5], [0, 9, 8], [8, 4, 0]], "faces": [[[-0.0990884201758466, 0.08038665172742035, 0.11003168415160354], [-0.1275951754138482, 1.3877787807814457e-17, 0.11003168415160357], [-0.12759517541384824, -2.7755575615628914e-17, -0.11003168415160357], [-0.09908842017584663, 0.0803866517274203, -0.11003168415160354]], [[-0.0990884201758466, -0.08038665172742035, -0.11003168415160357], [-0.12759517541384824, -2.7755575615628914e-17, -0.11003168415160357], [-0.1275951754138482, 1.3877787807814457e-17, 0.11003168415160357], [-0.09908842017584663, -0.0803866517274203, 0.11003168415160351]], [[-0.09908842017584663, -0.0803866517274203, 0.11003168415160351], [0.09908842017584668, -0.08038665172742028, 0.11003168415160357], [0.12759517541384824, 0.0, 0.11003168415160357], [0.09908842017584663, 0.08038665172742031, 0.11003168415160354], [-0.0990884201758466, 0.08038665172742035, 0.11003168415160354], [-0.1275951754138482, 1.3877787807814457e-17, 0.11003168415160357]], [[0.09908842017584663, 0.08038665172742031, 0.11003168415160354], [0.09908842017584668, 0.08038665172742028, -0.11003168415160355], [0.12759517541384824, 0.0, -0.11003168415160357], [0.12759517541384824, 0.0, 0.11003168415160357]], [[-0.09908842017584663, 0.0803866517274203, -0.11003168415160354], [0.09908842017584668, 0.08038665172742028, -0.11003168415160355], [0.09908842017584663, 0.08038665172742031, 0.11003168415160354], [-0.0990884201758466, 0.08038665172742035, 0.11003168415160354]], [[0.09908842017584668, 0.08038665172742028, -0.11003168415160355], [-0.09908842017584663, 0.0803866517274203, -0.11003168415160354], [-0.12759517541384824, -2.7755575615628914e-17, -0.11003168415160357], [-0.0990884201758466, -0.08038665172742035, -0.11003168415160357], [0.09908842017584668, -0.08038665172742028, -0.11003168415160357], [0.12759517541384824, 0.0, -0.11003168415160357]], [[0.12759517541384824, 0.0, 0.11003168415160357], [0.09908842017584668, -0.08038665172742028, 0.11003168415160357], [0.09908842017584668, -0.08038665172742028, -0.11003168415160357], [0.12759517541384824, 0.0, -0.11003168415160357]], [[-0.0990884201758466, -0.08038665172742035, -0.11003168415160357], [0.09908842017584668, -0.08038665172742028, -0.11003168415160357], [0.09908842017584668, -0.08038665172742028, 0.11003168415160357], [-0.09908842017584663, -0.0803866517274203, 0.11003168415160351]]]}, "b1": [0.2266835955896949, -0.0803866517274203, 0.0], "b2": [0.2266835955896949, 0.0803866517274203, 0.0], "b3": [0.0, 0.0, 0.22006336830320708], "path": [["GAMMA", "Y"], ["Y", "C_0"], ["SIGMA_0", "GAMMA"], ["GAMMA", "Z"], ["Z", "A_0"], ["E_0", "T"], ["T", "Y"], ["GAMMA", "S"], ["S", "R"], ["R", "Z"], ["Z", "T"], ["GAMMA", "Y'"], ["Y'", "C_0'"], ["SIGMA_0'", "GAMMA"], ["GAMMA", "Z'"], ["Z'", "A_0'"], ["E_0'", "T'"], ["T'", "Y'"], ["GAMMA", "S'"], ["S'", "R'"], ["R'", "Z'"], ["Z'", "T'"]]}