{"kpoints": {"Z_2": [0.0, 0.0, -0.1002177750290581], "R_2": [0.05551869327922182, 0.08949382020237001, -0.1002177750290581], "G_0": [0.11103738655844364, 0.055052053201449395, 0.1002177750290581], "T_2": [0.11103738655844364, 0.0, -0.1002177750290581], "S'": [-0.05551869327922182, -0.08949382020237001, -0.0], "GAMMA": [0.0, 0.0, 0.0], "Z'": [-0.0, 0.0, -0.1002177750290581], "DELTA_0'": [0.0, -0.12393558720329063, 0.0], "T_2'": [-0.11103738655844364, 0.0, 0.1002177750290581], "B_0": [0.0, 0.12393558720329063, 0.1002177750290581], "B_2": [0.0, 0.12393558720329063, -0.1002177750290581], "B_2'": [0.0, -0.12393558720329063, 0.1002177750290581], "S": [0.05551869327922182, 0.08949382020237001, 0.0], "R": [0.05551869327922182, 0.08949382020237001, 0.1002177750290581], "F_0": [0.11103738655844364, 0.055052053201449395, 0.0], "T": [0.11103738655844364, 0.0, 0.1002177750290581], "Y": [0.11103738655844364, 0.0, 0.0], "T'": [-0.11103738655844364, 0.0, -0.1002177750290581], "Z": [0.0, 0.0, 0.1002177750290581], "Z_2'": [0.0, 0.0, 0.1002177750290581], "F_0'": [-0.11103738655844364, -0.055052053201449395, -0.0], "G_2'": [-0.11103738655844364, -0.055052053201449395, 0.1002177750290581], "G_0'": [-0.11103738655844364, -0.055052053201449395, -0.1002177750290581], "DELTA_0": [0.0, 0.12393558720329063, 0.0], "B_0'": [0.0, -0.12393558720329063, -0.1002177750290581], "Y'": [-0.11103738655844364, 0.0, -0.0], "G_2": [0.11103738655844364, 0.055052053201449395, -0.1002177750290581], "R'": [-0.05551869327922182, -0.08949382020237001, -0.1002177750290581], "R_2'": [-0.05551869327922182, -0.08949382020237001, 0.1002177750290581]}, "faces_data": {"triangles_vertices": [[0.11103738655844365, 0.055052053201449416, -0.10021777502905813], [2.7755575615628914e-17, 0.12393558720329059, -0.10021777502905808], [-0.11103738655844363, 0.055052053201449395, -0.10021777502905813], [-0.11103738655844363, 0.05505205320144943, 0.10021777502905807], [1.3877787807814457e-17, 0.12393558720329062, 0.10021777502905813], [0.11103738655844365, 0.055052053201449395, 0.10021777502905808], [0.11103738655844365, -0.0550520532014494, -0.10021777502905813], [0.11103738655844365, -0.055052053201449395, 0.10021777502905807], [-0.11103738655844363, -0.055052053201449395, -0.10021777502905813], [1.3877787807814457e-17, -0.1239355872032906, -0.10021777502905813], [1.3877787807814457e-17, -0.12393558720329062, 0.10021777502905808], [-0.11103738655844363, -0.055052053201449395, 0.10021777502905807]], "triangles": [[0, 1, 5], [5, 1, 4], [3, 1, 2], [4, 1, 3], [11, 3, 8], [8, 3, 2], [8, 9, 10], [10, 11, 8], [9, 8, 6], [6, 1, 0], [2, 1, 6], [6, 8, 2], [7, 5, 4], [7, 11, 10], [7, 3, 11], [4, 3, 7], [10, 9, 7], [9, 6, 7], [0, 5, 7], [7, 6, 0]], "faces": [[[0.11103738655844365, 0.055052053201449416, -0.10021777502905813], [0.11103738655844365, 0.055052053201449395, 0.10021777502905808], [1.3877787807814457e-17, 0.12393558720329062, 0.10021777502905813], [2.7755575615628914e-17, 0.12393558720329059, -0.10021777502905808]], [[2.7755575615628914e-17, 0.12393558720329059, -0.10021777502905808], [1.3877787807814457e-17, 0.12393558720329062, 0.10021777502905813], [-0.11103738655844363, 0.05505205320144943, 0.10021777502905807], [-0.11103738655844363, 0.055052053201449395, -0.10021777502905813]], [[-0.11103738655844363, -0.055052053201449395, -0.10021777502905813], [-0.11103738655844363, -0.055052053201449395, 0.10021777502905807], [-0.11103738655844363, 0.05505205320144943, 0.10021777502905807], [-0.11103738655844363, 0.055052053201449395, -0.10021777502905813]], [[-0.11103738655844363, -0.055052053201449395, -0.10021777502905813], [-0.11103738655844363, -0.055052053201449395, 0.10021777502905807], [1.3877787807814457e-17, -0.12393558720329062, 0.10021777502905808], [1.3877787807814457e-17, -0.1239355872032906, -0.10021777502905813]], [[0.11103738655844365, -0.0550520532014494, -0.10021777502905813], [1.3877787807814457e-17, -0.1239355872032906, -0.10021777502905813], [-0.11103738655844363, -0.055052053201449395, -0.10021777502905813], [-0.11103738655844363, 0.055052053201449395, -0.10021777502905813], [2.7755575615628914e-17, 0.12393558720329059, -0.10021777502905808], [0.11103738655844365, 0.055052053201449416, -0.10021777502905813]], [[-0.11103738655844363, -0.055052053201449395, 0.10021777502905807], [1.3877787807814457e-17, -0.12393558720329062, 0.10021777502905808], [0.11103738655844365, -0.055052053201449395, 0.10021777502905807], [0.11103738655844365, 0.055052053201449395, 0.10021777502905808], [1.3877787807814457e-17, 0.12393558720329062, 0.10021777502905813], [-0.11103738655844363, 0.05505205320144943, 0.10021777502905807]], [[0.11103738655844365, -0.055052053201449395, 0.10021777502905807], [0.11103738655844365, -0.0550520532014494, -0.10021777502905813], [1.3877787807814457e-17, -0.1239355872032906, -0.10021777502905813], [1.3877787807814457e-17, -0.12393558720329062, 0.10021777502905808]], [[0.11103738655844365, 0.055052053201449395, 0.10021777502905808], [0.11103738655844365, 0.055052053201449416, -0.10021777502905813], [0.11103738655844365, -0.0550520532014494, -0.10021777502905813], [0.11103738655844365, -0.055052053201449395, 0.10021777502905807]]]}, "b1": [0.11103738655844364, -0.17898764040474002, 0.0], "b2": [0.11103738655844364, 0.17898764040474002, 0.0], "b3": [0.0, 0.0, 0.2004355500581162], "path": [["GAMMA", "Y"], ["Y", "F_0"], ["DELTA_0", "GAMMA"], ["GAMMA", "Z"], ["Z", "B_0"], ["G_0", "T"], ["T", "Y"], ["GAMMA", "S"], ["S", "R"], ["R", "Z"], ["Z", "T"], ["GAMMA", "Y'"], ["Y'", "F_0'"], ["DELTA_0'", "GAMMA"], ["GAMMA", "Z'"], ["Z'", "B_0'"], ["G_0'", "T'"], ["T'", "Y'"], ["GAMMA", "S'"], ["S'", "R'"], ["R'", "Z'"], ["Z'", "T'"]]}