{"kpoints": {"Z_2": [0.0, 0.0, -0.0567127474072622], "R_2": [0.05932060789460298, 0.09236626129058033, -0.0567127474072622], "B_0": [0.0, 0.13046387909839452, 0.0567127474072622], "DELTA_0": [0.0, 0.13046387909839452, 0.0], "G_0": [0.11864121578920594, 0.05426864348276614, 0.0567127474072622], "G_2": [0.11864121578920594, 0.05426864348276614, -0.0567127474072622], "T_2": [0.11864121578920596, 0.0, -0.0567127474072622], "S": [0.05932060789460298, 0.09236626129058033, 0.0], "R": [0.05932060789460298, 0.09236626129058033, 0.0567127474072622], "F_0": [0.11864121578920594, 0.05426864348276614, 0.0], "T": [0.11864121578920596, 0.0, 0.0567127474072622], "Y": [0.11864121578920596, 0.0, 0.0], "B_2": [0.0, 0.13046387909839452, -0.0567127474072622], "Z": [0.0, 0.0, 0.0567127474072622], "GAMMA": [0.0, 0.0, 0.0]}, "faces_data": {"triangles_vertices": [[0.11864121578920596, 0.054268643482766124, -0.056712747407262204], [0.0, 0.13046387909839452, 0.0567127474072622], [0.0, 0.13046387909839452, -0.056712747407262176], [0.11864121578920596, 0.054268643482766124, 0.056712747407262204], [0.11864121578920596, -0.054268643482766124, 0.056712747407262204], [0.11864121578920596, -0.054268643482766124, -0.056712747407262204], [-0.11864121578920596, 0.05426864348276614, -0.05671274740726219], [-0.11864121578920596, 0.054268643482766124, 0.0567127474072622], [0.0, -0.13046387909839452, -0.056712747407262135], [-0.11864121578920596, -0.05426864348276612, -0.056712747407262135], [-0.11864121578920596, -0.05426864348276614, 0.05671274740726219], [0.0, -0.13046387909839452, 0.0567127474072622]], "triangles": [[0, 2, 3], [3, 2, 1], [3, 5, 0], [4, 5, 3], [1, 2, 7], [7, 2, 6], [9, 5, 8], [9, 2, 0], [6, 2, 9], [0, 5, 9], [10, 7, 9], [9, 7, 6], [4, 3, 11], [11, 3, 1], [11, 7, 10], [1, 7, 11], [11, 5, 4], [8, 5, 11], [11, 9, 8], [10, 9, 11]], "faces": [[[0.11864121578920596, 0.054268643482766124, 0.056712747407262204], [0.11864121578920596, 0.054268643482766124, -0.056712747407262204], [0.0, 0.13046387909839452, -0.056712747407262176], [0.0, 0.13046387909839452, 0.0567127474072622]], [[0.11864121578920596, 0.054268643482766124, 0.056712747407262204], [0.11864121578920596, 0.054268643482766124, -0.056712747407262204], [0.11864121578920596, -0.054268643482766124, -0.056712747407262204], [0.11864121578920596, -0.054268643482766124, 0.056712747407262204]], [[0.0, 0.13046387909839452, 0.0567127474072622], [-0.11864121578920596, 0.054268643482766124, 0.0567127474072622], [-0.11864121578920596, 0.05426864348276614, -0.05671274740726219], [0.0, 0.13046387909839452, -0.056712747407262176]], [[0.11864121578920596, -0.054268643482766124, -0.056712747407262204], [0.0, -0.13046387909839452, -0.056712747407262135], [-0.11864121578920596, -0.05426864348276612, -0.056712747407262135], [-0.11864121578920596, 0.05426864348276614, -0.05671274740726219], [0.0, 0.13046387909839452, -0.056712747407262176], [0.11864121578920596, 0.054268643482766124, -0.056712747407262204]], [[-0.11864121578920596, 0.054268643482766124, 0.0567127474072622], [-0.11864121578920596, 0.05426864348276614, -0.05671274740726219], [-0.11864121578920596, -0.05426864348276612, -0.056712747407262135], [-0.11864121578920596, -0.05426864348276614, 0.05671274740726219]], [[0.0, 0.13046387909839452, 0.0567127474072622], [-0.11864121578920596, 0.054268643482766124, 0.0567127474072622], [-0.11864121578920596, -0.05426864348276614, 0.05671274740726219], [0.0, -0.13046387909839452, 0.0567127474072622], [0.11864121578920596, -0.054268643482766124, 0.056712747407262204], [0.11864121578920596, 0.054268643482766124, 0.056712747407262204]], [[0.11864121578920596, -0.054268643482766124, -0.056712747407262204], [0.11864121578920596, -0.054268643482766124, 0.056712747407262204], [0.0, -0.13046387909839452, 0.0567127474072622], [0.0, -0.13046387909839452, -0.056712747407262135]], [[-0.11864121578920596, -0.05426864348276612, -0.056712747407262135], [0.0, -0.13046387909839452, -0.056712747407262135], [0.0, -0.13046387909839452, 0.0567127474072622], [-0.11864121578920596, -0.05426864348276614, 0.05671274740726219]]]}, "b1": [0.11864121578920596, -0.18473252258116066, 0.0], "b2": [0.11864121578920596, 0.18473252258116066, 0.0], "b3": [0.0, 0.0, 0.1134254948145244], "path": [["GAMMA", "Y"], ["Y", "F_0"], ["DELTA_0", "GAMMA"], ["GAMMA", "Z"], ["Z", "B_0"], ["G_0", "T"], ["T", "Y"], ["GAMMA", "S"], ["S", "R"], ["R", "Z"], ["Z", "T"]]}