{"kpoints": {"A_0": [0.19770626118990803, -6.938893903907228e-18, 0.08701881753072133], "SIGMA_0": [0.218501288068068, 0.0, 0.0], "L": [0.18206936323794196, 0.06884815686888343, 0.043509408765360656], "C_0": [0.16643246528597588, 0.13769631373776686, 0.0], "U_0": [0.1456374384078159, 0.13769631373776686, 0.08701881753072131], "T": [0.0, 0.13769631373776686, 0.0870188175307213], "Y": [0.0, 0.13769631373776686, 0.0], "Z": [0.0, 0.0, 0.08701881753072131], "GAMMA": [0.0, 0.0, 0.0]}, "faces_data": {"triangles_vertices": [[-0.16643246528597594, -0.13769631373776686, 0.0], [-0.19770626118990803, 4.0379531710987584e-17, 0.08701881753072131], [-0.19770626118990803, 4.0379531710987584e-17, -0.08701881753072131], [0.1664324652859759, -0.13769631373776686, 0.0], [-0.1664324652859759, 0.13769631373776686, 0.0], [0.19770626118990803, -4.0379531710987584e-17, -0.08701881753072131], [-0.14563743840781584, -0.13769631373776686, 0.08701881753072141], [-0.14563743840781584, -0.13769631373776686, -0.08701881753072141], [0.14563743840781587, -0.13769631373776686, 0.08701881753072133], [0.14563743840781587, -0.13769631373776686, -0.08701881753072133], [-0.14563743840781584, 0.13769631373776686, 0.08701881753072141], [-0.14563743840781584, 0.13769631373776686, -0.08701881753072141], [0.14563743840781587, 0.13769631373776686, -0.08701881753072133], [-0.21850128806806804, 0.0, 1.3877787807814457e-17], [0.16643246528597588, 0.13769631373776683, 0.0], [0.197706261189908, 0.0, 0.08701881753072131], [0.21850128806806807, 0.0, -9.93957703655079e-17], [0.14563743840781587, 0.13769631373776686, 0.08701881753072133]], "triangles": [[1, 0, 6], [13, 0, 1], [1, 10, 4], [1, 4, 13], [17, 10, 15], [10, 1, 15], [6, 8, 15], [15, 1, 6], [15, 14, 17], [16, 14, 15], [3, 8, 6], [3, 0, 7], [6, 0, 3], [7, 9, 3], [3, 15, 8], [16, 15, 3], [12, 10, 17], [4, 10, 12], [17, 14, 12], [12, 11, 4], [7, 0, 2], [2, 0, 13], [13, 4, 2], [4, 11, 2], [5, 9, 7], [11, 12, 5], [5, 2, 11], [7, 2, 5], [5, 3, 9], [16, 3, 5], [5, 14, 16], [5, 12, 14]], "faces": [[[-0.16643246528597594, -0.13769631373776686, 0.0], [-0.14563743840781584, -0.13769631373776686, 0.08701881753072141], [-0.19770626118990803, 4.0379531710987584e-17, 0.08701881753072131], [-0.21850128806806804, 0.0, 1.3877787807814457e-17]], [[-0.19770626118990803, 4.0379531710987584e-17, 0.08701881753072131], [-0.14563743840781584, 0.13769631373776686, 0.08701881753072141], [-0.1664324652859759, 0.13769631373776686, 0.0], [-0.21850128806806804, 0.0, 1.3877787807814457e-17]], [[0.14563743840781587, -0.13769631373776686, 0.08701881753072133], [-0.14563743840781584, -0.13769631373776686, 0.08701881753072141], [-0.19770626118990803, 4.0379531710987584e-17, 0.08701881753072131], [-0.14563743840781584, 0.13769631373776686, 0.08701881753072141], [0.14563743840781587, 0.13769631373776686, 0.08701881753072133], [0.197706261189908, 0.0, 0.08701881753072131]], [[0.16643246528597588, 0.13769631373776683, 0.0], [0.21850128806806807, 0.0, -9.93957703655079e-17], [0.197706261189908, 0.0, 0.08701881753072131], [0.14563743840781587, 0.13769631373776686, 0.08701881753072133]], [[-0.14563743840781584, -0.13769631373776686, -0.08701881753072141], [-0.16643246528597594, -0.13769631373776686, 0.0], [-0.14563743840781584, -0.13769631373776686, 0.08701881753072141], [0.14563743840781587, -0.13769631373776686, 0.08701881753072133], [0.1664324652859759, -0.13769631373776686, 0.0], [0.14563743840781587, -0.13769631373776686, -0.08701881753072133]], [[0.21850128806806807, 0.0, -9.93957703655079e-17], [0.197706261189908, 0.0, 0.08701881753072131], [0.14563743840781587, -0.13769631373776686, 0.08701881753072133], [0.1664324652859759, -0.13769631373776686, 0.0]], [[0.14563743840781587, 0.13769631373776686, 0.08701881753072133], [-0.14563743840781584, 0.13769631373776686, 0.08701881753072141], [-0.1664324652859759, 0.13769631373776686, 0.0], [-0.14563743840781584, 0.13769631373776686, -0.08701881753072141], [0.14563743840781587, 0.13769631373776686, -0.08701881753072133], [0.16643246528597588, 0.13769631373776683, 0.0]], [[-0.16643246528597594, -0.13769631373776686, 0.0], [-0.14563743840781584, -0.13769631373776686, -0.08701881753072141], [-0.19770626118990803, 4.0379531710987584e-17, -0.08701881753072131], [-0.21850128806806804, 0.0, 1.3877787807814457e-17]], [[-0.19770626118990803, 4.0379531710987584e-17, -0.08701881753072131], [-0.14563743840781584, 0.13769631373776686, -0.08701881753072141], [-0.1664324652859759, 0.13769631373776686, 0.0], [-0.21850128806806804, 0.0, 1.3877787807814457e-17]], [[0.19770626118990803, -4.0379531710987584e-17, -0.08701881753072131], [0.14563743840781587, 0.13769631373776686, -0.08701881753072133], [-0.14563743840781584, 0.13769631373776686, -0.08701881753072141], [-0.19770626118990803, 4.0379531710987584e-17, -0.08701881753072131], [-0.14563743840781584, -0.13769631373776686, -0.08701881753072141], [0.14563743840781587, -0.13769631373776686, -0.08701881753072133]], [[0.1664324652859759, -0.13769631373776686, 0.0], [0.14563743840781587, -0.13769631373776686, -0.08701881753072133], [0.19770626118990803, -4.0379531710987584e-17, -0.08701881753072131], [0.21850128806806807, 0.0, -9.93957703655079e-17]], [[0.21850128806806807, 0.0, -9.93957703655079e-17], [0.16643246528597588, 0.13769631373776683, 0.0], [0.14563743840781587, 0.13769631373776686, -0.08701881753072133], [0.19770626118990803, -4.0379531710987584e-17, -0.08701881753072131]]]}, "b1": [-0.3641387264758839, 0.13769631373776686, 0.08701881753072131], "b2": [0.3641387264758839, -0.13769631373776686, 0.08701881753072131], "b3": [0.3641387264758839, 0.13769631373776686, -0.08701881753072131], "path": [["GAMMA", "Y"], ["Y", "T"], ["T", "Z"], ["Z", "GAMMA"], ["GAMMA", "SIGMA_0"], ["U_0", "T"], ["Y", "C_0"], ["A_0", "Z"], ["GAMMA", "L"]]}