{"kpoints": {"L'": [-0.1987802972511762, -0.08271188944270717, -0.11521185271072107], "Z'": [0.0, 0.0, -0.23042370542144214], "U_0": [0.09758803655743947, 0.16542377888541435, 0.2304237054214421], "GAMMA": [0.0, 0.0, 0.0], "A_0": [0.1664203780901427, -1.3877787807814457e-17, 0.23042370542144214], "SIGMA_0'": [-0.2999725579449129, 0.0, 0.0], "L": [0.1987802972511762, 0.08271188944270717, 0.11521185271072107], "Y'": [0.0, -0.16542377888541435, 0.0], "A_0'": [-0.1664203780901427, 1.3877787807814457e-17, -0.23042370542144214], "C_0": [0.2311402164122097, 0.16542377888541432, 0.0], "U_0'": [-0.09758803655743947, -0.16542377888541435, -0.2304237054214421], "T": [0.0, 0.16542377888541435, 0.2304237054214421], "Y": [0.0, 0.16542377888541435, 0.0], "T'": [0.0, -0.16542377888541435, -0.2304237054214421], "Z": [0.0, 0.0, 0.23042370542144214], "SIGMA_0": [0.2999725579449129, 0.0, 0.0], "C_0'": [-0.2311402164122097, -0.16542377888541432, 0.0]}, "faces_data": {"triangles_vertices": [[-0.29997255794491295, -5.551115123125783e-17, 5.551115123125783e-17], [-0.1664203780901427, 0.0, 0.23042370542144208], [-0.23114021641220972, 0.16542377888541432, 0.0], [0.09758803655743946, 0.16542377888541432, 0.23042370542144222], [-0.09758803655743947, 0.16542377888541435, 0.23042370542144214], [0.1664203780901427, 2.7755575615628914e-17, 0.23042370542144214], [0.23114021641220972, 0.16542377888541435, 5.551115123125783e-17], [0.29997255794491295, 0.0, 0.0], [-0.23114021641220972, -0.16542377888541432, 0.0], [0.23114021641220972, -0.16542377888541432, 0.0], [-0.09758803655743947, -0.16542377888541435, 0.23042370542144214], [0.09758803655743946, -0.1654237788854143, 0.2304237054214422], [-0.1664203780901427, 0.0, -0.23042370542144208], [0.1664203780901427, 0.0, -0.23042370542144208], [-0.09758803655743947, -0.16542377888541435, -0.23042370542144214], [-0.09758803655743947, 0.16542377888541435, -0.23042370542144214], [0.09758803655743946, -0.1654237788854144, -0.23042370542144208], [0.09758803655743946, 0.16542377888541437, -0.23042370542144205]], "triangles": [[17, 6, 13], [13, 6, 7], [3, 6, 15], [2, 4, 15], [15, 6, 17], [15, 4, 3], [15, 16, 14], [14, 12, 15], [15, 13, 16], [17, 13, 15], [0, 2, 15], [15, 12, 0], [8, 12, 14], [0, 12, 8], [1, 4, 2], [1, 2, 0], [1, 8, 10], [0, 8, 1], [3, 4, 5], [10, 11, 5], [5, 1, 10], [4, 1, 5], [7, 6, 5], [5, 6, 3], [14, 16, 9], [9, 11, 10], [10, 8, 9], [9, 8, 14], [9, 13, 7], [16, 13, 9], [9, 5, 11], [7, 5, 9]], "faces": [[[0.23114021641220972, 0.16542377888541435, 5.551115123125783e-17], [0.09758803655743946, 0.16542377888541437, -0.23042370542144205], [0.1664203780901427, 0.0, -0.23042370542144208], [0.29997255794491295, 0.0, 0.0]], [[-0.09758803655743947, 0.16542377888541435, 0.23042370542144214], [0.09758803655743946, 0.16542377888541432, 0.23042370542144222], [0.23114021641220972, 0.16542377888541435, 5.551115123125783e-17], [0.09758803655743946, 0.16542377888541437, -0.23042370542144205], [-0.09758803655743947, 0.16542377888541435, -0.23042370542144214], [-0.23114021641220972, 0.16542377888541432, 0.0]], [[0.09758803655743946, -0.1654237788854144, -0.23042370542144208], [0.1664203780901427, 0.0, -0.23042370542144208], [0.09758803655743946, 0.16542377888541437, -0.23042370542144205], [-0.09758803655743947, 0.16542377888541435, -0.23042370542144214], [-0.1664203780901427, 0.0, -0.23042370542144208], [-0.09758803655743947, -0.16542377888541435, -0.23042370542144214]], [[-0.29997255794491295, -5.551115123125783e-17, 5.551115123125783e-17], [-0.1664203780901427, 0.0, -0.23042370542144208], [-0.09758803655743947, 0.16542377888541435, -0.23042370542144214], [-0.23114021641220972, 0.16542377888541432, 0.0]], [[-0.29997255794491295, -5.551115123125783e-17, 5.551115123125783e-17], [-0.1664203780901427, 0.0, -0.23042370542144208], [-0.09758803655743947, -0.16542377888541435, -0.23042370542144214], [-0.23114021641220972, -0.16542377888541432, 0.0]], [[-0.29997255794491295, -5.551115123125783e-17, 5.551115123125783e-17], [-0.23114021641220972, 0.16542377888541432, 0.0], [-0.09758803655743947, 0.16542377888541435, 0.23042370542144214], [-0.1664203780901427, 0.0, 0.23042370542144208]], [[-0.1664203780901427, 0.0, 0.23042370542144208], [-0.29997255794491295, -5.551115123125783e-17, 5.551115123125783e-17], [-0.23114021641220972, -0.16542377888541432, 0.0], [-0.09758803655743947, -0.16542377888541435, 0.23042370542144214]], [[-0.09758803655743947, 0.16542377888541435, 0.23042370542144214], [0.09758803655743946, 0.16542377888541432, 0.23042370542144222], [0.1664203780901427, 2.7755575615628914e-17, 0.23042370542144214], [0.09758803655743946, -0.1654237788854143, 0.2304237054214422], [-0.09758803655743947, -0.16542377888541435, 0.23042370542144214], [-0.1664203780901427, 0.0, 0.23042370542144208]], [[0.09758803655743946, 0.16542377888541432, 0.23042370542144222], [0.23114021641220972, 0.16542377888541435, 5.551115123125783e-17], [0.29997255794491295, 0.0, 0.0], [0.1664203780901427, 2.7755575615628914e-17, 0.23042370542144214]], [[0.09758803655743946, -0.1654237788854143, 0.2304237054214422], [0.23114021641220972, -0.16542377888541432, 0.0], [0.09758803655743946, -0.1654237788854144, -0.23042370542144208], [-0.09758803655743947, -0.16542377888541435, -0.23042370542144214], [-0.23114021641220972, -0.16542377888541432, 0.0], [-0.09758803655743947, -0.16542377888541435, 0.23042370542144214]], [[0.29997255794491295, 0.0, 0.0], [0.1664203780901427, 0.0, -0.23042370542144208], [0.09758803655743946, -0.1654237788854144, -0.23042370542144208], [0.23114021641220972, -0.16542377888541432, 0.0]], [[0.1664203780901427, 2.7755575615628914e-17, 0.23042370542144214], [0.09758803655743946, -0.1654237788854143, 0.2304237054214422], [0.23114021641220972, -0.16542377888541432, 0.0], [0.29997255794491295, 0.0, 0.0]]]}, "b1": [-0.3975605945023524, 0.16542377888541435, 0.23042370542144214], "b2": [0.3975605945023524, -0.16542377888541435, 0.23042370542144214], "b3": [0.3975605945023524, 0.16542377888541435, -0.23042370542144214], "path": [["GAMMA", "Y"], ["Y", "T"], ["T", "Z"], ["Z", "GAMMA"], ["GAMMA", "SIGMA_0"], ["U_0", "T"], ["Y", "C_0"], ["A_0", "Z"], ["GAMMA", "L"], ["GAMMA", "Y'"], ["Y'", "T'"], ["T'", "Z'"], ["Z'", "GAMMA"], ["GAMMA", "SIGMA_0'"], ["U_0'", "T'"], ["Y'", "C_0'"], ["A_0'", "Z'"], ["GAMMA", "L'"]]}