{"kpoints": {"A_0": [0.18206936323794196, 0.10622872283091851, 0.023623091717910324], "SIGMA_0": [0.0, 0.04131230726968483, 0.02610780223877399], "L": [0.18206936323794196, 0.06884815686888343, 0.043509408765360656], "C_0": [0.18206936323794196, 0.03146759090684836, 0.06339572581281099], "U_0": [0.3641387264758839, 0.09638400646808204, 0.060911015291947326], "T": [0.3641387264758839, 0.06884815686888343, 0.043509408765360656], "Y": [0.18206936323794196, 0.0, 0.043509408765360656], "Z": [0.18206936323794196, 0.06884815686888343, 0.0], "GAMMA": [0.0, 0.0, 0.0]}, "faces_data": {"triangles_vertices": [[-0.18206936323794193, -0.06884815686888343, 0.04350940876536065], [-0.18206936323794193, -0.06884815686888343, -0.04350940876536065], [0.18206936323794198, -0.0688481568688835, -0.04350940876536062], [0.18206936323794196, -0.06884815686888335, 0.04350940876536064], [0.18206936323794198, 0.0688481568688835, -0.04350940876536062], [-0.18206936323794196, 0.06884815686888343, -0.04350940876536066], [0.18206936323794198, 0.06884815686888347, 0.04350940876536062], [-0.18206936323794193, 0.0688481568688834, 0.04350940876536069]], "triangles": [[1, 4, 2], [5, 4, 1], [1, 0, 7], [1, 7, 5], [0, 1, 3], [3, 1, 2], [5, 7, 6], [6, 4, 5], [2, 4, 6], [6, 3, 2], [7, 0, 6], [0, 3, 6]], "faces": [[[-0.18206936323794196, 0.06884815686888343, -0.04350940876536066], [0.18206936323794198, 0.0688481568688835, -0.04350940876536062], [0.18206936323794198, -0.0688481568688835, -0.04350940876536062], [-0.18206936323794193, -0.06884815686888343, -0.04350940876536065]], [[-0.18206936323794193, 0.0688481568688834, 0.04350940876536069], [-0.18206936323794196, 0.06884815686888343, -0.04350940876536066], [-0.18206936323794193, -0.06884815686888343, -0.04350940876536065], [-0.18206936323794193, -0.06884815686888343, 0.04350940876536065]], [[-0.18206936323794193, -0.06884815686888343, -0.04350940876536065], [-0.18206936323794193, -0.06884815686888343, 0.04350940876536065], [0.18206936323794196, -0.06884815686888335, 0.04350940876536064], [0.18206936323794198, -0.0688481568688835, -0.04350940876536062]], [[-0.18206936323794196, 0.06884815686888343, -0.04350940876536066], [0.18206936323794198, 0.0688481568688835, -0.04350940876536062], [0.18206936323794198, 0.06884815686888347, 0.04350940876536062], [-0.18206936323794193, 0.0688481568688834, 0.04350940876536069]], [[0.18206936323794198, -0.0688481568688835, -0.04350940876536062], [0.18206936323794198, 0.0688481568688835, -0.04350940876536062], [0.18206936323794198, 0.06884815686888347, 0.04350940876536062], [0.18206936323794196, -0.06884815686888335, 0.04350940876536064]], [[-0.18206936323794193, -0.06884815686888343, 0.04350940876536065], [-0.18206936323794193, 0.0688481568688834, 0.04350940876536069], [0.18206936323794198, 0.06884815686888347, 0.04350940876536062], [0.18206936323794196, -0.06884815686888335, 0.04350940876536064]]]}, "b1": [0.3641387264758839, 0.0, 0.0], "b2": [0.0, 0.13769631373776686, 0.0], "b3": [0.0, 0.0, 0.08701881753072131]}