{"kpoints": {"L'": [-0.04794205493119125, -0.023507924269487914, -0.08947652249109712], "LAMBDA_0": [0.0, 0.0, 0.12134033497631097], "H_0": [0.0, 0.04701584853897583, 0.10898798850430845], "G_0'": [-0.0958841098623825, -3.469446951953614e-18, -0.0699650564778858], "LAMBDA_0'": [0.0, 0.0, -0.12134033497631097], "Z'": [-0.0958841098623825, -0.04701584853897583, 0.0], "H_0'": [0.0, -0.04701584853897583, -0.10898798850430845], "G_0": [0.0958841098623825, 3.469446951953614e-18, 0.0699650564778858], "Y'": [0.0, -0.04701584853897583, 0.0], "L": [0.04794205493119125, 0.023507924269487914, 0.08947652249109712], "T": [0.0958841098623825, 0.0, 0.0], "Q_0": [0.0958841098623825, 0.04701584853897583, 0.05761271000588328], "Y": [0.0, 0.04701584853897583, 0.0], "T'": [-0.0958841098623825, 0.0, 0.0], "Z": [0.0958841098623825, 0.04701584853897583, 0.0], "GAMMA": [0.0, 0.0, 0.0], "Q_0'": [-0.0958841098623825, -0.04701584853897583, -0.05761271000588328]}, "faces_data": {"triangles_vertices": [[0.0958841098623825, 0.0, -0.06996505647788583], [0.0, 0.04701584853897583, -0.10898798850430846], [0.0, -0.04701584853897583, -0.10898798850430846], [0.0958841098623825, 0.0, 0.06996505647788583], [-0.0958841098623825, 3.3598529476367615e-17, -0.0699650564778858], [0.0, 0.04701584853897583, 0.10898798850430846], [0.0, -0.04701584853897583, 0.10898798850430846], [-0.0958841098623825, -3.3598529476367615e-17, 0.0699650564778858], [0.09588410986238248, -0.04701584853897587, -0.057612710005883284], [0.0958841098623825, 0.047015848538975814, -0.057612710005883284], [0.09588410986238248, -0.04701584853897587, 0.057612710005883284], [0.0958841098623825, 0.047015848538975814, 0.057612710005883284], [-0.0958841098623825, 0.047015848538975814, -0.057612710005883284], [-0.09588410986238251, -0.04701584853897579, -0.057612710005883284], [-0.0958841098623825, 0.047015848538975814, 0.057612710005883284], [-0.09588410986238251, -0.04701584853897579, 0.057612710005883284], [0.0, 0.0, 0.12134033497631094], [-1.3877787807814457e-17, -4.163336342344337e-17, -0.12134033497631097]], "triangles": [[0, 17, 9], [9, 17, 1], [1, 12, 5], [5, 12, 14], [11, 9, 5], [5, 9, 1], [14, 7, 5], [5, 7, 16], [4, 15, 7], [14, 12, 4], [4, 7, 14], [13, 15, 4], [4, 2, 13], [4, 17, 2], [4, 12, 1], [1, 17, 4], [8, 17, 0], [2, 17, 8], [0, 9, 3], [3, 9, 11], [3, 8, 0], [10, 8, 3], [11, 5, 3], [3, 5, 16], [6, 15, 13], [13, 2, 6], [6, 8, 10], [2, 8, 6], [7, 15, 6], [16, 7, 6], [10, 3, 6], [6, 3, 16]], "faces": [[[-1.3877787807814457e-17, -4.163336342344337e-17, -0.12134033497631097], [0.0958841098623825, 0.0, -0.06996505647788583], [0.0958841098623825, 0.047015848538975814, -0.057612710005883284], [0.0, 0.04701584853897583, -0.10898798850430846]], [[-0.0958841098623825, 0.047015848538975814, -0.057612710005883284], [0.0, 0.04701584853897583, -0.10898798850430846], [0.0958841098623825, 0.047015848538975814, -0.057612710005883284], [0.0958841098623825, 0.047015848538975814, 0.057612710005883284], [0.0, 0.04701584853897583, 0.10898798850430846], [-0.0958841098623825, 0.047015848538975814, 0.057612710005883284]], [[0.0, 0.04701584853897583, 0.10898798850430846], [-0.0958841098623825, 0.047015848538975814, 0.057612710005883284], [-0.0958841098623825, -3.3598529476367615e-17, 0.0699650564778858], [0.0, 0.0, 0.12134033497631094]], [[-0.0958841098623825, 0.047015848538975814, 0.057612710005883284], [-0.0958841098623825, -3.3598529476367615e-17, 0.0699650564778858], [-0.09588410986238251, -0.04701584853897579, 0.057612710005883284], [-0.09588410986238251, -0.04701584853897579, -0.057612710005883284], [-0.0958841098623825, 3.3598529476367615e-17, -0.0699650564778858], [-0.0958841098623825, 0.047015848538975814, -0.057612710005883284]], [[0.0, -0.04701584853897583, -0.10898798850430846], [-0.09588410986238251, -0.04701584853897579, -0.057612710005883284], [-0.0958841098623825, 3.3598529476367615e-17, -0.0699650564778858], [-1.3877787807814457e-17, -4.163336342344337e-17, -0.12134033497631097]], [[-1.3877787807814457e-17, -4.163336342344337e-17, -0.12134033497631097], [0.0, 0.04701584853897583, -0.10898798850430846], [-0.0958841098623825, 0.047015848538975814, -0.057612710005883284], [-0.0958841098623825, 3.3598529476367615e-17, -0.0699650564778858]], [[0.0958841098623825, 0.0, -0.06996505647788583], [0.09588410986238248, -0.04701584853897587, -0.057612710005883284], [0.0, -0.04701584853897583, -0.10898798850430846], [-1.3877787807814457e-17, -4.163336342344337e-17, -0.12134033497631097]], [[0.0958841098623825, 0.0, -0.06996505647788583], [0.09588410986238248, -0.04701584853897587, -0.057612710005883284], [0.09588410986238248, -0.04701584853897587, 0.057612710005883284], [0.0958841098623825, 0.0, 0.06996505647788583], [0.0958841098623825, 0.047015848538975814, 0.057612710005883284], [0.0958841098623825, 0.047015848538975814, -0.057612710005883284]], [[0.0958841098623825, 0.0, 0.06996505647788583], [0.0958841098623825, 0.047015848538975814, 0.057612710005883284], [0.0, 0.04701584853897583, 0.10898798850430846], [0.0, 0.0, 0.12134033497631094]], [[-0.09588410986238251, -0.04701584853897579, -0.057612710005883284], [0.0, -0.04701584853897583, -0.10898798850430846], [0.09588410986238248, -0.04701584853897587, -0.057612710005883284], [0.09588410986238248, -0.04701584853897587, 0.057612710005883284], [0.0, -0.04701584853897583, 0.10898798850430846], [-0.09588410986238251, -0.04701584853897579, 0.057612710005883284]], [[0.0, 0.0, 0.12134033497631094], [0.0, -0.04701584853897583, 0.10898798850430846], [-0.09588410986238251, -0.04701584853897579, 0.057612710005883284], [-0.0958841098623825, -3.3598529476367615e-17, 0.0699650564778858]], [[0.0958841098623825, 0.0, 0.06996505647788583], [0.09588410986238248, -0.04701584853897587, 0.057612710005883284], [0.0, -0.04701584853897583, 0.10898798850430846], [0.0, 0.0, 0.12134033497631094]]]}, "b1": [-0.0958841098623825, 0.04701584853897583, 0.17895304498219425], "b2": [0.0958841098623825, -0.04701584853897583, 0.17895304498219425], "b3": [0.0958841098623825, 0.04701584853897583, -0.17895304498219425], "path": [["GAMMA", "T"], ["T", "Z"], ["Z", "Y"], ["Y", "GAMMA"], ["GAMMA", "LAMBDA_0"], ["Q_0", "Z"], ["T", "G_0"], ["H_0", "Y"], ["GAMMA", "L"], ["GAMMA", "T'"], ["T'", "Z'"], ["Z'", "Y'"], ["Y'", "GAMMA"], ["GAMMA", "LAMBDA_0'"], ["Q_0'", "Z'"], ["T'", "G_0'"], ["H_0'", "Y'"], ["GAMMA", "L'"]]}