{"kpoints": {"H_0": [0.0, 0.12865516629019433, 0.0695392870993866], "A_0": [0.06951728549683409, -6.938893903907228e-18, 0.12638853793899943], "D_0": [0.13474430207776228, 0.0558476888548682, -1.3877787807814457e-17], "B_0": [0.0, 0.07280747743532613, 0.1263885379389994], "G_0": [0.13474430207776228, 0.0, 0.056849250839612814], "L": [0.06737215103888114, 0.06432758314509716, 0.06319426896949971], "C_0": [0.0652270165809282, 0.12865516629019433, 0.0], "T": [0.13474430207776228, 0.0, 0.0], "Y": [0.0, 0.12865516629019433, 0.0], "Z": [0.0, 0.0, 0.12638853793899943], "GAMMA": [0.0, 0.0, 0.0]}, "faces_data": {"triangles_vertices": [[-0.06951728549683409, 0.0, 0.12638853793899943], [-0.13474430207776228, 1.2371004137208022e-17, 0.05684925083961284], [-2.7755575615628914e-17, -0.07280747743532613, 0.12638853793899943], [-2.7755575615628914e-17, -0.12865516629019433, 0.06953928709938659], [-0.06522701658092815, -0.12865516629019433, 0.0], [-0.13474430207776228, -0.055847688854868155, 0.0], [-0.13474430207776228, 0.0, -0.05684925083961284], [-0.06522701658092817, 0.12865516629019433, 0.0], [-0.13474430207776228, 0.055847688854868155, 0.0], [2.7755575615628914e-17, 0.12865516629019433, -0.06953928709938659], [0.06951728549683409, 0.0, 0.12638853793899943], [-2.7755575615628914e-17, 0.07280747743532613, 0.12638853793899943], [0.0, 0.12865516629019433, 0.06953928709938659], [0.06522701658092815, 0.12865516629019433, 0.0], [0.06522701658092815, -0.12865516629019433, 0.0], [-2.7755575615628914e-17, -0.12865516629019433, -0.06953928709938659], [0.13474430207776228, 1.2371004137208022e-17, 0.05684925083961284], [0.13474430207776228, 0.05584768885486821, 2.4742008274416044e-17], [0.13474430207776228, -0.05584768885486821, -2.4742008274416044e-17], [0.13474430207776228, -1.2371004137208022e-17, -0.05684925083961284], [0.06951728549683411, 0.0, -0.12638853793899943], [-0.06951728549683411, 0.0, -0.12638853793899943], [0.0, 0.07280747743532617, -0.12638853793899943], [0.0, -0.07280747743532617, -0.12638853793899943]], "triangles": [[7, 8, 12], [12, 0, 11], [1, 0, 12], [12, 8, 1], [12, 10, 16], [11, 10, 12], [12, 17, 13], [16, 17, 12], [21, 22, 23], [23, 22, 20], [3, 14, 2], [14, 18, 2], [16, 10, 2], [2, 18, 16], [11, 0, 2], [2, 10, 11], [1, 8, 6], [6, 5, 1], [9, 8, 7], [9, 22, 21], [9, 6, 8], [21, 6, 9], [9, 12, 13], [7, 12, 9], [13, 17, 19], [19, 9, 13], [20, 22, 19], [22, 9, 19], [19, 17, 16], [16, 18, 19], [15, 18, 14], [15, 23, 20], [15, 19, 18], [20, 19, 15], [4, 0, 1], [4, 2, 0], [1, 5, 4], [3, 2, 4], [21, 23, 4], [4, 6, 21], [5, 6, 4], [23, 15, 4], [4, 14, 3], [4, 15, 14]], "faces": [[[-0.06522701658092817, 0.12865516629019433, 0.0], [-0.13474430207776228, 0.055847688854868155, 0.0], [-0.13474430207776228, 1.2371004137208022e-17, 0.05684925083961284], [-0.06951728549683409, 0.0, 0.12638853793899943], [-2.7755575615628914e-17, 0.07280747743532613, 0.12638853793899943], [0.0, 0.12865516629019433, 0.06953928709938659]], [[-0.06522701658092815, -0.12865516629019433, 0.0], [-0.13474430207776228, -0.055847688854868155, 0.0], [-0.13474430207776228, 1.2371004137208022e-17, 0.05684925083961284], [-0.06951728549683409, 0.0, 0.12638853793899943], [-2.7755575615628914e-17, -0.07280747743532613, 0.12638853793899943], [-2.7755575615628914e-17, -0.12865516629019433, 0.06953928709938659]], [[0.06951728549683409, 0.0, 0.12638853793899943], [0.13474430207776228, 1.2371004137208022e-17, 0.05684925083961284], [0.13474430207776228, 0.05584768885486821, 2.4742008274416044e-17], [0.06522701658092815, 0.12865516629019433, 0.0], [0.0, 0.12865516629019433, 0.06953928709938659], [-2.7755575615628914e-17, 0.07280747743532613, 0.12638853793899943]], [[-0.06951728549683411, 0.0, -0.12638853793899943], [-0.13474430207776228, 0.0, -0.05684925083961284], [-0.13474430207776228, -0.055847688854868155, 0.0], [-0.06522701658092815, -0.12865516629019433, 0.0], [-2.7755575615628914e-17, -0.12865516629019433, -0.06953928709938659], [0.0, -0.07280747743532617, -0.12638853793899943]], [[0.0, -0.07280747743532617, -0.12638853793899943], [0.06951728549683411, 0.0, -0.12638853793899943], [0.0, 0.07280747743532617, -0.12638853793899943], [-0.06951728549683411, 0.0, -0.12638853793899943]], [[-2.7755575615628914e-17, -0.07280747743532613, 0.12638853793899943], [0.06951728549683409, 0.0, 0.12638853793899943], [0.13474430207776228, 1.2371004137208022e-17, 0.05684925083961284], [0.13474430207776228, -0.05584768885486821, -2.4742008274416044e-17], [0.06522701658092815, -0.12865516629019433, 0.0], [-2.7755575615628914e-17, -0.12865516629019433, 0.06953928709938659]], [[-2.7755575615628914e-17, 0.07280747743532613, 0.12638853793899943], [0.06951728549683409, 0.0, 0.12638853793899943], [-2.7755575615628914e-17, -0.07280747743532613, 0.12638853793899943], [-0.06951728549683409, 0.0, 0.12638853793899943]], [[-0.13474430207776228, -0.055847688854868155, 0.0], [-0.13474430207776228, 1.2371004137208022e-17, 0.05684925083961284], [-0.13474430207776228, 0.055847688854868155, 0.0], [-0.13474430207776228, 0.0, -0.05684925083961284]], [[2.7755575615628914e-17, 0.12865516629019433, -0.06953928709938659], [0.0, 0.07280747743532617, -0.12638853793899943], [-0.06951728549683411, 0.0, -0.12638853793899943], [-0.13474430207776228, 0.0, -0.05684925083961284], [-0.13474430207776228, 0.055847688854868155, 0.0], [-0.06522701658092817, 0.12865516629019433, 0.0]], [[-0.06522701658092817, 0.12865516629019433, 0.0], [0.0, 0.12865516629019433, 0.06953928709938659], [0.06522701658092815, 0.12865516629019433, 0.0], [2.7755575615628914e-17, 0.12865516629019433, -0.06953928709938659]], [[0.13474430207776228, -1.2371004137208022e-17, -0.05684925083961284], [0.13474430207776228, 0.05584768885486821, 2.4742008274416044e-17], [0.06522701658092815, 0.12865516629019433, 0.0], [2.7755575615628914e-17, 0.12865516629019433, -0.06953928709938659], [0.0, 0.07280747743532617, -0.12638853793899943], [0.06951728549683411, 0.0, -0.12638853793899943]], [[0.13474430207776228, 1.2371004137208022e-17, 0.05684925083961284], [0.13474430207776228, -0.05584768885486821, -2.4742008274416044e-17], [0.13474430207776228, -1.2371004137208022e-17, -0.05684925083961284], [0.13474430207776228, 0.05584768885486821, 2.4742008274416044e-17]], [[-2.7755575615628914e-17, -0.12865516629019433, 0.06953928709938659], [0.06522701658092815, -0.12865516629019433, 0.0], [-2.7755575615628914e-17, -0.12865516629019433, -0.06953928709938659], [-0.06522701658092815, -0.12865516629019433, 0.0]], [[0.13474430207776228, -0.05584768885486821, -2.4742008274416044e-17], [0.13474430207776228, -1.2371004137208022e-17, -0.05684925083961284], [0.06951728549683411, 0.0, -0.12638853793899943], [0.0, -0.07280747743532617, -0.12638853793899943], [-2.7755575615628914e-17, -0.12865516629019433, -0.06953928709938659], [0.06522701658092815, -0.12865516629019433, 0.0]]]}, "b1": [-0.13474430207776228, 0.12865516629019433, 0.12638853793899943], "b2": [0.13474430207776228, -0.12865516629019433, 0.12638853793899943], "b3": [0.13474430207776228, 0.12865516629019433, -0.12638853793899943], "path": [["GAMMA", "Y"], ["Y", "C_0"], ["A_0", "Z"], ["Z", "B_0"], ["D_0", "T"], ["T", "G_0"], ["H_0", "Y"], ["T", "GAMMA"], ["GAMMA", "Z"], ["GAMMA", "L"]]}