{"kpoints": {"L'": [-0.08017572654204044, -0.020831946326083352, -0.07998869282077938], "Z": [0.0, 0.0, 0.15997738564155875], "B_0": [6.938893903907228e-18, 0.022269937135878045, 0.15997738564155872], "H_0": [-1.3877787807814457e-17, 0.041663892652166704, 0.15492649874594472], "A_0": [0.005786366461632266, -5.421010862427522e-19, 0.15997738564155878], "G_0'": [-0.16035145308408089, 0.0, -0.005050886895614046], "D_0": [0.16035145308408089, 0.019393955516288662, 0.0], "Z'": [0.0, 0.0, -0.15997738564155875], "H_0'": [1.3877787807814457e-17, -0.041663892652166704, -0.15492649874594472], "L": [0.08017572654204044, 0.020831946326083352, 0.07998869282077938], "Y'": [0.0, -0.041663892652166704, 0.0], "G_0": [0.16035145308408089, 0.0, 0.005050886895614046], "C_0": [0.1545650866224486, 0.041663892652166704, -2.7755575615628914e-17], "B_0'": [-6.938893903907228e-18, -0.022269937135878045, -0.15997738564155872], "T": [0.16035145308408089, 0.0, 0.0], "D_0'": [-0.16035145308408089, -0.019393955516288662, 0.0], "Y": [0.0, 0.041663892652166704, 0.0], "T'": [-0.16035145308408089, 0.0, 0.0], "A_0'": [-0.005786366461632266, 5.421010862427522e-19, -0.15997738564155878], "GAMMA": [0.0, 0.0, 0.0], "C_0'": [-0.1545650866224486, -0.041663892652166704, 2.7755575615628914e-17]}, "faces_data": {"triangles_vertices": [[0.0, 0.04166389265216671, 0.15492649874594472], [-0.00578636646163228, 5.0721132146390696e-17, 0.15997738564155875], [0.0, -0.022269937135878083, 0.15997738564155875], [0.00578636646163228, 5.0721132146390696e-17, 0.15997738564155875], [1.2680283036597674e-17, 0.022269937135878135, 0.15997738564155875], [0.1545650866224486, 0.04166389265216671, -1.2680283036597674e-17], [0.16035145308408089, -4.755106138724128e-17, 0.005050886895614044], [0.16035145308408089, 0.019393955516288586, -1.2680283036597674e-17], [-0.1545650866224486, 0.041663892652166655, 0.0], [0.0, 0.04166389265216675, -0.15492649874594472], [-0.1545650866224486, -0.0416638926521667, 1.2680283036597674e-17], [0.0, -0.041663892652166704, 0.15492649874594472], [-0.16035145308408089, 0.0, 0.005050886895614057], [-0.16035145308408089, -0.019393955516288586, 1.2680283036597674e-17], [-0.16035145308408089, 0.019393955516288586, 1.2680283036597674e-17], [-0.16035145308408089, -4.755106138724128e-17, -0.005050886895614044], [-1.2680283036597674e-17, 0.022269937135878135, -0.15997738564155875], [-0.00578636646163228, 5.0721132146390696e-17, -0.15997738564155875], [0.16035145308408089, 6.938893903907228e-18, -0.005050886895614032], [0.16035145308408089, -0.01939395551628857, 0.0], [0.1545650866224486, -0.04166389265216675, 0.0], [0.005786366461632275, 6.938893903907228e-18, -0.15997738564155875], [0.0, -0.041663892652166655, -0.15492649874594472], [0.0, -0.022269937135878118, -0.15997738564155875]], "triangles": [[5, 8, 0], [9, 8, 5], [20, 11, 10], [10, 22, 20], [2, 4, 1], [3, 4, 2], [7, 5, 0], [7, 3, 6], [7, 4, 3], [0, 4, 7], [17, 16, 23], [23, 16, 21], [0, 8, 14], [1, 4, 14], [12, 1, 14], [14, 4, 0], [14, 8, 9], [17, 15, 14], [14, 16, 17], [9, 16, 14], [13, 1, 12], [13, 10, 11], [13, 2, 1], [11, 2, 13], [22, 10, 13], [13, 15, 17], [17, 23, 13], [13, 23, 22], [12, 14, 13], [13, 14, 15], [19, 11, 20], [3, 2, 19], [6, 3, 19], [19, 2, 11], [9, 5, 18], [5, 7, 18], [21, 16, 18], [18, 16, 9], [20, 22, 18], [22, 23, 18], [18, 23, 21], [18, 19, 20], [18, 7, 6], [6, 19, 18]], "faces": [[[0.0, 0.04166389265216671, 0.15492649874594472], [-0.1545650866224486, 0.041663892652166655, 0.0], [0.0, 0.04166389265216675, -0.15492649874594472], [0.1545650866224486, 0.04166389265216671, -1.2680283036597674e-17]], [[-0.1545650866224486, -0.0416638926521667, 1.2680283036597674e-17], [0.0, -0.041663892652166655, -0.15492649874594472], [0.1545650866224486, -0.04166389265216675, 0.0], [0.0, -0.041663892652166704, 0.15492649874594472]], [[-0.00578636646163228, 5.0721132146390696e-17, 0.15997738564155875], [1.2680283036597674e-17, 0.022269937135878135, 0.15997738564155875], [0.00578636646163228, 5.0721132146390696e-17, 0.15997738564155875], [0.0, -0.022269937135878083, 0.15997738564155875]], [[0.16035145308408089, 6.938893903907228e-18, -0.005050886895614032], [0.005786366461632275, 6.938893903907228e-18, -0.15997738564155875], [0.0, -0.022269937135878118, -0.15997738564155875], [0.0, -0.041663892652166655, -0.15492649874594472], [0.1545650866224486, -0.04166389265216675, 0.0], [0.16035145308408089, -0.01939395551628857, 0.0]], [[0.16035145308408089, -4.755106138724128e-17, 0.005050886895614044], [0.16035145308408089, 0.019393955516288586, -1.2680283036597674e-17], [0.1545650866224486, 0.04166389265216671, -1.2680283036597674e-17], [0.0, 0.04166389265216671, 0.15492649874594472], [1.2680283036597674e-17, 0.022269937135878135, 0.15997738564155875], [0.00578636646163228, 5.0721132146390696e-17, 0.15997738564155875]], [[-1.2680283036597674e-17, 0.022269937135878135, -0.15997738564155875], [0.005786366461632275, 6.938893903907228e-18, -0.15997738564155875], [0.0, -0.022269937135878118, -0.15997738564155875], [-0.00578636646163228, 5.0721132146390696e-17, -0.15997738564155875]], [[-0.16035145308408089, 0.0, 0.005050886895614057], [-0.16035145308408089, 0.019393955516288586, 1.2680283036597674e-17], [-0.1545650866224486, 0.041663892652166655, 0.0], [0.0, 0.04166389265216671, 0.15492649874594472], [1.2680283036597674e-17, 0.022269937135878135, 0.15997738564155875], [-0.00578636646163228, 5.0721132146390696e-17, 0.15997738564155875]], [[0.0, 0.04166389265216675, -0.15492649874594472], [-1.2680283036597674e-17, 0.022269937135878135, -0.15997738564155875], [0.005786366461632275, 6.938893903907228e-18, -0.15997738564155875], [0.16035145308408089, 6.938893903907228e-18, -0.005050886895614032], [0.16035145308408089, 0.019393955516288586, -1.2680283036597674e-17], [0.1545650866224486, 0.04166389265216671, -1.2680283036597674e-17]], [[-0.1545650866224486, 0.041663892652166655, 0.0], [-0.16035145308408089, 0.019393955516288586, 1.2680283036597674e-17], [-0.16035145308408089, -4.755106138724128e-17, -0.005050886895614044], [-0.00578636646163228, 5.0721132146390696e-17, -0.15997738564155875], [-1.2680283036597674e-17, 0.022269937135878135, -0.15997738564155875], [0.0, 0.04166389265216675, -0.15492649874594472]], [[-0.00578636646163228, 5.0721132146390696e-17, 0.15997738564155875], [-0.16035145308408089, 0.0, 0.005050886895614057], [-0.16035145308408089, -0.019393955516288586, 1.2680283036597674e-17], [-0.1545650866224486, -0.0416638926521667, 1.2680283036597674e-17], [0.0, -0.041663892652166704, 0.15492649874594472], [0.0, -0.022269937135878083, 0.15997738564155875]], [[-0.00578636646163228, 5.0721132146390696e-17, -0.15997738564155875], [-0.16035145308408089, -4.755106138724128e-17, -0.005050886895614044], [-0.16035145308408089, -0.019393955516288586, 1.2680283036597674e-17], [-0.1545650866224486, -0.0416638926521667, 1.2680283036597674e-17], [0.0, -0.041663892652166655, -0.15492649874594472], [0.0, -0.022269937135878118, -0.15997738564155875]], [[-0.16035145308408089, 0.0, 0.005050886895614057], [-0.16035145308408089, 0.019393955516288586, 1.2680283036597674e-17], [-0.16035145308408089, -4.755106138724128e-17, -0.005050886895614044], [-0.16035145308408089, -0.019393955516288586, 1.2680283036597674e-17]], [[0.16035145308408089, -4.755106138724128e-17, 0.005050886895614044], [0.16035145308408089, -0.01939395551628857, 0.0], [0.16035145308408089, 6.938893903907228e-18, -0.005050886895614032], [0.16035145308408089, 0.019393955516288586, -1.2680283036597674e-17]], [[0.0, -0.022269937135878083, 0.15997738564155875], [0.0, -0.041663892652166704, 0.15492649874594472], [0.1545650866224486, -0.04166389265216675, 0.0], [0.16035145308408089, -0.01939395551628857, 0.0], [0.16035145308408089, -4.755106138724128e-17, 0.005050886895614044], [0.00578636646163228, 5.0721132146390696e-17, 0.15997738564155875]]]}, "b1": [-0.16035145308408089, 0.041663892652166704, 0.15997738564155875], "b2": [0.16035145308408089, -0.041663892652166704, 0.15997738564155875],