{"kpoints": {"L_0": [0.2980243873554855, 0.0664314015284363, 0.0], "F_2": [0.11421300327238983, 0.0, 0.17281226344660602], "SIGMA_0": [0.20714412498074405, 0.0, 0.0], "Y_0": [0.0, 0.17334434061296197, 0.0], "J_0": [0.11421300327238985, 0.013571367838335756, 0.17281226344660602], "S": [0.0, 0.09345785422564887, 0.08640613172330301], "U_0": [0.0, 0.013571367838335763, 0.17281226344660602], "T": [0.16067856412656695, 0.09345785422564887, 0.0], "W": [0.16067856412656695, 0.09345785422564887, 0.08640613172330301], "X": [0.0, 0.0, 0.17281226344660602], "R": [0.16067856412656695, 0.0, 0.08640613172330301], "M_0": [0.02333274089764842, 0.12048430692286144, 0.0], "GAMMA": [0.0, 0.0, 0.0]}, "faces_data": {"triangles_vertices": [[0.11421300327238984, -0.17334434061296197, 0.0], [0.16067856412656695, -0.09345785422564885, 0.08640613172330304], [0.16067856412656695, -0.09345785422564884, -0.08640613172330304], [0.20714412498074405, -0.01357136783833573, 0.0], [0.11421300327238984, 0.17334434061296197, 0.0], [0.16067856412656695, 0.09345785422564885, 0.08640613172330304], [0.16067856412656695, 0.09345785422564884, -0.08640613172330304], [0.20714412498074405, 0.01357136783833573, 0.0], [0.11421300327238985, 0.013571367838335744, 0.17281226344660605], [0.11421300327238985, -0.013571367838335744, 0.17281226344660605], [0.11421300327238985, -0.013571367838335744, -0.17281226344660605], [0.11421300327238985, 0.013571367838335744, -0.17281226344660605], [-0.11421300327238988, -0.013571367838335738, -0.17281226344660602], [-0.11421300327238988, 0.013571367838335738, -0.17281226344660602], [-0.11421300327238984, 0.17334434061296197, 0.0], [-0.16067856412656695, 0.09345785422564885, -0.08640613172330304], [-0.16067856412656695, 0.09345785422564885, 0.08640613172330304], [-0.20714412498074405, 0.013571367838335718, 0.0], [-0.16067856412656695, -0.09345785422564885, -0.08640613172330304], [-0.11421300327238984, -0.17334434061296197, 0.0], [-0.16067856412656695, -0.09345785422564885, 0.08640613172330304], [-0.20714412498074405, -0.013571367838335718, 0.0], [-0.11421300327238985, 0.013571367838335744, 0.17281226344660605], [-0.11421300327238988, -0.013571367838335738, 0.17281226344660605]], "triangles": [[22, 14, 16], [8, 5, 22], [22, 5, 4], [4, 14, 22], [9, 5, 8], [3, 7, 9], [9, 7, 5], [9, 1, 3], [19, 0, 9], [23, 20, 9], [0, 1, 9], [9, 20, 19], [8, 22, 9], [9, 22, 23], [21, 20, 23], [21, 16, 17], [23, 22, 21], [21, 22, 16], [2, 1, 0], [3, 1, 2], [4, 5, 6], [5, 7, 6], [17, 16, 15], [16, 14, 15], [11, 7, 3], [3, 2, 11], [11, 2, 10], [11, 6, 7], [11, 14, 4], [4, 6, 11], [13, 15, 11], [11, 15, 14], [10, 12, 11], [11, 12, 13], [18, 0, 19], [10, 2, 18], [18, 2, 0], [18, 12, 10], [18, 21, 17], [17, 15, 18], [18, 15, 13], [13, 12, 18], [19, 20, 18], [20, 21, 18]], "faces": [[[0.11421300327238984, 0.17334434061296197, 0.0], [-0.11421300327238984, 0.17334434061296197, 0.0], [-0.16067856412656695, 0.09345785422564885, 0.08640613172330304], [-0.11421300327238985, 0.013571367838335744, 0.17281226344660605], [0.11421300327238985, 0.013571367838335744, 0.17281226344660605], [0.16067856412656695, 0.09345785422564885, 0.08640613172330304]], [[0.11421300327238985, 0.013571367838335744, -0.17281226344660605], [0.11421300327238985, -0.013571367838335744, -0.17281226344660605], [-0.11421300327238988, -0.013571367838335738, -0.17281226344660602], [-0.11421300327238988, 0.013571367838335738, -0.17281226344660602]], [[0.11421300327238984, -0.17334434061296197, 0.0], [-0.11421300327238984, -0.17334434061296197, 0.0], [-0.16067856412656695, -0.09345785422564885, -0.08640613172330304], [-0.11421300327238988, -0.013571367838335738, -0.17281226344660602], [0.11421300327238985, -0.013571367838335744, -0.17281226344660605], [0.16067856412656695, -0.09345785422564884, -0.08640613172330304]], [[0.16067856412656695, 0.09345785422564885, 0.08640613172330304], [0.20714412498074405, 0.01357136783833573, 0.0], [0.20714412498074405, -0.01357136783833573, 0.0], [0.16067856412656695, -0.09345785422564885, 0.08640613172330304], [0.11421300327238985, -0.013571367838335744, 0.17281226344660605], [0.11421300327238985, 0.013571367838335744, 0.17281226344660605]], [[-0.20714412498074405, 0.013571367838335718, 0.0], [-0.16067856412656695, 0.09345785422564885, -0.08640613172330304], [-0.11421300327238988, 0.013571367838335738, -0.17281226344660602], [-0.11421300327238988, -0.013571367838335738, -0.17281226344660602], [-0.16067856412656695, -0.09345785422564885, -0.08640613172330304], [-0.20714412498074405, -0.013571367838335718, 0.0]], [[0.11421300327238984, -0.17334434061296197, 0.0], [-0.11421300327238984, -0.17334434061296197, 0.0], [-0.16067856412656695, -0.09345785422564885, 0.08640613172330304], [-0.11421300327238988, -0.013571367838335738, 0.17281226344660605], [0.11421300327238985, -0.013571367838335744, 0.17281226344660605], [0.16067856412656695, -0.09345785422564885, 0.08640613172330304]], [[-0.16067856412656695, -0.09345785422564885, -0.08640613172330304], [-0.20714412498074405, -0.013571367838335718, 0.0], [-0.16067856412656695, -0.09345785422564885, 0.08640613172330304], [-0.11421300327238984, -0.17334434061296197, 0.0]], [[0.11421300327238985, -0.013571367838335744, 0.17281226344660605], [0.11421300327238985, 0.013571367838335744, 0.17281226344660605], [-0.11421300327238985, 0.013571367838335744, 0.17281226344660605], [-0.11421300327238988, -0.013571367838335738, 0.17281226344660605]], [[-0.16067856412656695, -0.09345785422564885, 0.08640613172330304], [-0.20714412498074405, -0.013571367838335718, 0.0], [-0.20714412498074405, 0.013571367838335718, 0.0], [-0.16067856412656695, 0.09345785422564885, 0.08640613172330304], [-0.11421300327238985, 0.013571367838335744, 0.17281226344660605], [-0.11421300327238988, -0.013571367838335738, 0.17281226344660605]], [[0.11421300327238984, -0.17334434061296197, 0.0], [0.16067856412656695, -0.09345785422564884, -0.08640613172330304], [0.20714412498074405, -0.01357136783833573, 0.0], [0.16067856412656695, -0.09345785422564885, 0.08640613172330304]], [[0.11421300327238984, 0.17334434061296197, 0.0], [0.16067856412656695, 0.09345785422564884, -0.08640613172330304], [0.20714412498074405, 0.01357136783833573, 0.0], [0.16067856412656695, 0.09345785422564885, 0.08640613172330304]], [[-0.16067856412656695, 0.09345785422564885, -0.08640613172330304], [-0.11421300327238984, 0.17334434061296197, 0.0], [-0.16067856412656695, 0.09345785422564885, 0.08640613172330304], [-0.20714412498074405, 0.013571367838335718, 0.0]], [[0.16067856412656695, 0.09345785422564884, -0.08640613172330304], [0.20714412498074405, 0.01357136783833573, 0.0], [0.20714412498074405, -0.01357136783833573, 0.0], [0.16067856412656695, -0.09345785422564884, -0.08640613172330304], [0.11421300327238985, -0.013571367838335744, -0.17281226344660605], [0.11421300327238985, 0.013571367838335744, -0.17281226344660605]], [[0.11421300327238984, 0.17334434061296197, 0.0], [-0.11421300327238984, 0.17334434061296197, 0.0], [-0.16067856412656695, 0.09345785422564885, -0.08640613172330304], [-0.11421300327238988, 0.013571367838335738, -0.17281226344660602], [0.11421300327238985, 0.013571367838335744, -0.17281226344660605], [0.16067856412656695, 0.09345785422564884, -0.08640613172330304]]]}, "b1": [-0.0, 0.18691570845129774, 0.17281226344660602], "b2": [0.3213571282531339, 0.0, 0.17281226344660602], "b3": [0.3213571282531339, 0.18691570845129774, 0.0], "path": [["GAMMA", "X"], ["X", "F_2"], ["SIGMA_0", "GAMMA"], ["GAMMA", "Y_0"], ["U_0", "X"], ["GAMMA", "R"], ["R", "W"], ["W", "S"], ["S", "GAMMA"], ["GAMMA", "T"], ["T", "W"]]}