{"kpoints": {"F_2": [0.17247820669552633, 0.0, 0.09930364916972642], "Y_0'": [0.0, -0.16724647482737307, 0.0], "Y_0": [0.0, 0.16724647482737307, 0.0], "U_0'": [0.0, -0.13457402648267247, -0.09930364916972642], "X": [0.0, 0.0, 0.09930364916972642], "S'": [0.0, -0.15091025065502278, -0.04965182458486321], "GAMMA": [0.0, 0.0, 0.0], "L_0'": [-0.19902247743239662, -0.13457402648267247, 0.0], "F_2'": [-0.17247820669552633, 0.0, -0.09930364916972642], "M_0'": [-0.17247820669552635, -0.1672464748273731, 0.0], "X'": [0.0, 0.0, -0.09930364916972642], "J_0'": [-0.17247820669552635, -0.13457402648267247, -0.09930364916972642], "L_0": [0.19902247743239662, 0.13457402648267247, 0.0], "SIGMA_0'": [-0.19902247743239662, 0.0, 0.0], "SIGMA_0": [0.19902247743239662, 0.0, 0.0], "S": [0.0, 0.15091025065502278, 0.04965182458486321], "R": [0.1857503420639615, 0.0, 0.04965182458486321], "T": [0.1857503420639615, 0.15091025065502278, 0.0], "W": [0.1857503420639615, 0.15091025065502278, 0.04965182458486321], "T'": [-0.1857503420639615, -0.15091025065502278, -0.0], "M_0": [0.17247820669552635, 0.1672464748273731, 0.0], "W'": [-0.1857503420639615, -0.15091025065502278, -0.04965182458486321], "U_0": [0.0, 0.13457402648267247, 0.09930364916972642], "J_0": [0.17247820669552635, 0.13457402648267247, 0.09930364916972642], "R'": [-0.1857503420639615, -0.0, -0.04965182458486321]}, "faces_data": {"triangles_vertices": [[-0.17247820669552635, 0.1672464748273731, -1.3877787807814457e-17], [0.17247820669552635, 0.1672464748273731, -1.3877787807814457e-17], [0.17247820669552635, -0.1672464748273731, -1.3877787807814457e-17], [-0.17247820669552635, -0.1672464748273731, 0.0], [0.18575034206396152, 0.15091025065502278, 0.04965182458486317], [0.17247820669552635, 0.13457402648267247, 0.09930364916972642], [0.17247820669552635, -0.13457402648267247, 0.09930364916972642], [0.18575034206396152, -0.15091025065502278, 0.04965182458486317], [-0.18575034206396152, 0.15091025065502278, 0.04965182458486317], [-0.17247820669552635, 0.13457402648267247, 0.09930364916972642], [-0.17247820669552635, -0.13457402648267247, 0.09930364916972642], [-0.18575034206396152, -0.15091025065502278, 0.049651824584863204], [-0.19902247743239662, -0.13457402648267247, -1.3877787807814457e-17], [-0.19902247743239662, 0.13457402648267247, -1.3877787807814457e-17], [-0.18575034206396152, -0.15091025065502278, -0.049651824584863204], [-0.17247820669552635, -0.13457402648267247, -0.09930364916972642], [-0.18575034206396146, 0.15091025065502278, -0.04965182458486309], [-0.17247820669552635, 0.13457402648267247, -0.09930364916972642], [0.19902247743239662, 0.13457402648267247, -1.3877787807814457e-17], [0.18575034206396146, 0.15091025065502278, -0.04965182458486309], [0.17247820669552635, 0.13457402648267247, -0.09930364916972642], [0.19902247743239662, -0.13457402648267247, -1.3877787807814457e-17], [0.18575034206396146, -0.15091025065502278, -0.04965182458486309], [0.17247820669552635, -0.13457402648267247, -0.09930364916972642]], "triangles": [[18, 4, 21], [21, 6, 7], [5, 6, 21], [21, 4, 5], [2, 21, 7], [22, 21, 2], [8, 9, 5], [8, 4, 1], [8, 1, 0], [5, 4, 8], [5, 9, 10], [10, 6, 5], [12, 13, 16], [15, 14, 16], [16, 17, 15], [16, 14, 12], [16, 8, 0], [13, 8, 16], [7, 6, 11], [3, 2, 11], [11, 2, 7], [6, 10, 11], [11, 13, 12], [9, 8, 11], [11, 8, 13], [11, 10, 9], [12, 14, 11], [11, 14, 3], [23, 14, 15], [22, 2, 23], [3, 14, 23], [23, 2, 3], [15, 17, 23], [17, 20, 23], [18, 21, 19], [19, 21, 22], [19, 23, 20], [22, 23, 19], [0, 1, 19], [19, 16, 0], [17, 16, 19], [19, 20, 17], [1, 4, 19], [19, 4, 18]], "faces": [[[0.17247820669552635, -0.13457402648267247, 0.09930364916972642], [0.17247820669552635, 0.13457402648267247, 0.09930364916972642], [0.18575034206396152, 0.15091025065502278, 0.04965182458486317], [0.19902247743239662, 0.13457402648267247, -1.3877787807814457e-17], [0.19902247743239662, -0.13457402648267247, -1.3877787807814457e-17], [0.18575034206396152, -0.15091025065502278, 0.04965182458486317]], [[-0.17247820669552635, 0.13457402648267247, -0.09930364916972642], [-0.17247820669552635, -0.13457402648267247, -0.09930364916972642], [0.17247820669552635, -0.13457402648267247, -0.09930364916972642], [0.17247820669552635, 0.13457402648267247, -0.09930364916972642]], [[0.19902247743239662, 0.13457402648267247, -1.3877787807814457e-17], [0.19902247743239662, -0.13457402648267247, -1.3877787807814457e-17], [0.18575034206396146, -0.15091025065502278, -0.04965182458486309], [0.17247820669552635, -0.13457402648267247, -0.09930364916972642], [0.17247820669552635, 0.13457402648267247, -0.09930364916972642], [0.18575034206396146, 0.15091025065502278, -0.04965182458486309]], [[0.17247820669552635, -0.1672464748273731, -1.3877787807814457e-17], [0.18575034206396146, -0.15091025065502278, -0.04965182458486309], [0.19902247743239662, -0.13457402648267247, -1.3877787807814457e-17], [0.18575034206396152, -0.15091025065502278, 0.04965182458486317]], [[-0.18575034206396146, 0.15091025065502278, -0.04965182458486309], [-0.17247820669552635, 0.13457402648267247, -0.09930364916972642], [0.17247820669552635, 0.13457402648267247, -0.09930364916972642], [0.18575034206396146, 0.15091025065502278, -0.04965182458486309], [0.17247820669552635, 0.1672464748273731, -1.3877787807814457e-17], [-0.17247820669552635, 0.1672464748273731, -1.3877787807814457e-17]], [[0.17247820669552635, 0.13457402648267247, 0.09930364916972642], [0.18575034206396152, 0.15091025065502278, 0.04965182458486317], [0.17247820669552635, 0.1672464748273731, -1.3877787807814457e-17], [-0.17247820669552635, 0.1672464748273731, -1.3877787807814457e-17], [-0.18575034206396152, 0.15091025065502278, 0.04965182458486317], [-0.17247820669552635, 0.13457402648267247, 0.09930364916972642]], [[0.17247820669552635, -0.13457402648267247, 0.09930364916972642], [0.17247820669552635, 0.13457402648267247, 0.09930364916972642], [-0.17247820669552635, 0.13457402648267247, 0.09930364916972642], [-0.17247820669552635, -0.13457402648267247, 0.09930364916972642]], [[-0.18575034206396152, -0.15091025065502278, -0.049651824584863204], [-0.17247820669552635, -0.13457402648267247, -0.09930364916972642], [-0.17247820669552635, 0.13457402648267247, -0.09930364916972642], [-0.18575034206396146, 0.15091025065502278, -0.04965182458486309], [-0.19902247743239662, 0.13457402648267247, -1.3877787807814457e-17], [-0.19902247743239662, -0.13457402648267247, -1.3877787807814457e-17]], [[-0.17247820669552635, 0.1672464748273731, -1.3877787807814457e-17], [-0.18575034206396146, 0.15091025065502278, -0.04965182458486309], [-0.19902247743239662, 0.13457402648267247, -1.3877787807814457e-17], [-0.18575034206396152, 0.15091025065502278, 0.04965182458486317]], [[0.18575034206396152, -0.15091025065502278, 0.04965182458486317], [0.17247820669552635, -0.13457402648267247, 0.09930364916972642], [-0.17247820669552635, -0.13457402648267247, 0.09930364916972642], [-0.18575034206396152, -0.15091025065502278, 0.049651824584863204], [-0.17247820669552635, -0.1672464748273731, 0.0], [0.17247820669552635, -0.1672464748273731, -1.3877787807814457e-17]], [[-0.17247820669552635, -0.13457402648267247, 0.09930364916972642], [-0.17247820669552635, 0.13457402648267247, 0.09930364916972642], [-0.18575034206396152, 0.15091025065502278, 0.04965182458486317], [-0.19902247743239662, 0.13457402648267247, -1.3877787807814457e-17], [-0.19902247743239662, -0.13457402648267247, -1.3877787807814457e-17], [-0.18575034206396152, -0.15091025065502278, 0.049651824584863204]], [[-0.17247820669552635, -0.1672464748273731, 0.0], [-0.18575034206396152, -0.15091025065502278, -0.049651824584863204], [-0.19902247743239662, -0.13457402648267247, -1.3877787807814457e-17], [-0.18575034206396152, -0.15091025065502278, 0.049651824584863204]], [[-0.17247820669552635, -0.13457402648267247, -0.09930364916972642], [-0.18575034206396152, -0.15091025065502278, -0.049651824584863204], [-0.17247820669552635, -0.1672464748273731, 0.0], [0.17247820669552635, 