{"kpoints": {"LAMBDA_0": [0.0, 0.0, 0.12921068366552133], "K": [0.0, 0.12927925565817705, 0.0421227996448762], "K_2": [0.0, 0.042332675560886296, 0.1292106836655213], "K_4": [0.12215183389286072, 0.042332675560886296, 0.0421227996448762], "Y_0": [0.0, 0.12927925565817705, 0.0], "U_2": [0.12215183389286072, 0.042332675560886296, 0.0], "S": [0.0, 0.08580596560953167, 0.08566674165519876], "R": [0.06107591694643036, 0.0, 0.08566674165519876], "T": [0.06107591694643036, 0.08580596560953167, 0.0], "W": [0.06107591694643036, 0.08580596560953167, 0.08566674165519876], "X": [0.12215183389286072, 0.0, 0.0], "G_2": [0.12215183389286072, 0.0, 0.04212279964487618], "GAMMA": [0.0, 0.0, 0.0]}, "faces_data": {"triangles_vertices": [[0.061075916946430345, -0.08580596560953167, -0.08566674165519877], [0.0, -0.042332675560886324, -0.1292106836655213], [0.12215183389286072, -0.042332675560886296, -0.04212279964487621], [0.12215183389286072, -0.042332675560886296, 0.04212279964487621], [0.061075916946430345, -0.08580596560953167, 0.08566674165519877], [0.0, -0.042332675560886324, 0.1292106836655213], [-0.06107591694643033, 0.08580596560953165, -0.08566674165519876], [-1.50935209855468e-17, 0.0423326755608863, -0.12921068366552133], [-0.12215183389286073, 0.0423326755608863, -0.04212279964487619], [-0.12215183389286073, 0.0423326755608863, 0.04212279964487619], [-0.06107591694643033, 0.08580596560953165, 0.08566674165519876], [1.50935209855468e-17, 0.0423326755608863, 0.12921068366552133], [-1.3877787807814457e-17, 0.12927925565817705, -0.04212279964487618], [-1.3877787807814457e-17, 0.12927925565817705, 0.04212279964487618], [0.06107591694643037, 0.0858059656095317, 0.08566674165519872], [0.12215183389286072, 0.042332675560886324, 0.042122799644876203], [0.06107591694643037, 0.0858059656095317, -0.08566674165519872], [0.12215183389286072, 0.042332675560886324, -0.042122799644876203], [-0.06107591694643037, -0.0858059656095317, -0.08566674165519872], [-0.12215183389286072, -0.042332675560886324, -0.042122799644876203], [-0.12215183389286072, -0.042332675560886324, 0.042122799644876203], [-0.06107591694643037, -0.0858059656095317, 0.08566674165519872], [1.3877787807814457e-17, -0.12927925565817705, -0.04212279964487618], [1.3877787807814457e-17, -0.12927925565817705, 0.04212279964487618]], "triangles": [[16, 6, 12], [7, 6, 16], [14, 13, 10], [14, 10, 11], [12, 13, 17], [17, 16, 12], [13, 14, 17], [17, 14, 15], [7, 16, 17], [2, 0, 17], [0, 1, 17], [17, 1, 7], [15, 14, 3], [3, 14, 11], [3, 5, 4], [11, 5, 3], [3, 17, 15], [2, 17, 3], [12, 6, 9], [10, 13, 9], [9, 6, 8], [9, 13, 12], [8, 19, 9], [19, 20, 9], [22, 0, 2], [22, 3, 4], [22, 4, 23], [2, 3, 22], [11, 10, 21], [21, 5, 11], [21, 9, 20], [10, 9, 21], [23, 4, 21], [4, 5, 21], [8, 6, 18], [18, 6, 7], [18, 19, 8], [7, 1, 18], [18, 20, 19], [18, 22, 23], [23, 21, 18], [18, 21, 20], [18, 1, 0], [0, 22, 18]], "faces": [[[-1.3877787807814457e-17, 0.12927925565817705, -0.04212279964487618], [0.06107591694643037, 0.0858059656095317, -0.08566674165519872], [-1.50935209855468e-17, 0.0423326755608863, -0.12921068366552133], [-0.06107591694643033, 0.08580596560953165, -0.08566674165519876]], [[1.3877787807814457e-17, -0.12927925565817705, 0.04212279964487618], [-0.06107591694643037, -0.0858059656095317, 0.08566674165519872], [0.0, -0.042332675560886324, 0.1292106836655213], [0.061075916946430345, -0.08580596560953167, 0.08566674165519877]], [[-1.3877787807814457e-17, 0.12927925565817705, 0.04212279964487618], [0.06107591694643037, 0.0858059656095317, 0.08566674165519872], [1.50935209855468e-17, 0.0423326755608863, 0.12921068366552133], [-0.06107591694643033, 0.08580596560953165, 0.08566674165519876]], [[-1.3877787807814457e-17, 0.12927925565817705, -0.04212279964487618], [0.06107591694643037, 0.0858059656095317, -0.08566674165519872], [0.12215183389286072, 0.042332675560886324, -0.042122799644876203], [0.12215183389286072, 0.042332675560886324, 0.042122799644876203], [0.06107591694643037, 0.0858059656095317, 0.08566674165519872], [-1.3877787807814457e-17, 0.12927925565817705, 0.04212279964487618]], [[-0.06107591694643037, -0.0858059656095317, 0.08566674165519872], [-0.12215183389286072, -0.042332675560886324, 0.042122799644876203], [-0.12215183389286072, -0.042332675560886324, -0.042122799644876203], [-0.06107591694643037, -0.0858059656095317, -0.08566674165519872], [1.3877787807814457e-17, -0.12927925565817705, -0.04212279964487618], [1.3877787807814457e-17, -0.12927925565817705, 0.04212279964487618]], [[0.06107591694643037, 0.0858059656095317, -0.08566674165519872], [-1.50935209855468e-17, 0.0423326755608863, -0.12921068366552133], [0.0, -0.042332675560886324, -0.1292106836655213], [0.061075916946430345, -0.08580596560953167, -0.08566674165519877], [0.12215183389286072, -0.042332675560886296, -0.04212279964487621], [0.12215183389286072, 0.042332675560886324, -0.042122799644876203]], [[1.3877787807814457e-17, -0.12927925565817705, -0.04212279964487618], [-0.06107591694643037, -0.0858059656095317, -0.08566674165519872], [0.0, -0.042332675560886324, -0.1292106836655213], [0.061075916946430345, -0.08580596560953167, -0.08566674165519877]], [[0.12215183389286072, 0.042332675560886324, 0.042122799644876203], [0.06107591694643037, 0.0858059656095317, 0.08566674165519872], [1.50935209855468e-17, 0.0423326755608863, 0.12921068366552133], [0.0, -0.042332675560886324, 0.1292106836655213], [0.061075916946430345, -0.08580596560953167, 0.08566674165519877], [0.12215183389286072, -0.042332675560886296, 0.04212279964487621]], [[-0.12215183389286073, 0.0423326755608863, -0.04212279964487619], [-0.12215183389286072, -0.042332675560886324, -0.042122799644876203], [-0.06107591694643037, -0.0858059656095317, -0.08566674165519872], [0.0, -0.042332675560886324, -0.1292106836655213], [-1.50935209855468e-17, 0.0423326755608863, -0.12921068366552133], [-0.06107591694643033, 0.08580596560953165, -0.08566674165519876]], [[0.12215183389286072, -0.042332675560886296, 0.04212279964487621], [0.12215183389286072, -0.042332675560886296, -0.04212279964487621], [0.12215183389286072, 0.042332675560886324, -0.042122799644876203], [0.12215183389286072, 0.042332675560886324, 0.042122799644876203]], [[-0.06107591694643033, 0.08580596560953165, 0.08566674165519876], [-0.12215183389286073, 0.0423326755608863, 0.04212279964487619], [-0.12215183389286073, 0.0423326755608863, -0.04212279964487619], [-0.06107591694643033, 0.08580596560953165, -0.08566674165519876], [-1.3877787807814457e-17, 0.12927925565817705, -0.04212279964487618], [-1.3877787807814457e-17, 0.12927925565817705, 0.04212279964487618]], [[-0.12215183389286072, -0.042332675560886324, -0.042122799644876203], [-0.12215183389286072, -0.042332675560886324, 0.042122799644876203], [-0.12215183389286073, 0.0423326755608863, 0.04212279964487619], [-0.12215183389286073, 0.0423326755608863, -0.04212279964487619]], [[0.061075916946430345, -0.08580596560953167, -0.08566674165519877], [1.3877787807814457e-17, -0.12927925565817705, -0.04212279964487618], [1.3877787807814457e-17, -0.12927925565817705, 0.04212279964487618], [0.061075916946430345, -0.08580596560953167, 0.08566674165519877], [0.12215183389286072, -0.042332675560886296, 0.04212279964487621], [0.12215183389286072, -0.042332675560886296, -0.04212279964487621]], [[-0.06107591694643037, -0.0858059656095317, 0.08566674165519872], [0.0, -0.042332675560886324, 0.1292106836655213], [1.50935209855468e-17, 0.0423326755608863, 0.12921068366552133], [-0.06107591694643033, 0.08580596560953165, 0.08566674165519876], [-0.12215183389286073, 0.0423326755608863, 0.04212279964487619], [-0.12215183389286072, -0.042332675560886324, 0.042122799644876203]]]}, "b1": [-0.0, 0.17161193121906335, 0.17133348331039752], "b2": [0.12215183389286072, 0.0, 0.17133348331039752], "b3": [0.12215183389286072, 0.17161193121906335, 0.0],