{"kpoints": {"K'": [6.938893903907228e-18, -0.10802981623419367, -0.035277699011877064], "Y_0'": [6.938893903907228e-18, -0.10802981623419367, 0.0], "Y_0": [-6.938893903907228e-18, 0.10802981623419367, 0.0], "U_2": [0.10144060144340533, 0.03715165641521044, 0.0], "U_2'": [-0.10144060144340533, -0.03715165641521044, 0.0], "X": [0.10144060144340533, 0.0, 0.0], "S'": [5.631084567714624e-18, -0.07259073632470205, -0.07133873700296314], "GAMMA": [0.0, 0.0, 0.0], "X'": [-0.10144060144340533, 0.0, 0.0], "K_4'": [-0.10144060144340532, -0.03715165641521043, -0.035277699011877064], "K": [-6.938893903907228e-18, 0.10802981623419367, 0.035277699011877064], "K_2": [-6.938893903907228e-18, 0.03715165641521043, 0.10739977499404922], "K_4": [0.10144060144340532, 0.03715165641521043, 0.035277699011877064], "S": [-5.631084567714624e-18, 0.07259073632470205, 0.07133873700296314], "R'": [-0.05072030072170266, -0.0, -0.07133873700296314], "T": [0.05072030072170266, 0.07259073632470205, 0.0], "W": [0.05072030072170265, 0.07259073632470205, 0.07133873700296314], "T'": [-0.05072030072170266, -0.07259073632470205, -0.0], "W'": [-0.05072030072170265, -0.07259073632470205, -0.07133873700296314], "LAMBDA_0": [-6.938893903907228e-18, 0.0, 0.10739977499404922], "G_2'": [-0.1014406014434053, 0.0, -0.03527769901187706], "LAMBDA_0'": [6.938893903907228e-18, 0.0, -0.10739977499404922], "G_2": [0.1014406014434053, 0.0, 0.03527769901187706], "R": [0.05072030072170266, 0.0, 0.07133873700296314], "K_2'": [6.938893903907228e-18, -0.03715165641521043, -0.10739977499404922]}, "faces_data": {"triangles_vertices": [[0.05072030072170268, -0.07259073632470205, -0.07133873700296314], [1.3877787807814457e-17, -0.10802981623419367, -0.03527769901187707], [-0.05072030072170265, -0.07259073632470206, -0.07133873700296314], [0.0, -0.03715165641521043, -0.10739977499404921], [0.0, 0.03715165641521044, -0.10739977499404921], [-0.050720300721702666, 0.07259073632470205, -0.07133873700296314], [0.10144060144340536, -0.03715165641521042, -0.035277699011877064], [0.10144060144340533, -0.03715165641521042, 0.03527769901187706], [-0.10144060144340533, -0.037151656415210434, -0.03527769901187706], [-0.10144060144340535, 0.03715165641521043, -0.03527769901187706], [0.050720300721702666, -0.07259073632470205, 0.07133873700296316], [0.0, -0.10802981623419367, 0.03527769901187708], [-0.050720300721702666, 0.07259073632470205, 0.07133873700296316], [-0.10144060144340535, 0.03715165641521043, 0.035277699011877064], [-1.3877787807814457e-17, 0.03715165641521044, 0.10739977499404921], [-0.10144060144340535, -0.03715165641521043, 0.035277699011877064], [-0.050720300721702666, -0.07259073632470205, 0.07133873700296316], [-1.3877787807814457e-17, -0.03715165641521043, 0.10739977499404921], [0.10144060144340535, 0.03715165641521041, -0.03527769901187706], [0.05072030072170265, 0.07259073632470203, -0.07133873700296313], [1.3877787807814457e-17, 0.10802981623419367, -0.03527769901187708], [-1.3877787807814457e-17, 0.10802981623419367, 0.03527769901187707], [0.10144060144340535, 0.03715165641521041, 0.03527769901187705], [0.05072030072170264, 0.07259073632470206, 0.07133873700296313]], "triangles": [[19, 18, 4], [4, 0, 3], [6, 0, 4], [4, 18, 6], [4, 5, 20], [20, 19, 4], [9, 5, 2], [5, 4, 2], [2, 8, 9], [2, 4, 3], [20, 21, 23], [23, 19, 20], [22, 18, 23], [23, 18, 19], [23, 21, 12], [23, 12, 14], [6, 18, 7], [7, 18, 22], [1, 0, 6], [1, 7, 10], [1, 10, 11], [6, 7, 1], [3, 0, 1], [1, 2, 3], [20, 5, 13], [12, 21, 13], [13, 5, 9], [13, 21, 20], [9, 8, 13], [8, 15, 13], [8, 2, 16], [16, 15, 8], [2, 1, 16], [16, 1, 11], [22, 23, 17], [17, 7, 22], [17, 23, 14], [10, 7, 17], [14, 12, 17], [17, 13, 15], [12, 13, 17], [15, 16, 17], [11, 10, 17], [17, 16, 11]], "faces": [[[0.10144060144340536, -0.03715165641521042, -0.035277699011877064], [0.10144060144340535, 0.03715165641521041, -0.03527769901187706], [0.05072030072170265, 0.07259073632470203, -0.07133873700296313], [0.0, 0.03715165641521044, -0.10739977499404921], [0.0, -0.03715165641521043, -0.10739977499404921], [0.05072030072170268, -0.07259073632470205, -0.07133873700296314]], [[0.10144060144340535, 0.03715165641521041, 0.03527769901187705], [0.05072030072170264, 0.07259073632470206, 0.07133873700296313], [-1.3877787807814457e-17, 0.03715165641521044, 0.10739977499404921], [-1.3877787807814457e-17, -0.03715165641521043, 0.10739977499404921], [0.050720300721702666, -0.07259073632470205, 0.07133873700296316], [0.10144060144340533, -0.03715165641521042, 0.03527769901187706]], [[0.05072030072170265, 0.07259073632470203, -0.07133873700296313], [1.3877787807814457e-17, 0.10802981623419367, -0.03527769901187708], [-0.050720300721702666, 0.07259073632470205, -0.07133873700296314], [0.0, 0.03715165641521044, -0.10739977499404921]], [[-0.050720300721702666, -0.07259073632470205, 0.07133873700296316], [-0.10144060144340535, -0.03715165641521043, 0.035277699011877064], [-0.10144060144340535, 0.03715165641521043, 0.035277699011877064], [-0.050720300721702666, 0.07259073632470205, 0.07133873700296316], [-1.3877787807814457e-17, 0.03715165641521044, 0.10739977499404921], [-1.3877787807814457e-17, -0.03715165641521043, 0.10739977499404921]], [[-0.10144060144340533, -0.037151656415210434, -0.03527769901187706], [-0.10144060144340535, 0.03715165641521043, -0.03527769901187706], [-0.050720300721702666, 0.07259073632470205, -0.07133873700296314], [0.0, 0.03715165641521044, -0.10739977499404921], [0.0, -0.03715165641521043, -0.10739977499404921], [-0.05072030072170265, -0.07259073632470206, -0.07133873700296314]], [[0.10144060144340535, 0.03715165641521041, 0.03527769901187705], [0.05072030072170264, 0.07259073632470206, 0.07133873700296313], [-1.3877787807814457e-17, 0.10802981623419367, 0.03527769901187707], [1.3877787807814457e-17, 0.10802981623419367, -0.03527769901187708], [0.05072030072170265, 0.07259073632470203, -0.07133873700296313], [0.10144060144340535, 0.03715165641521041, -0.03527769901187706]], [[-0.050720300721702666, 0.07259073632470205, 0.07133873700296316], [-1.3877787807814457e-17, 0.10802981623419367, 0.03527769901187707], [0.05072030072170264, 0.07259073632470206, 0.07133873700296313], [-1.3877787807814457e-17, 0.03715165641521044, 0.10739977499404921]], [[0.10144060144340533, -0.03715165641521042, 0.03527769901187706], [0.10144060144340536, -0.03715165641521042, -0.035277699011877064], [0.10144060144340535, 0.03715165641521041, -0.03527769901187706], [0.10144060144340535, 0.03715165641521041, 0.03527769901187705]], [[0.05072030072170268, -0.07259073632470205, -0.07133873700296314], [0.10144060144340536, -0.03715165641521042, -0.035277699011877064], [0.10144060144340533, -0.03715165641521042, 0.03527769901187706], [0.050720300721702666, -0.07259073632470205, 0.07133873700296316], [0.0, -0.10802981623419367, 0.03527769901187708], [1.3877787807814457e-17, -0.10802981623419367, -0.03527769901187707]], [[0.05072030072170268, -0.07259073632470205, -0.07133873700296314], [0.0, -0.03715165641521043, -0.10739977499404921], [-0.05072030072170265, -0.07259073632470206, -0.07133873700296314], [1.3877787807814457e-17, -0.10802981623419367, -0.03527769901187707]], [[-0.050720300721702666, 0.07259073632470205, 0.07133873700296316], [-0.10144060144340535, 0.03715165641521043, 0.035277699011877064], [-0.10144060144340535, 0.03715165641521043, -0.03527769901187706], [-0.050720300721702666, 0.07259073632470205, -0.07133873700296314], [1.3877787807814457e-17, 0.10802981623419367, -0.03527769901187708], [-1.3877787807814457e-17, 0.10802981623419367, 0.03527769901187707]], [[-0.10144060144340535, 0.03715165641521043, -0.03527769901187706], [-0.10144060144340533, -0.037151656415210434, -0.03527769901187706], [-0.10144060144340535, -0.03715165641521043, 0.035277699011877064], [-0.10144060144340535, 0.03715165641521043, 0.035277699011877064]], [[0.0, -0.10802981623419367, 0.03527769901187708], [0.050720300721702666, -0.07259073632470205, 0.07133873700296316], [-1.3877787807814457e-17, 