{"kpoints": {"H_2'": [-0.008272262021856998, -0.16236741798275037, -0.11652387947843121], "X": [0.0, 0.16236741798275037, 0.0], "T'": [-0.08542513509718765, -0.08118370899137518, -0.0], "V_0'": [-0.008272262021856998, 0.0, -0.19985242783386226], "GAMMA": [0.0, 0.0, 0.0], "S'": [0.0, -0.08118370899137518, -0.15818815365614672], "X'": [0.0, -0.16236741798275037, 0.0], "SIGMA_0": [0.16257800817251833, 0.0, 0.0], "LAMBDA_0": [0.0, 0.0, 0.19985242783386226], "SIGMA_0'": [-0.16257800817251833, 0.0, 0.0], "H_0'": [-0.1625780081725183, 0.0, -0.11652387947843121], "S": [0.0, 0.08118370899137518, 0.15818815365614672], "R'": [-0.08542513509718765, -0.0, -0.15818815365614672], "F_0": [0.008272262021856963, 0.16236741798275037, 0.0], "T": [0.08542513509718765, 0.08118370899137518, 0.0], "W": [0.08542513509718765, 0.08118370899137518, 0.15818815365614672], "H_2": [0.008272262021856998, 0.16236741798275037, 0.11652387947843121], "W'": [-0.08542513509718765, -0.08118370899137518, -0.15818815365614672], "V_0": [0.008272262021856998, 0.0, 0.19985242783386226], "H_0": [0.1625780081725183, 0.0, 0.11652387947843121], "F_0'": [-0.008272262021856963, -0.16236741798275037, 0.0], "G_0'": [0.0, -0.16236741798275037, -0.11652387947843118], "LAMBDA_0'": [0.0, 0.0, -0.19985242783386226], "G_0": [0.0, 0.16236741798275037, 0.11652387947843118], "R": [0.08542513509718765, 0.0, 0.15818815365614672]}, "faces_data": {"triangles_vertices": [[-0.00827226202185701, 0.16236741798275037, -0.11652387947843115], [0.008272262021856991, 0.16236741798275037, -0.11652387947843118], [0.008272262021857, 0.0, 0.19985242783386226], [-0.008272262021856986, 0.16236741798275037, 0.11652387947843115], [0.08542513509718766, 0.0811837089913752, 0.15818815365614672], [0.008272262021856986, 0.16236741798275037, 0.11652387947843115], [0.008272262021856991, 0.0, -0.19985242783386226], [0.08542513509718763, 0.0811837089913752, -0.15818815365614672], [-0.008272262021857, -0.16236741798275037, -0.11652387947843118], [-0.00827226202185701, -0.16236741798275037, 0.11652387947843115], [-0.1625780081725183, 0.0, -0.11652387947843115], [-0.08542513509718763, 0.08118370899137517, -0.15818815365614672], [-0.008272262021856991, 0.0, -0.19985242783386226], [-0.08542513509718766, -0.08118370899137521, -0.15818815365614672], [-0.1625780081725183, 0.0, 0.11652387947843115], [-0.08542513509718763, -0.08118370899137517, 0.15818815365614672], [-0.08542513509718766, 0.08118370899137521, 0.15818815365614672], [-0.008272262021856991, 0.0, 0.19985242783386226], [0.08542513509718763, -0.08118370899137517, -0.15818815365614672], [0.008272262021856991, -0.16236741798275037, -0.11652387947843118], [0.1625780081725183, 0.0, -0.11652387947843118], [0.16257800817251827, 0.0, 0.11652387947843115], [0.08542513509718766, -0.08118370899137516, 0.15818815365614672], [0.008272262021856991, -0.16236741798275037, 0.11652387947843118]], "triangles": [[16, 14, 17], [17, 14, 15], [21, 4, 2], [2, 22, 21], [0, 11, 3], [3, 14, 16], [10, 14, 3], [3, 11, 10], [18, 7, 20], [6, 7, 18], [19, 18, 23], [20, 21, 23], [23, 21, 22], [23, 18, 20], [0, 1, 12], [12, 11, 0], [12, 7, 6], [1, 7, 12], [12, 19, 8], [8, 13, 12], [6, 18, 12], [12, 18, 19], [10, 11, 12], [12, 13, 10], [5, 7, 1], [4, 21, 5], [5, 21, 20], [20, 7, 5], [16, 17, 5], [2, 4, 5], [5, 17, 2], [5, 3, 16], [5, 1, 0], [0, 3, 5], [9, 14, 10], [15, 14, 9], [9, 13, 8], [10, 13, 9], [2, 17, 9], [9, 22, 2], [9, 17, 15], [9, 23, 22], [8, 19, 9], [19, 23, 9]], "faces": [[[-0.1625780081725183, 0.0, 0.11652387947843115], [-0.08542513509718766, 0.08118370899137521, 0.15818815365614672], [-0.008272262021856991, 0.0, 0.19985242783386226], [-0.08542513509718763, -0.08118370899137517, 0.15818815365614672]], [[-0.00827226202185701, 0.16236741798275037, -0.11652387947843115], [-0.008272262021856986, 0.16236741798275037, 0.11652387947843115], [0.008272262021856986, 0.16236741798275037, 0.11652387947843115], [0.008272262021856991, 0.16236741798275037, -0.11652387947843118]], [[0.08542513509718766, 0.0811837089913752, 0.15818815365614672], [0.008272262021857, 0.0, 0.19985242783386226], [0.08542513509718766, -0.08118370899137516, 0.15818815365614672], [0.16257800817251827, 0.0, 0.11652387947843115]], [[-0.1625780081725183, 0.0, 0.11652387947843115], [-0.08542513509718766, 0.08118370899137521, 0.15818815365614672], [-0.008272262021856986, 0.16236741798275037, 0.11652387947843115], [-0.00827226202185701, 0.16236741798275037, -0.11652387947843115], [-0.08542513509718763, 0.08118370899137517, -0.15818815365614672], [-0.1625780081725183, 0.0, -0.11652387947843115]], [[0.08542513509718766, -0.08118370899137516, 0.15818815365614672], [0.008272262021857, 0.0, 0.19985242783386226], [-0.008272262021856991, 0.0, 0.19985242783386226], [-0.08542513509718763, -0.08118370899137517, 0.15818815365614672], [-0.00827226202185701, -0.16236741798275037, 0.11652387947843115], [0.008272262021856991, -0.16236741798275037, 0.11652387947843118]], [[0.08542513509718763, 0.0811837089913752, -0.15818815365614672], [0.008272262021856991, 0.0, -0.19985242783386226], [0.08542513509718763, -0.08118370899137517, -0.15818815365614672], [0.1625780081725183, 0.0, -0.11652387947843118]], [[0.08542513509718763, -0.08118370899137517, -0.15818815365614672], [0.1625780081725183, 0.0, -0.11652387947843118], [0.16257800817251827, 0.0, 0.11652387947843115], [0.08542513509718766, -0.08118370899137516, 0.15818815365614672], [0.008272262021856991, -0.16236741798275037, 0.11652387947843118], [0.008272262021856991, -0.16236741798275037, -0.11652387947843118]], [[-0.008272262021857, -0.16236741798275037, -0.11652387947843118], [-0.08542513509718766, -0.08118370899137521, -0.15818815365614672], [-0.1625780081725183, 0.0, -0.11652387947843115], [-0.1625780081725183, 0.0, 0.11652387947843115], [-0.08542513509718763, -0.08118370899137517, 0.15818815365614672], [-0.00827226202185701, -0.16236741798275037, 0.11652387947843115]], [[-0.00827226202185701, 0.16236741798275037, -0.11652387947843115], [-0.08542513509718763, 0.08118370899137517, -0.15818815365614672], [-0.008272262021856991, 0.0, -0.19985242783386226], [0.008272262021856991, 0.0, -0.19985242783386226], [0.08542513509718763, 0.0811837089913752, -0.15818815365614672], [0.008272262021856991, 0.16236741798275037, -0.11652387947843118]], [[-0.08542513509718766, -0.08118370899137521, -0.15818815365614672], [-0.008272262021857, -0.16236741798275037, -0.11652387947843118], [0.008272262021856991, -0.16236741798275037, -0.11652387947843118], [0.08542513509718763, -0.08118370899137517, -0.15818815365614672], [0.008272262021856991, 0.0, -0.19985242783386226], [-0.008272262021856991, 0.0, -0.19985242783386226]], [[-0.1625780081725183, 0.0, -0.11652387947843115], [-0.08542513509718766, -0.08118370899137521, -0.15818815365614672], [-0.008272262021856991, 0.0, -0.19985242783386226], [-0.08542513509718763, 0.08118370899137517, -0.15818815365614672]], [[0.16257800817251827, 0.0, 0.11652387947843115], [0.1625780081725183, 0.0, -0.11652387947843118], [0.08542513509718763, 0.0811837089913752, -0.15818815365614672], [0.008272262021856991, 0.16236741798275037, -0.11652387947843118], [0.008272262021856986, 0.16236741798275037, 0.11652387947843115], [0.08542513509718766, 0.0811837089913752, 0.15818815365614672]], [[-0.008272262021856986, 0.16236741798275037, 0.11652387947843115], [-0.08542513509718766, 0.08118370899137521, 0.15818815365614672], [-0.008272262021856991, 0.0, 0.19985242783386226], [0.008272262021857, 0.0, 0.19985242783386226], [0.08542513509718766, 0.0811837089913752, 0.15818815365614672], [0.008272262021856986, 0.16236741798275037, 0.11652387947843115]], [[-0.00827226202185701, -0.16236741798275037, 0.11652387947843115], [-0.008272262021857, -0.16236741798275037, -0.11652387947843118], [0.008272262021856991, -0.16236741798275037, -0.11652387947843118], [0.008272262021856991, -0.16236741798275037, 0.11652387947843118]]]}, "b1": [-0.0, 0.16236741798275037, 0.31637630731229344],