{"kpoints": {"H_2": [0.06111105332959263, 0.12268215496172138, 0.0043708031240283635], "H_0": [0.1370601035498811, 0.0, 0.0043708031240283635], "LAMBDA_0": [-1.3877787807814457e-17, 0.0, 0.1227599896790515], "SIGMA_0": [0.13706010354988107, 0.0, 0.0], "G_0": [1.3877787807814457e-17, 0.12268215496172138, 0.00437080312402835], "S": [0.0, 0.061341077480860685, 0.06356539640153992], "R": [0.09908557843973685, 0.0, 0.06356539640153992], "F_0": [0.06111105332959263, 0.12268215496172137, 0.0], "T": [0.09908557843973687, 0.061341077480860685, 0.0], "W": [0.09908557843973687, 0.061341077480860685, 0.06356539640153992], "X": [1.3877787807814457e-17, 0.12268215496172137, 0.0], "V_0": [0.061111053329592616, 0.0, 0.12275998967905148], "GAMMA": [0.0, 0.0, 0.0]}, "faces_data": {"triangles_vertices": [[-0.0611110533295926, 8.769557618812686e-18, -0.12275998967905152], [-0.09908557843973685, -0.061341077480860685, -0.06356539640153994], [-0.09908557843973685, 0.061341077480860706, -0.06356539640153994], [-0.1370601035498811, 0.0, -0.004370803124028379], [-0.06111105332959264, -0.12268215496172137, 0.004370803124028349], [-0.06111105332959265, -0.12268215496172137, -0.004370803124028361], [-0.1370601035498811, 0.0, 0.004370803124028361], [-0.09908557843973687, -0.061341077480860685, 0.06356539640153994], [-0.06111105332959262, 8.769557618812686e-18, 0.1227599896790515], [-0.09908557843973687, 0.0613410774808607, 0.06356539640153992], [0.09908557843973687, 0.06134107748086069, -0.06356539640153991], [0.06111105332959264, -6.912873604842815e-18, -0.12275998967905152], [0.0611110533295926, -8.769557618812686e-18, 0.12275998967905152], [0.09908557843973685, 0.061341077480860685, 0.06356539640153994], [0.061111053329592664, 0.12268215496172134, -0.004370803124028344], [0.061111053329592664, 0.12268215496172134, 0.004370803124028362], [-0.061111053329592595, 0.12268215496172137, -0.0043708031240283435], [-0.061111053329592595, 0.12268215496172137, 0.004370803124028326], [0.09908557843973684, -0.06134107748086068, 0.06356539640153995], [0.0611110533295926, -0.12268215496172137, 0.004370803124028361], [0.0611110533295926, -0.12268215496172137, -0.004370803124028379], [0.09908557843973685, -0.061341077480860665, -0.06356539640153994], [0.13706010354988107, 1.3877787807814457e-17, 0.004370803124028348], [0.13706010354988107, 1.3877787807814457e-17, -0.004370803124028361]], "triangles": [[12, 8, 19], [19, 18, 12], [8, 7, 19], [19, 7, 4], [4, 7, 5], [7, 6, 5], [3, 1, 5], [5, 6, 3], [5, 0, 11], [5, 21, 20], [5, 1, 0], [11, 21, 5], [5, 19, 4], [20, 19, 5], [0, 1, 2], [2, 1, 3], [20, 21, 23], [22, 18, 23], [23, 19, 20], [18, 19, 23], [3, 6, 9], [16, 2, 9], [9, 17, 16], [9, 2, 3], [9, 7, 8], [9, 6, 7], [12, 18, 13], [13, 18, 22], [11, 0, 10], [16, 14, 10], [0, 2, 10], [10, 2, 16], [10, 21, 11], [10, 23, 21], [22, 23, 15], [15, 13, 22], [23, 10, 15], [15, 10, 14], [15, 8, 12], [15, 9, 8], [17, 9, 15], [12, 13, 15], [16, 17, 15], [15, 14, 16]], "faces": [[[-0.06111105332959262, 8.769557618812686e-18, 0.1227599896790515], [-0.09908557843973687, -0.061341077480860685, 0.06356539640153994], [-0.06111105332959264, -0.12268215496172137, 0.004370803124028349], [0.0611110533295926, -0.12268215496172137, 0.004370803124028361], [0.09908557843973684, -0.06134107748086068, 0.06356539640153995], [0.0611110533295926, -8.769557618812686e-18, 0.12275998967905152]], [[0.09908557843973687, 0.06134107748086069, -0.06356539640153991], [0.13706010354988107, 1.3877787807814457e-17, -0.004370803124028361], [0.09908557843973685, -0.061341077480860665, -0.06356539640153994], [0.06111105332959264, -6.912873604842815e-18, -0.12275998967905152]], [[0.09908557843973685, 0.061341077480860685, 0.06356539640153994], [0.13706010354988107, 1.3877787807814457e-17, 0.004370803124028348], [0.13706010354988107, 1.3877787807814457e-17, -0.004370803124028361], [0.09908557843973687, 0.06134107748086069, -0.06356539640153991], [0.061111053329592664, 0.12268215496172134, -0.004370803124028344], [0.061111053329592664, 0.12268215496172134, 0.004370803124028362]], [[-0.09908557843973685, -0.061341077480860685, -0.06356539640153994], [-0.06111105332959265, -0.12268215496172137, -0.004370803124028361], [-0.06111105332959264, -0.12268215496172137, 0.004370803124028349], [-0.09908557843973687, -0.061341077480860685, 0.06356539640153994], [-0.1370601035498811, 0.0, 0.004370803124028361], [-0.1370601035498811, 0.0, -0.004370803124028379]], [[0.061111053329592664, 0.12268215496172134, 0.004370803124028362], [-0.061111053329592595, 0.12268215496172137, 0.004370803124028326], [-0.09908557843973687, 0.0613410774808607, 0.06356539640153992], [-0.06111105332959262, 8.769557618812686e-18, 0.1227599896790515], [0.0611110533295926, -8.769557618812686e-18, 0.12275998967905152], [0.09908557843973685, 0.061341077480860685, 0.06356539640153994]], [[-0.06111105332959265, -0.12268215496172137, -0.004370803124028361], [-0.09908557843973685, -0.061341077480860685, -0.06356539640153994], [-0.0611110533295926, 8.769557618812686e-18, -0.12275998967905152], [0.06111105332959264, -6.912873604842815e-18, -0.12275998967905152], [0.09908557843973685, -0.061341077480860665, -0.06356539640153994], [0.0611110533295926, -0.12268215496172137, -0.004370803124028379]], [[0.061111053329592664, 0.12268215496172134, 0.004370803124028362], [0.061111053329592664, 0.12268215496172134, -0.004370803124028344], [-0.061111053329592595, 0.12268215496172137, -0.0043708031240283435], [-0.061111053329592595, 0.12268215496172137, 0.004370803124028326]], [[0.0611110533295926, -0.12268215496172137, 0.004370803124028361], [0.0611110533295926, -0.12268215496172137, -0.004370803124028379], [-0.06111105332959265, -0.12268215496172137, -0.004370803124028361], [-0.06111105332959264, -0.12268215496172137, 0.004370803124028349]], [[-0.09908557843973685, -0.061341077480860685, -0.06356539640153994], [-0.0611110533295926, 8.769557618812686e-18, -0.12275998967905152], [-0.09908557843973685, 0.061341077480860706, -0.06356539640153994], [-0.1370601035498811, 0.0, -0.004370803124028379]], [[0.09908557843973684, -0.06134107748086068, 0.06356539640153995], [0.13706010354988107, 1.3877787807814457e-17, 0.004370803124028348], [0.13706010354988107, 1.3877787807814457e-17, -0.004370803124028361], [0.09908557843973685, -0.061341077480860665, -0.06356539640153994], [0.0611110533295926, -0.12268215496172137, -0.004370803124028379], [0.0611110533295926, -0.12268215496172137, 0.004370803124028361]], [[-0.09908557843973687, 0.0613410774808607, 0.06356539640153992], [-0.1370601035498811, 0.0, 0.004370803124028361], [-0.1370601035498811, 0.0, -0.004370803124028379], [-0.09908557843973685, 0.061341077480860706, -0.06356539640153994], [-0.061111053329592595, 0.12268215496172137, -0.0043708031240283435], [-0.061111053329592595, 0.12268215496172137, 0.004370803124028326]], [[-0.1370601035498811, 0.0, 0.004370803124028361], [-0.09908557843973687, 0.0613410774808607, 0.06356539640153992], [-0.06111105332959262, 8.769557618812686e-18, 0.1227599896790515], [-0.09908557843973687, -0.061341077480860685, 0.06356539640153994]], [[0.09908557843973685, 0.061341077480860685, 0.06356539640153994], [0.0611110533295926, -8.769557618812686e-18, 0.12275998967905152], [0.09908557843973684, -0.06134107748086068, 0.06356539640153995], [0.13706010354988107, 1.3877787807814457e-17, 0.004370803124028348]], [[-0.0611110533295926, 8.769557618812686e-18, -0.12275998967905152], [0.06111105332959264, -6.912873604842815e-18, -0.12275998967905152], [0.09908557843973687, 0.06134107748086069, -0.06356539640153991], [0.061111053329592664, 0.12268215496172134, -0.004370803124028344], [-0.061111053329592595, 0.12268215496172137, -0.0043708031240283435], [-0.09908557843973685, 0.061341077480860706, -0.06356539640153994]]]}, "b1": [-0.0, 0.12268215496172137, 0.12713079280307985], "b2": [0.1981711568794737, 0.0, 0.12713079280307985], "b3": [0.19817115687947373, 0.12268215496172137, 0.0],