{"kpoints": {"R'": [-0.1643945568922758, -0.0813424723900344, -0.15926522364750548], "Z'": [-0.0, -0.0, -0.15926522364750548], "X'": [-0.1643945568922758, -0.0, -0.0], "Y'": [-0.0, -0.0813424723900344, -0.0], "S": [0.1643945568922758, 0.0813424723900344, 0.0], "R": [0.1643945568922758, 0.0813424723900344, 0.15926522364750548], "U": [0.1643945568922758, 0.0, 0.15926522364750548], "T": [0.0, 0.0813424723900344, 0.15926522364750548], "X": [0.1643945568922758, 0.0, 0.0], "Y": [0.0, 0.0813424723900344, 0.0], "T'": [-0.0, -0.0813424723900344, -0.15926522364750548], "U'": [-0.1643945568922758, -0.0, -0.15926522364750548], "Z": [0.0, 0.0, 0.15926522364750548], "S'": [-0.1643945568922758, -0.0813424723900344, -0.0], "GAMMA": [0.0, 0.0, 0.0]}, "faces_data": {"triangles_vertices": [[0.16439455689227586, -0.08134247239003439, -0.1592652236475055], [0.16439455689227583, 0.08134247239003438, -0.15926522364750545], [0.1643945568922758, 0.08134247239003439, 0.15926522364750542], [0.16439455689227578, -0.08134247239003432, 0.1592652236475055], [-0.16439455689227583, 0.08134247239003439, 0.15926522364750548], [-0.16439455689227578, -0.08134247239003439, 0.15926522364750548], [-0.16439455689227578, 0.08134247239003439, -0.15926522364750548], [-0.16439455689227578, -0.08134247239003439, -0.1592652236475055]], "triangles": [[5, 3, 2], [5, 2, 4], [2, 3, 1], [1, 3, 0], [4, 2, 1], [1, 6, 4], [3, 5, 7], [0, 3, 7], [7, 1, 0], [6, 1, 7], [7, 5, 4], [4, 6, 7]], "faces": [[[0.1643945568922758, 0.08134247239003439, 0.15926522364750542], [-0.16439455689227583, 0.08134247239003439, 0.15926522364750548], [-0.16439455689227578, -0.08134247239003439, 0.15926522364750548], [0.16439455689227578, -0.08134247239003432, 0.1592652236475055]], [[0.16439455689227586, -0.08134247239003439, -0.1592652236475055], [0.16439455689227578, -0.08134247239003432, 0.1592652236475055], [0.1643945568922758, 0.08134247239003439, 0.15926522364750542], [0.16439455689227583, 0.08134247239003438, -0.15926522364750545]], [[0.16439455689227583, 0.08134247239003438, -0.15926522364750545], [-0.16439455689227578, 0.08134247239003439, -0.15926522364750548], [-0.16439455689227583, 0.08134247239003439, 0.15926522364750548], [0.1643945568922758, 0.08134247239003439, 0.15926522364750542]], [[0.16439455689227586, -0.08134247239003439, -0.1592652236475055], [-0.16439455689227578, -0.08134247239003439, -0.1592652236475055], [-0.16439455689227578, -0.08134247239003439, 0.15926522364750548], [0.16439455689227578, -0.08134247239003432, 0.1592652236475055]], [[0.16439455689227586, -0.08134247239003439, -0.1592652236475055], [-0.16439455689227578, -0.08134247239003439, -0.1592652236475055], [-0.16439455689227578, 0.08134247239003439, -0.15926522364750548], [0.16439455689227583, 0.08134247239003438, -0.15926522364750545]], [[-0.16439455689227578, -0.08134247239003439, 0.15926522364750548], [-0.16439455689227583, 0.08134247239003439, 0.15926522364750548], [-0.16439455689227578, 0.08134247239003439, -0.15926522364750548], [-0.16439455689227578, -0.08134247239003439, -0.1592652236475055]]]}, "b1": [0.3287891137845516, 0.0, 0.0], "b2": [0.0, 0.1626849447800688, 0.0], "b3": [0.0, 0.0, 0.31853044729501095], "path": [["GAMMA", "X"], ["X", "S"], ["S", "Y"], ["Y", "GAMMA"], ["GAMMA", "Z"], ["Z", "U"], ["U", "R"], ["R", "T"], ["T", "Z"], ["X", "U"], ["Y", "T"], ["S", "R"], ["GAMMA", "X'"], ["X'", "S'"], ["S'", "Y'"], ["Y'", "GAMMA"], ["GAMMA", "Z'"], ["Z'", "U'"], ["U'", "R'"], ["R'", "T'"], ["T'", "Z'"], ["X'", "U'"], ["Y'", "T'"], ["S'", "R'"]]}