{"kpoints": {"S": [0.22066652643699766, 0.08389493873074913, 0.0], "R": [0.22066652643699766, 0.08389493873074913, 0.07617045607888277], "U": [0.22066652643699766, 0.0, 0.07617045607888277], "T": [0.0, 0.08389493873074913, 0.07617045607888277], "Y": [0.0, 0.08389493873074913, 0.0], "X": [0.22066652643699766, 0.0, 0.0], "Z": [0.0, 0.0, 0.07617045607888277], "GAMMA": [0.0, 0.0, 0.0]}, "faces_data": {"triangles_vertices": [[-0.22066652643699766, -0.08389493873074916, 0.07617045607888277], [-0.22066652643699766, 0.0838949387307491, 0.07617045607888277], [-0.22066652643699766, 0.08389493873074906, -0.07617045607888277], [0.22066652643699766, 0.08389493873074906, -0.07617045607888277], [-0.22066652643699766, -0.08389493873074912, -0.07617045607888277], [0.22066652643699766, -0.08389493873074914, -0.07617045607888277], [0.22066652643699766, -0.08389493873074916, 0.07617045607888279], [0.22066652643699766, 0.08389493873074906, 0.07617045607888277]], "triangles": [[3, 2, 7], [7, 2, 1], [0, 6, 7], [7, 1, 0], [5, 7, 6], [3, 7, 5], [0, 1, 4], [1, 2, 4], [4, 6, 0], [4, 5, 6], [4, 2, 3], [3, 5, 4]], "faces": [[[-0.22066652643699766, 0.08389493873074906, -0.07617045607888277], [-0.22066652643699766, 0.0838949387307491, 0.07617045607888277], [0.22066652643699766, 0.08389493873074906, 0.07617045607888277], [0.22066652643699766, 0.08389493873074906, -0.07617045607888277]], [[-0.22066652643699766, 0.0838949387307491, 0.07617045607888277], [-0.22066652643699766, -0.08389493873074916, 0.07617045607888277], [0.22066652643699766, -0.08389493873074916, 0.07617045607888279], [0.22066652643699766, 0.08389493873074906, 0.07617045607888277]], [[0.22066652643699766, -0.08389493873074914, -0.07617045607888277], [0.22066652643699766, 0.08389493873074906, -0.07617045607888277], [0.22066652643699766, 0.08389493873074906, 0.07617045607888277], [0.22066652643699766, -0.08389493873074916, 0.07617045607888279]], [[-0.22066652643699766, 0.0838949387307491, 0.07617045607888277], [-0.22066652643699766, -0.08389493873074916, 0.07617045607888277], [-0.22066652643699766, -0.08389493873074912, -0.07617045607888277], [-0.22066652643699766, 0.08389493873074906, -0.07617045607888277]], [[0.22066652643699766, -0.08389493873074916, 0.07617045607888279], [0.22066652643699766, -0.08389493873074914, -0.07617045607888277], [-0.22066652643699766, -0.08389493873074912, -0.07617045607888277], [-0.22066652643699766, -0.08389493873074916, 0.07617045607888277]], [[0.22066652643699766, 0.08389493873074906, -0.07617045607888277], [-0.22066652643699766, 0.08389493873074906, -0.07617045607888277], [-0.22066652643699766, -0.08389493873074912, -0.07617045607888277], [0.22066652643699766, -0.08389493873074914, -0.07617045607888277]]]}, "b1": [0.4413330528739953, 0.0, 0.0], "b2": [0.0, 0.16778987746149826, 0.0], "b3": [0.0, 0.0, 0.15234091215776555], "path": [["GAMMA", "X"], ["X", "S"], ["S", "Y"], ["Y", "GAMMA"], ["GAMMA", "Z"], ["Z", "U"], ["U", "R"], ["R", "T"], ["T", "Z"], ["X", "U"], ["Y", "T"], ["S", "R"]]}