{"kpoints": {"Z_0": [0.15148798656493995, 0.0, 0.07849068397360695], "M": [0.15148798656493995, 0.0, 0.0], "N": [0.07574399328246997, 0.0, 0.12455272376608455], "P": [0.07574399328246997, 0.07574399328246997, 0.12455272376608455], "X": [0.07574399328246997, 0.07574399328246997, 0.0], "Z": [0.0, 0.0, 0.17061476355856214], "GAMMA": [0.0, 0.0, 0.0]}, "faces_data": {"triangles_vertices": [[0.07574399328246997, 0.07574399328246997, -0.12455272376608456], [-0.07574399328246997, 0.07574399328246997, -0.12455272376608456], [0.07574399328246997, -0.07574399328246997, -0.12455272376608456], [-0.07574399328246997, -0.07574399328246997, -0.12455272376608456], [0.07574399328246997, -0.07574399328246997, 0.12455272376608456], [-0.07574399328246997, -0.07574399328246997, 0.12455272376608456], [0.0, 0.15148798656493995, -0.07849068397360695], [0.15148798656493995, 0.0, -0.07849068397360695], [0.0, -0.15148798656493995, -0.07849068397360695], [-0.15148798656493995, 0.0, -0.07849068397360695], [-0.15148798656493995, 0.0, 0.07849068397360695], [0.0, -0.15148798656493995, 0.07849068397360695], [0.15148798656493995, 0.0, 0.07849068397360695], [0.0, 0.0, -0.17061476355856214], [-0.07574399328246997, 0.07574399328246997, 0.12455272376608453], [0.07574399328246997, 0.07574399328246997, 0.12455272376608453], [0.0, 0.0, 0.17061476355856214], [0.0, 0.15148798656493995, 0.07849068397360695]], "triangles": [[17, 14, 16], [16, 15, 17], [16, 14, 10], [10, 5, 16], [12, 15, 16], [16, 4, 12], [16, 5, 11], [11, 4, 16], [6, 17, 0], [15, 12, 0], [0, 17, 15], [0, 12, 7], [14, 17, 1], [1, 10, 14], [1, 17, 6], [9, 10, 1], [6, 0, 1], [1, 0, 13], [3, 10, 9], [3, 11, 5], [5, 10, 3], [8, 11, 3], [9, 1, 3], [3, 1, 13], [7, 12, 2], [4, 11, 2], [2, 12, 4], [2, 11, 8], [2, 0, 7], [13, 0, 2], [8, 3, 2], [2, 3, 13]], "faces": [[[-0.07574399328246997, 0.07574399328246997, 0.12455272376608453], [0.0, 0.0, 0.17061476355856214], [0.07574399328246997, 0.07574399328246997, 0.12455272376608453], [0.0, 0.15148798656493995, 0.07849068397360695]], [[0.0, 0.0, 0.17061476355856214], [-0.07574399328246997, 0.07574399328246997, 0.12455272376608453], [-0.15148798656493995, 0.0, 0.07849068397360695], [-0.07574399328246997, -0.07574399328246997, 0.12455272376608456]], [[0.0, 0.0, 0.17061476355856214], [0.07574399328246997, 0.07574399328246997, 0.12455272376608453], [0.15148798656493995, 0.0, 0.07849068397360695], [0.07574399328246997, -0.07574399328246997, 0.12455272376608456]], [[0.0, 0.0, 0.17061476355856214], [0.07574399328246997, -0.07574399328246997, 0.12455272376608456], [0.0, -0.15148798656493995, 0.07849068397360695], [-0.07574399328246997, -0.07574399328246997, 0.12455272376608456]], [[0.15148798656493995, 0.0, -0.07849068397360695], [0.15148798656493995, 0.0, 0.07849068397360695], [0.07574399328246997, 0.07574399328246997, 0.12455272376608453], [0.0, 0.15148798656493995, 0.07849068397360695], [0.0, 0.15148798656493995, -0.07849068397360695], [0.07574399328246997, 0.07574399328246997, -0.12455272376608456]], [[-0.15148798656493995, 0.0, -0.07849068397360695], [-0.15148798656493995, 0.0, 0.07849068397360695], [-0.07574399328246997, 0.07574399328246997, 0.12455272376608453], [0.0, 0.15148798656493995, 0.07849068397360695], [0.0, 0.15148798656493995, -0.07849068397360695], [-0.07574399328246997, 0.07574399328246997, -0.12455272376608456]], [[0.0, 0.0, -0.17061476355856214], [0.07574399328246997, 0.07574399328246997, -0.12455272376608456], [0.0, 0.15148798656493995, -0.07849068397360695], [-0.07574399328246997, 0.07574399328246997, -0.12455272376608456]], [[-0.15148798656493995, 0.0, -0.07849068397360695], [-0.07574399328246997, -0.07574399328246997, -0.12455272376608456], [0.0, -0.15148798656493995, -0.07849068397360695], [0.0, -0.15148798656493995, 0.07849068397360695], [-0.07574399328246997, -0.07574399328246997, 0.12455272376608456], [-0.15148798656493995, 0.0, 0.07849068397360695]], [[0.0, 0.0, -0.17061476355856214], [-0.07574399328246997, 0.07574399328246997, -0.12455272376608456], [-0.15148798656493995, 0.0, -0.07849068397360695], [-0.07574399328246997, -0.07574399328246997, -0.12455272376608456]], [[0.0, -0.15148798656493995, -0.07849068397360695], [0.07574399328246997, -0.07574399328246997, -0.12455272376608456], [0.15148798656493995, 0.0, -0.07849068397360695], [0.15148798656493995, 0.0, 0.07849068397360695], [0.07574399328246997, -0.07574399328246997, 0.12455272376608456], [0.0, -0.15148798656493995, 0.07849068397360695]], [[0.0, 0.0, -0.17061476355856214], [0.07574399328246997, 0.07574399328246997, -0.12455272376608456], [0.15148798656493995, 0.0, -0.07849068397360695], [0.07574399328246997, -0.07574399328246997, -0.12455272376608456]], [[0.0, 0.0, -0.17061476355856214], [0.07574399328246997, -0.07574399328246997, -0.12455272376608456], [0.0, -0.15148798656493995, -0.07849068397360695], [-0.07574399328246997, -0.07574399328246997, -0.12455272376608456]]]}, "b1": [-0.0, 0.15148798656493995, 0.2491054475321691], "b2": [0.15148798656493995, 0.0, 0.2491054475321691], "b3": [0.15148798656493995, 0.15148798656493995, 0.0], "path": [["GAMMA", "X"], ["X", "M"], ["M", "GAMMA"], ["GAMMA", "Z"], ["Z_0", "M"], ["X", "P"], ["P", "N"], ["N", "GAMMA"]]}