{"kpoints": {"Z_0": [0.18249894902048763, 0.0, 0.010092273937781171], "M'": [-0.18249894902048763, 0.0, 0.0], "Z": [0.0, 0.0, 0.1827777896431012], "Z_0'": [-0.18249894902048763, 0.0, -0.010092273937781171], "Z'": [0.0, 0.0, -0.1827777896431012], "M": [0.18249894902048763, 0.0, 0.0], "X'": [-0.09124947451024382, -0.09124947451024382, -0.0], "N'": [-0.09124947451024382, -0.0, -0.09643503179044119], "P": [0.09124947451024382, 0.09124947451024382, 0.09643503179044119], "P'": [-0.09124947451024382, -0.09124947451024382, -0.09643503179044119], "X": [0.09124947451024382, 0.09124947451024382, 0.0], "N": [0.09124947451024382, 0.0, 0.09643503179044119], "GAMMA": [0.0, 0.0, 0.0]}, "faces_data": {"triangles_vertices": [[-0.09124947451024382, -0.0912494745102438, -0.09643503179044122], [0.0912494745102438, -0.09124947451024382, -0.09643503179044122], [0.0, -0.18249894902048763, -0.010092273937781204], [0.0, 0.0, -0.18277778964310118], [0.09124947451024383, 0.09124947451024382, -0.09643503179044122], [0.18249894902048763, 0.0, -0.010092273937781204], [0.18249894902048763, 0.0, 0.010092273937781204], [0.0912494745102438, 0.09124947451024382, 0.09643503179044116], [-0.09124947451024382, -0.09124947451024382, 0.09643503179044115], [0.09124947451024382, -0.09124947451024382, 0.09643503179044115], [0.0, 0.0, 0.18277778964310118], [0.0, -0.18249894902048763, 0.010092273937781204], [-0.09124947451024383, 0.09124947451024382, 0.09643503179044122], [-0.09124947451024383, 0.09124947451024382, -0.09643503179044122], [-0.18249894902048763, 0.0, 0.010092273937781204], [0.0, 0.18249894902048763, 0.010092273937781204], [-0.18249894902048763, 0.0, -0.010092273937781204], [0.0, 0.18249894902048763, -0.010092273937781204]], "triangles": [[7, 12, 10], [15, 12, 7], [10, 12, 8], [8, 12, 14], [6, 7, 10], [10, 9, 6], [10, 8, 11], [11, 9, 10], [5, 6, 1], [9, 11, 1], [1, 6, 9], [1, 11, 2], [1, 4, 5], [3, 4, 1], [2, 0, 1], [1, 0, 3], [15, 7, 17], [7, 6, 17], [17, 6, 5], [5, 4, 17], [17, 4, 3], [3, 13, 17], [14, 12, 16], [16, 12, 15], [16, 17, 13], [15, 17, 16], [16, 8, 14], [2, 11, 16], [16, 11, 8], [16, 0, 2], [3, 0, 16], [16, 13, 3]], "faces": [[[0.0, 0.18249894902048763, 0.010092273937781204], [-0.09124947451024383, 0.09124947451024382, 0.09643503179044122], [0.0, 0.0, 0.18277778964310118], [0.0912494745102438, 0.09124947451024382, 0.09643503179044116]], [[-0.09124947451024382, -0.09124947451024382, 0.09643503179044115], [-0.18249894902048763, 0.0, 0.010092273937781204], [-0.09124947451024383, 0.09124947451024382, 0.09643503179044122], [0.0, 0.0, 0.18277778964310118]], [[0.0912494745102438, 0.09124947451024382, 0.09643503179044116], [0.18249894902048763, 0.0, 0.010092273937781204], [0.09124947451024382, -0.09124947451024382, 0.09643503179044115], [0.0, 0.0, 0.18277778964310118]], [[-0.09124947451024382, -0.09124947451024382, 0.09643503179044115], [0.0, 0.0, 0.18277778964310118], [0.09124947451024382, -0.09124947451024382, 0.09643503179044115], [0.0, -0.18249894902048763, 0.010092273937781204]], [[0.0912494745102438, -0.09124947451024382, -0.09643503179044122], [0.18249894902048763, 0.0, -0.010092273937781204], [0.18249894902048763, 0.0, 0.010092273937781204], [0.09124947451024382, -0.09124947451024382, 0.09643503179044115], [0.0, -0.18249894902048763, 0.010092273937781204], [0.0, -0.18249894902048763, -0.010092273937781204]], [[0.18249894902048763, 0.0, -0.010092273937781204], [0.09124947451024383, 0.09124947451024382, -0.09643503179044122], [0.0, 0.0, -0.18277778964310118], [0.0912494745102438, -0.09124947451024382, -0.09643503179044122]], [[-0.09124947451024382, -0.0912494745102438, -0.09643503179044122], [0.0, -0.18249894902048763, -0.010092273937781204], [0.0912494745102438, -0.09124947451024382, -0.09643503179044122], [0.0, 0.0, -0.18277778964310118]], [[0.09124947451024383, 0.09124947451024382, -0.09643503179044122], [0.0, 0.18249894902048763, -0.010092273937781204], [0.0, 0.18249894902048763, 0.010092273937781204], [0.0912494745102438, 0.09124947451024382, 0.09643503179044116], [0.18249894902048763, 0.0, 0.010092273937781204], [0.18249894902048763, 0.0, -0.010092273937781204]], [[0.09124947451024383, 0.09124947451024382, -0.09643503179044122], [0.0, 0.0, -0.18277778964310118], [-0.09124947451024383, 0.09124947451024382, -0.09643503179044122], [0.0, 0.18249894902048763, -0.010092273937781204]], [[0.0, 0.18249894902048763, 0.010092273937781204], [-0.09124947451024383, 0.09124947451024382, 0.09643503179044122], [-0.18249894902048763, 0.0, 0.010092273937781204], [-0.18249894902048763, 0.0, -0.010092273937781204], [-0.09124947451024383, 0.09124947451024382, -0.09643503179044122], [0.0, 0.18249894902048763, -0.010092273937781204]], [[-0.09124947451024382, -0.0912494745102438, -0.09643503179044122], [-0.18249894902048763, 0.0, -0.010092273937781204], [-0.18249894902048763, 0.0, 0.010092273937781204], [-0.09124947451024382, -0.09124947451024382, 0.09643503179044115], [0.0, -0.18249894902048763, 0.010092273937781204], [0.0, -0.18249894902048763, -0.010092273937781204]], [[-0.18249894902048763, 0.0, -0.010092273937781204], [-0.09124947451024383, 0.09124947451024382, -0.09643503179044122], [0.0, 0.0, -0.18277778964310118], [-0.09124947451024382, -0.0912494745102438, -0.09643503179044122]]]}, "b1": [-0.0, 0.18249894902048763, 0.19287006358088238], "b2": [0.18249894902048763, 0.0, 0.19287006358088238], "b3": [0.18249894902048763, 0.18249894902048763, 0.0], "path": [["GAMMA", "X"], ["X", "M"], ["M", "GAMMA"], ["GAMMA", "Z"], ["Z_0", "M"], ["X", "P"], ["P", "N"], ["N", "GAMMA"], ["GAMMA", "X'"], ["X'", "M'"], ["M'", "GAMMA"], ["GAMMA", "Z'"], ["Z_0'", "M'"], ["X'", "P'"], ["P'", "N'"], ["N'", "GAMMA"]]}