{"kpoints": {"S_0": [0.25446911732241057, 0.0, 0.0], "G": [0.06973014061286625, 0.06973014061286625, 0.24472890953247975], "M": [0.0, 0.0, 0.24472890953247975], "N": [0.1620996289676384, 0.0, 0.12236445476623987], "P": [0.1620996289676384, 0.1620996289676384, 0.12236445476623987], "S": [0.06973014061286625, 0.0, 0.24472890953247975], "R": [0.25446911732241057, 0.06973014061286625, 0.0], "X": [0.1620996289676384, 0.1620996289676384, 0.0], "GAMMA": [0.0, 0.0, 0.0]}, "faces_data": {"triangles_vertices": [[0.06973014061286628, 0.06973014061286627, -0.24472890953247975], [-0.06973014061286625, 0.25446911732241057, -3.372026291940217e-17], [0.06973014061286624, 0.06973014061286624, 0.24472890953247975], [-0.06973014061286625, 0.06973014061286625, 0.24472890953247972], [-0.16209962896763838, 0.1620996289676384, 0.12236445476623987], [-0.06973014061286625, 0.06973014061286625, -0.24472890953247972], [-0.16209962896763838, 0.1620996289676384, -0.12236445476623987], [-0.25446911732241057, 0.06973014061286624, 0.0], [0.06973014061286625, -0.06973014061286625, -0.24472890953247972], [-0.06973014061286624, -0.06973014061286625, -0.24472890953247975], [0.25446911732241057, -0.06973014061286625, 0.0], [0.16209962896763838, -0.1620996289676384, -0.12236445476623987], [0.1620996289676384, 0.1620996289676384, 0.12236445476623985], [0.25446911732241057, 0.06973014061286625, 0.0], [0.06973014061286625, 0.25446911732241057, 0.0], [0.1620996289676384, 0.1620996289676384, -0.12236445476623985], [-0.25446911732241057, -0.06973014061286625, -3.372026291940217e-17], [-0.16209962896763838, -0.1620996289676384, -0.12236445476623987], [-0.06973014061286624, -0.06973014061286625, 0.24472890953247975], [-0.16209962896763844, -0.1620996289676384, 0.12236445476623987], [0.06973014061286625, -0.06973014061286625, 0.24472890953247972], [0.16209962896763844, -0.1620996289676384, 0.12236445476623987], [0.06973014061286627, -0.2544691173224105, 0.0], [-0.06973014061286627, -0.2544691173224105, 0.0]], "triangles": [[6, 4, 1], [7, 4, 6], [10, 21, 11], [21, 22, 11], [2, 12, 14], [1, 4, 14], [4, 3, 14], [14, 3, 2], [12, 13, 14], [14, 13, 15], [5, 6, 1], [5, 14, 15], [5, 15, 0], [1, 14, 5], [18, 4, 7], [18, 16, 19], [7, 16, 18], [18, 3, 4], [23, 19, 17], [19, 16, 17], [20, 12, 2], [20, 13, 12], [20, 21, 10], [10, 13, 20], [20, 22, 21], [20, 19, 23], [23, 22, 20], [20, 18, 19], [2, 3, 20], [3, 18, 20], [7, 6, 9], [9, 16, 7], [6, 5, 9], [9, 17, 16], [0, 15, 8], [15, 13, 8], [10, 11, 8], [8, 13, 10], [8, 22, 23], [8, 11, 22], [23, 17, 8], [17, 9, 8], [8, 5, 0], [8, 9, 5]], "faces": [[[-0.16209962896763838, 0.1620996289676384, 0.12236445476623987], [-0.06973014061286625, 0.25446911732241057, -3.372026291940217e-17], [-0.16209962896763838, 0.1620996289676384, -0.12236445476623987], [-0.25446911732241057, 0.06973014061286624, 0.0]], [[0.25446911732241057, -0.06973014061286625, 0.0], [0.16209962896763844, -0.1620996289676384, 0.12236445476623987], [0.06973014061286627, -0.2544691173224105, 0.0], [0.16209962896763838, -0.1620996289676384, -0.12236445476623987]], [[0.06973014061286624, 0.06973014061286624, 0.24472890953247975], [0.1620996289676384, 0.1620996289676384, 0.12236445476623985], [0.06973014061286625, 0.25446911732241057, 0.0], [-0.06973014061286625, 0.25446911732241057, -3.372026291940217e-17], [-0.16209962896763838, 0.1620996289676384, 0.12236445476623987], [-0.06973014061286625, 0.06973014061286625, 0.24472890953247972]], [[0.16209962896763838, -0.1620996289676384, -0.12236445476623987], [0.06973014061286627, -0.2544691173224105, 0.0], [-0.06973014061286627, -0.2544691173224105, 0.0], [-0.16209962896763838, -0.1620996289676384, -0.12236445476623987], [-0.06973014061286624, -0.06973014061286625, -0.24472890953247975], [0.06973014061286625, -0.06973014061286625, -0.24472890953247972]], [[0.1620996289676384, 0.1620996289676384, 0.12236445476623985], [0.06973014061286625, 0.25446911732241057, 0.0], [0.1620996289676384, 0.1620996289676384, -0.12236445476623985], [0.25446911732241057, 0.06973014061286625, 0.0]], [[0.1620996289676384, 0.1620996289676384, -0.12236445476623985], [0.06973014061286628, 0.06973014061286627, -0.24472890953247975], [-0.06973014061286625, 0.06973014061286625, -0.24472890953247972], [-0.16209962896763838, 0.1620996289676384, -0.12236445476623987], [-0.06973014061286625, 0.25446911732241057, -3.372026291940217e-17], [0.06973014061286625, 0.25446911732241057, 0.0]], [[0.25446911732241057, -0.06973014061286625, 0.0], [0.16209962896763838, -0.1620996289676384, -0.12236445476623987], [0.06973014061286625, -0.06973014061286625, -0.24472890953247972], [0.06973014061286628, 0.06973014061286627, -0.24472890953247975], [0.1620996289676384, 0.1620996289676384, -0.12236445476623985], [0.25446911732241057, 0.06973014061286625, 0.0]], [[-0.25446911732241057, 0.06973014061286624, 0.0], [-0.16209962896763838, 0.1620996289676384, 0.12236445476623987], [-0.06973014061286625, 0.06973014061286625, 0.24472890953247972], [-0.06973014061286624, -0.06973014061286625, 0.24472890953247975], [-0.16209962896763844, -0.1620996289676384, 0.12236445476623987], [-0.25446911732241057, -0.06973014061286625, -3.372026291940217e-17]], [[-0.25446911732241057, -0.06973014061286625, -3.372026291940217e-17], [-0.16209962896763844, -0.1620996289676384, 0.12236445476623987], [-0.06973014061286627, -0.2544691173224105, 0.0], [-0.16209962896763838, -0.1620996289676384, -0.12236445476623987]], [[0.25446911732241057, -0.06973014061286625, 0.0], [0.16209962896763844, -0.1620996289676384, 0.12236445476623987], [0.06973014061286625, -0.06973014061286625, 0.24472890953247972], [0.06973014061286624, 0.06973014061286624, 0.24472890953247975], [0.1620996289676384, 0.1620996289676384, 0.12236445476623985], [0.25446911732241057, 0.06973014061286625, 0.0]], [[0.06973014061286625, -0.06973014061286625, 0.24472890953247972], [0.16209962896763844, -0.1620996289676384, 0.12236445476623987], [0.06973014061286627, -0.2544691173224105, 0.0], [-0.06973014061286627, -0.2544691173224105, 0.0], [-0.16209962896763844, -0.1620996289676384, 0.12236445476623987], [-0.06973014061286624, -0.06973014061286625, 0.24472890953247975]], [[0.06973014061286624, 0.06973014061286624, 0.24472890953247975], [0.06973014061286625, -0.06973014061286625, 0.24472890953247972], [-0.06973014061286624, -0.06973014061286625, 0.24472890953247975], [-0.06973014061286625, 0.06973014061286625, 0.24472890953247972]], [[-0.06973014061286625, 0.06973014061286625, -0.24472890953247972], [0.06973014061286628, 0.06973014061286627, -0.24472890953247975], [0.06973014061286625, -0.06973014061286625, -0.24472890953247972], [-0.06973014061286624, -0.06973014061286625, -0.24472890953247975]], [[-0.25446911732241057, 0.06973014061286624, 0.0], [-0.16209962896763838, 0.1620996289676384, -0.12236445476623987], [-0.06973014061286625, 0.06973014061286625, -0.24472890953247972], [-0.06973014061286624, -0.06973014061286625, -0.24472890953247975], [-0.16209962896763838, -0.1620996289676384, -0.12236445476623987], [-0.25446911732241057, -0.06973014061286625, -3.372026291940217e-17]]]}, "b1": [-0.0, 0.3241992579352768, 0.24472890953247975], "b2": [0.3241992579352768, 0.0, 0.24472890953247975], "b3": [0.3241992579352768, 0.3241992579352768, 0.0], "path": [["GAMMA", "X"], ["X", "P"], ["P", "N"], ["N", "GAMMA"], ["GAMMA", "M"], ["M", "S"], ["S_0", "GAMMA"], ["X", "R"], ["G", "M"]]}