{"kpoints": {"S_0": [0.1943216482364893, 0.0, 0.0], "M'": [0.0, 0.0, -0.1741723284002688], "S_0'": [-0.1943216482364893, 0.0, 0.0], "G": [0.08616787680438005, 0.08616787680438005, 0.1741723284002688], "M": [0.0, 0.0, 0.1741723284002688], "X'": [-0.1402447625204347, -0.1402447625204347, -0.0], "N": [0.1402447625204347, 0.0, 0.0870861642001344], "G'": [-0.08616787680438005, -0.08616787680438005, -0.1741723284002688], "P": [0.1402447625204347, 0.1402447625204347, 0.0870861642001344], "S": [0.08616787680438005, 0.0, 0.1741723284002688], "R": [0.19432164823648934, 0.08616787680438005, 0.0], "P'": [-0.1402447625204347, -0.1402447625204347, -0.0870861642001344], "R'": [-0.19432164823648934, -0.08616787680438005, 0.0], "X": [0.1402447625204347, 0.1402447625204347, 0.0], "N'": [-0.1402447625204347, -0.0, -0.0870861642001344], "S'": [-0.08616787680438005, 0.0, -0.1741723284002688], "GAMMA": [0.0, 0.0, 0.0]}, "faces_data": {"triangles_vertices": [[-0.1402447625204347, 0.1402447625204347, -0.0870861642001344], [0.1402447625204347, 0.14024476252043466, -0.0870861642001344], [-0.08616787680438003, -0.08616787680438005, -0.1741723284002688], [0.08616787680438003, 0.08616787680438003, -0.1741723284002688], [-0.08616787680438005, 0.08616787680438003, -0.1741723284002688], [0.08616787680438003, -0.08616787680438005, -0.1741723284002688], [0.14024476252043466, -0.1402447625204347, -0.0870861642001344], [0.08616787680438004, -0.1943216482364893, 0.0], [-0.14024476252043466, -0.1402447625204347, -0.0870861642001344], [-0.08616787680438004, -0.1943216482364893, 0.0], [0.08616787680438003, 0.19432164823648934, 0.0], [-0.08616787680438003, 0.19432164823648934, 0.0], [0.19432164823648934, 0.08616787680438003, 0.0], [0.19432164823648934, -0.08616787680438003, 0.0], [0.1402447625204347, 0.1402447625204347, 0.0870861642001344], [0.1402447625204347, -0.14024476252043466, 0.0870861642001344], [-0.1402447625204347, 0.1402447625204347, 0.0870861642001344], [-0.1402447625204347, -0.14024476252043466, 0.0870861642001344], [-0.19432164823648934, -0.08616787680438003, 0.0], [-0.19432164823648934, 0.08616787680438003, 0.0], [0.08616787680438005, -0.08616787680438003, 0.1741723284002688], [0.08616787680438005, 0.08616787680438003, 0.1741723284002688], [-0.08616787680438005, -0.08616787680438003, 0.1741723284002688], [-0.08616787680438005, 0.08616787680438003, 0.1741723284002688]], "triangles": [[7, 15, 22], [17, 9, 22], [22, 9, 7], [22, 15, 20], [8, 9, 17], [8, 17, 18], [7, 9, 6], [2, 5, 6], [9, 8, 6], [6, 8, 2], [13, 15, 6], [6, 15, 7], [14, 21, 20], [14, 13, 12], [14, 15, 13], [20, 15, 14], [3, 5, 2], [2, 4, 3], [17, 22, 23], [16, 19, 23], [18, 17, 23], [23, 19, 18], [21, 14, 23], [10, 11, 23], [23, 14, 10], [23, 11, 16], [20, 21, 23], [23, 22, 20], [18, 19, 0], [0, 8, 18], [0, 4, 2], [2, 8, 0], [0, 19, 16], [16, 11, 0], [12, 13, 1], [1, 6, 5], [13, 6, 1], [5, 3, 1], [1, 11, 10], [1, 3, 4], [1, 0, 11], [4, 0, 1], [10, 14, 1], [1, 14, 12]], "faces": [[[0.08616787680438004, -0.1943216482364893, 0.0], [0.1402447625204347, -0.14024476252043466, 0.0870861642001344], [0.08616787680438005, -0.08616787680438003, 0.1741723284002688], [-0.08616787680438005, -0.08616787680438003, 0.1741723284002688], [-0.1402447625204347, -0.14024476252043466, 0.0870861642001344], [-0.08616787680438004, -0.1943216482364893, 0.0]], [[-0.08616787680438003, 0.19432164823648934, 0.0], [-0.1402447625204347, 0.1402447625204347, -0.0870861642001344], [-0.19432164823648934, 0.08616787680438003, 0.0], [-0.1402447625204347, 0.1402447625204347, 0.0870861642001344]], [[0.08616787680438003, -0.08616787680438005, -0.1741723284002688], [0.08616787680438003, 0.08616787680438003, -0.1741723284002688], [0.1402447625204347, 0.14024476252043466, -0.0870861642001344], [0.19432164823648934, 0.08616787680438003, 0.0], [0.19432164823648934, -0.08616787680438003, 0.0], [0.14024476252043466, -0.1402447625204347, -0.0870861642001344]], [[-0.14024476252043466, -0.1402447625204347, -0.0870861642001344], [-0.19432164823648934, -0.08616787680438003, 0.0], [-0.1402447625204347, -0.14024476252043466, 0.0870861642001344], [-0.08616787680438004, -0.1943216482364893, 0.0]], [[0.1402447625204347, 0.14024476252043466, -0.0870861642001344], [0.08616787680438003, 0.19432164823648934, 0.0], [-0.08616787680438003, 0.19432164823648934, 0.0], [-0.1402447625204347, 0.1402447625204347, -0.0870861642001344], [-0.08616787680438005, 0.08616787680438003, -0.1741723284002688], [0.08616787680438003, 0.08616787680438003, -0.1741723284002688]], [[-0.08616787680438003, -0.08616787680438005, -0.1741723284002688], [-0.14024476252043466, -0.1402447625204347, -0.0870861642001344], [-0.08616787680438004, -0.1943216482364893, 0.0], [0.08616787680438004, -0.1943216482364893, 0.0], [0.14024476252043466, -0.1402447625204347, -0.0870861642001344], [0.08616787680438003, -0.08616787680438005, -0.1741723284002688]], [[0.14024476252043466, -0.1402447625204347, -0.0870861642001344], [0.19432164823648934, -0.08616787680438003, 0.0], [0.1402447625204347, -0.14024476252043466, 0.0870861642001344], [0.08616787680438004, -0.1943216482364893, 0.0]], [[0.19432164823648934, 0.08616787680438003, 0.0], [0.1402447625204347, 0.1402447625204347, 0.0870861642001344], [0.08616787680438005, 0.08616787680438003, 0.1741723284002688], [0.08616787680438005, -0.08616787680438003, 0.1741723284002688], [0.1402447625204347, -0.14024476252043466, 0.0870861642001344], [0.19432164823648934, -0.08616787680438003, 0.0]], [[-0.08616787680438003, -0.08616787680438005, -0.1741723284002688], [-0.08616787680438005, 0.08616787680438003, -0.1741723284002688], [0.08616787680438003, 0.08616787680438003, -0.1741723284002688], [0.08616787680438003, -0.08616787680438005, -0.1741723284002688]], [[-0.1402447625204347, -0.14024476252043466, 0.0870861642001344], [-0.08616787680438005, -0.08616787680438003, 0.1741723284002688], [-0.08616787680438005, 0.08616787680438003, 0.1741723284002688], [-0.1402447625204347, 0.1402447625204347, 0.0870861642001344], [-0.19432164823648934, 0.08616787680438003, 0.0], [-0.19432164823648934, -0.08616787680438003, 0.0]], [[0.1402447625204347, 0.1402447625204347, 0.0870861642001344], [0.08616787680438005, 0.08616787680438003, 0.1741723284002688], [-0.08616787680438005, 0.08616787680438003, 0.1741723284002688], [-0.1402447625204347, 0.1402447625204347, 0.0870861642001344], [-0.08616787680438003, 0.19432164823648934, 0.0], [0.08616787680438003, 0.19432164823648934, 0.0]], [[0.08616787680438005, 0.08616787680438003, 0.1741723284002688], [0.08616787680438005, -0.08616787680438003, 0.1741723284002688], [-0.08616787680438005, -0.08616787680438003, 0.1741723284002688], [-0.08616787680438005, 0.08616787680438003, 0.1741723284002688]], [[-0.14024476252043466, -0.1402447625204347, -0.0870861642001344], [-0.19432164823648934, -0.08616787680438003, 0.0], [-0.19432164823648934, 0.08616787680438003, 0.0], [-0.1402447625204347, 0.1402447625204347, -0.0870861642001344], [-0.08616787680438005, 0.08616787680438003, -0.1741723284002688], [-0.08616787680438003, -0.08616787680438005, -0.1741723284002688]], [[0.08616787680438003, 0.19432164823648934, 0.0], [0.1402447625204347, 0.14024476252043466, -0.0870861642001344], [0.19432164823648934, 0.08616787680438003, 0.0], [0.1402447625204347, 0.1402447625204347, 0.0870861642001344]]]}, "b1": [-0.0, 0.2804895250408694, 0.1741723284002688], "b2": [0.2804895250408694, 0.0, 0.1741723284002688], "b3": [0.2804895250408694, 0.2804895250408694, 0.0], "path": [["GAMMA", "X"], ["X", "P"], ["P", "N"], ["N", "GAMMA"], ["GAMMA", "M"], ["M", "S"], ["S_0", "GAMMA"], ["X", "R"], ["G", "M"], ["GAMMA", "X'"], ["X'", "P'"], ["P'", "N'"], ["N'", "GAMMA"], ["GAMMA", "M'"], ["M'", "S'"], ["S_0'", "GAMMA"], ["X'", "R'"], ["G'", "M'"]]}