{"kpoints": {"A": [0.11666628429989667, 0.11666628429989667, 0.07868091437801125], "M'": [-0.11666628429989667, -0.11666628429989667, -0.0], "A'": [-0.11666628429989667, -0.11666628429989667, -0.07868091437801125], "Z'": [-0.0, -0.0, -0.07868091437801125], "M": [0.11666628429989667, 0.11666628429989667, 0.0], "X'": [-0.0, -0.11666628429989667, -0.0], "R'": [-0.0, -0.11666628429989667, -0.07868091437801125], "X": [0.0, 0.11666628429989667, 0.0], "R": [0.0, 0.11666628429989667, 0.07868091437801125], "Z": [0.0, 0.0, 0.07868091437801125], "GAMMA": [0.0, 0.0, 0.0]}, "faces_data": {"triangles_vertices": [[-0.11666628429989669, -0.11666628429989667, 0.07868091437801125], [-0.11666628429989667, -0.11666628429989667, -0.07868091437801124], [0.11666628429989667, 0.11666628429989667, -0.07868091437801124], [0.11666628429989673, -0.11666628429989666, 0.07868091437801128], [0.11666628429989667, -0.11666628429989667, -0.07868091437801124], [0.11666628429989667, 0.11666628429989667, 0.07868091437801124], [-0.11666628429989667, 0.11666628429989667, -0.07868091437801127], [-0.11666628429989667, 0.11666628429989669, 0.07868091437801125]], "triangles": [[0, 3, 5], [5, 7, 0], [5, 2, 6], [5, 6, 7], [2, 5, 4], [4, 5, 3], [7, 6, 1], [0, 7, 1], [1, 3, 0], [1, 4, 3], [6, 2, 1], [2, 4, 1]], "faces": [[[0.11666628429989673, -0.11666628429989666, 0.07868091437801128], [-0.11666628429989669, -0.11666628429989667, 0.07868091437801125], [-0.11666628429989667, 0.11666628429989669, 0.07868091437801125], [0.11666628429989667, 0.11666628429989667, 0.07868091437801124]], [[-0.11666628429989667, 0.11666628429989667, -0.07868091437801127], [-0.11666628429989667, 0.11666628429989669, 0.07868091437801125], [0.11666628429989667, 0.11666628429989667, 0.07868091437801124], [0.11666628429989667, 0.11666628429989667, -0.07868091437801124]], [[0.11666628429989667, 0.11666628429989667, -0.07868091437801124], [0.11666628429989667, -0.11666628429989667, -0.07868091437801124], [0.11666628429989673, -0.11666628429989666, 0.07868091437801128], [0.11666628429989667, 0.11666628429989667, 0.07868091437801124]], [[-0.11666628429989669, -0.11666628429989667, 0.07868091437801125], [-0.11666628429989667, 0.11666628429989669, 0.07868091437801125], [-0.11666628429989667, 0.11666628429989667, -0.07868091437801127], [-0.11666628429989667, -0.11666628429989667, -0.07868091437801124]], [[-0.11666628429989669, -0.11666628429989667, 0.07868091437801125], [0.11666628429989673, -0.11666628429989666, 0.07868091437801128], [0.11666628429989667, -0.11666628429989667, -0.07868091437801124], [-0.11666628429989667, -0.11666628429989667, -0.07868091437801124]], [[-0.11666628429989667, 0.11666628429989667, -0.07868091437801127], [-0.11666628429989667, -0.11666628429989667, -0.07868091437801124], [0.11666628429989667, -0.11666628429989667, -0.07868091437801124], [0.11666628429989667, 0.11666628429989667, -0.07868091437801124]]]}, "b1": [0.23333256859979334, 0.0, 0.0], "b2": [0.0, 0.23333256859979334, 0.0], "b3": [0.0, 0.0, 0.1573618287560225], "path": [["GAMMA", "X"], ["X", "M"], ["M", "GAMMA"], ["GAMMA", "Z"], ["Z", "R"], ["R", "A"], ["A", "Z"], ["X", "R"], ["M", "A"], ["GAMMA", "X'"], ["X'", "M'"], ["M'", "GAMMA"], ["GAMMA", "Z'"], ["Z'", "R'"], ["R'", "A'"], ["A'", "Z'"], ["X'", "R'"], ["M'", "A'"]]}