{"kpoints": {"A": [0.18529544200606168, 0.18529544200606168, 0.13416944439456324], "M": [0.18529544200606168, 0.18529544200606168, 0.0], "R": [0.0, 0.18529544200606168, 0.13416944439456324], "X": [0.0, 0.18529544200606168, 0.0], "Z": [0.0, 0.0, 0.13416944439456324], "GAMMA": [0.0, 0.0, 0.0]}, "faces_data": {"triangles_vertices": [[0.18529544200606168, -0.18529544200606174, -0.13416944439456321], [0.18529544200606168, -0.18529544200606168, 0.13416944439456321], [0.18529544200606168, 0.18529544200606174, -0.13416944439456321], [-0.18529544200606168, -0.18529544200606168, -0.13416944439456327], [-0.18529544200606163, -0.18529544200606168, 0.13416944439456321], [0.18529544200606168, 0.18529544200606168, 0.1341694443945632], [-0.18529544200606163, 0.18529544200606168, 0.13416944439456321], [-0.18529544200606163, 0.18529544200606168, -0.13416944439456321]], "triangles": [[7, 2, 0], [7, 0, 3], [3, 0, 4], [0, 1, 4], [4, 7, 3], [6, 7, 4], [0, 2, 5], [5, 1, 0], [2, 7, 5], [5, 7, 6], [5, 4, 1], [6, 4, 5]], "faces": [[[0.18529544200606168, 0.18529544200606174, -0.13416944439456321], [0.18529544200606168, -0.18529544200606174, -0.13416944439456321], [-0.18529544200606168, -0.18529544200606168, -0.13416944439456327], [-0.18529544200606163, 0.18529544200606168, -0.13416944439456321]], [[0.18529544200606168, -0.18529544200606174, -0.13416944439456321], [-0.18529544200606168, -0.18529544200606168, -0.13416944439456327], [-0.18529544200606163, -0.18529544200606168, 0.13416944439456321], [0.18529544200606168, -0.18529544200606168, 0.13416944439456321]], [[-0.18529544200606163, -0.18529544200606168, 0.13416944439456321], [-0.18529544200606168, -0.18529544200606168, -0.13416944439456327], [-0.18529544200606163, 0.18529544200606168, -0.13416944439456321], [-0.18529544200606163, 0.18529544200606168, 0.13416944439456321]], [[0.18529544200606168, -0.18529544200606174, -0.13416944439456321], [0.18529544200606168, 0.18529544200606174, -0.13416944439456321], [0.18529544200606168, 0.18529544200606168, 0.1341694443945632], [0.18529544200606168, -0.18529544200606168, 0.13416944439456321]], [[0.18529544200606168, 0.18529544200606174, -0.13416944439456321], [-0.18529544200606163, 0.18529544200606168, -0.13416944439456321], [-0.18529544200606163, 0.18529544200606168, 0.13416944439456321], [0.18529544200606168, 0.18529544200606168, 0.1341694443945632]], [[-0.18529544200606163, -0.18529544200606168, 0.13416944439456321], [0.18529544200606168, -0.18529544200606168, 0.13416944439456321], [0.18529544200606168, 0.18529544200606168, 0.1341694443945632], [-0.18529544200606163, 0.18529544200606168, 0.13416944439456321]]]}, "b1": [0.37059088401212337, 0.0, 0.0], "b2": [0.0, 0.37059088401212337, 0.0], "b3": [0.0, 0.0, 0.2683388887891265], "path": [["GAMMA", "X"], ["X", "M"], ["M", "GAMMA"], ["GAMMA", "Z"], ["Z", "R"], ["R", "A"], ["A", "Z"], ["X", "R"], ["M", "A"]]}