{"explicit_segments": [[0, 23], [22, 30], [30, 54], [53, 73], [72, 88], [87, 98], [97, 108]], "explicit_kpoints_labels": ["GAMMA", "", "", "", "", "", "", "", "", "", "", "", "", "", "", "", "", "", "", "", "", "", "X", "", "", "", "", "", "", "U", "K", "", "", "", "", "", "", "", "", "", "", "", "", "", "", "", "", "", "", "", "", "", "", "GAMMA", "", "", "", "", "", "", "", "", "", "", "", "", "", "", "", "", "", "", "L", "", "", "", "", "", "", "", "", "", "", "", "", "", "", "W", "", "", "", "", "", "", "", "", "", "X", "", "", "", "", "", "", "", "", "", "W_2"], "kpoints": {"K": [0.43396183554062306, 0.43396183554062306, 0.0], "L": [0.2893078903604154, 0.2893078903604154, 0.2893078903604154], "U": [0.1446539451802077, 0.5786157807208308, 0.14465394518020763], "W": [0.2893078903604154, 0.5786157807208308, 0.0], "X": [0.0, 0.5786157807208308, 0.0], "GAMMA": [0.0, 0.0, 0.0], "W_2": [0.0, 0.5786157807208308, 0.2893078903604154]}, "faces_data": {"triangles_vertices": [[3.581949221427125e-17, 0.2893078903604154, -0.5786157807208308], [0.5786157807208308, 0.0, -0.2893078903604154], [0.2893078903604154, 0.0, -0.5786157807208308], [0.5786157807208308, -0.2893078903604154, 0.0], [0.0, -0.2893078903604155, 0.5786157807208308], [-0.2893078903604155, 0.0, 0.5786157807208308], [-0.2893078903604154, 0.5786157807208308, 0.0], [3.581949221427125e-17, 0.5786157807208308, -0.2893078903604154], [0.2893078903604154, -0.5786157807208308, 0.0], [-3.581949221427125e-17, -0.5786157807208308, 0.2893078903604154], [-0.2893078903604154, 0.0, -0.5786157807208308], [-0.2893078903604154, -0.5786157807208308, 0.0], [0.0, -0.2893078903604155, -0.5786157807208308], [0.0, -0.5786157807208308, -0.2893078903604154], [-0.5786157807208308, 0.2893078903604154, 0.0], [-0.5786157807208308, -3.581949221427125e-17, 0.2893078903604154], [-0.5786157807208308, -3.581949221427125e-17, -0.2893078903604154], [-0.5786157807208308, -0.2893078903604154, 0.0], [0.0, 0.2893078903604155, 0.5786157807208308], [0.0, 0.5786157807208308, 0.2893078903604154], [0.2893078903604155, 0.0, 0.5786157807208308], [0.5786157807208308, 0.0, 0.2893078903604154], [0.5786157807208308, 0.2893078903604154, 0.0], [0.2893078903604154, 0.5786157807208308, 0.0]], "triangles": [[2, 12, 10], [10, 0, 2], [12, 2, 13], [1, 3, 13], [13, 3, 8], [13, 2, 1], [8, 9, 13], [13, 9, 11], [4, 20, 18], [18, 5, 4], [8, 3, 21], [4, 9, 21], [21, 20, 4], [21, 9, 8], [7, 0, 10], [14, 6, 7], [10, 16, 7], [7, 16, 14], [7, 6, 19], [19, 23, 7], [10, 12, 17], [17, 13, 11], [17, 16, 10], [12, 13, 17], [22, 2, 0], [1, 2, 22], [22, 7, 23], [0, 7, 22], [22, 18, 20], [19, 18, 22], [22, 23, 19], [20, 21, 22], [22, 3, 1], [22, 21, 3], [19, 6, 15], [5, 18, 15], [15, 6, 14], [15, 18, 19], [15, 9, 4], [4, 5, 15], [11, 9, 15], [15, 17, 11], [14, 16, 15], [16, 17, 15]], "faces": [[[0.2893078903604154, 0.0, -0.5786157807208308], [3.581949221427125e-17, 0.2893078903604154, -0.5786157807208308], [-0.2893078903604154, 0.0, -0.5786157807208308], [0.0, -0.2893078903604155, -0.5786157807208308]], [[0.5786157807208308, -0.2893078903604154, 0.0], [0.5786157807208308, 0.0, -0.2893078903604154], [0.5786157807208308, 0.2893078903604154, 0.0], [0.5786157807208308, 0.0, 0.2893078903604154]], [[0.5786157807208308, 0.0, -0.2893078903604154], [0.5786157807208308, -0.2893078903604154, 0.0], [0.2893078903604154, -0.5786157807208308, 0.0], [0.0, -0.5786157807208308, -0.2893078903604154], [0.0, -0.2893078903604155, -0.5786157807208308], [0.2893078903604154, 0.0, -0.5786157807208308]], [[0.0, -0.2893078903604155, 0.5786157807208308], [-3.581949221427125e-17, -0.5786157807208308, 0.2893078903604154], [-0.2893078903604154, -0.5786157807208308, 0.0], [-0.5786157807208308, -0.2893078903604154, 0.0], [-0.5786157807208308, -3.581949221427125e-17, 0.2893078903604154], [-0.2893078903604155, 0.0, 0.5786157807208308]], [[-3.581949221427125e-17, -0.5786157807208308, 0.2893078903604154], [0.2893078903604154, -0.5786157807208308, 0.0], [0.0, -0.5786157807208308, -0.2893078903604154], [-0.2893078903604154, -0.5786157807208308, 0.0]], [[-0.2893078903604155, 0.0, 0.5786157807208308], [0.0, -0.2893078903604155, 0.5786157807208308], [0.2893078903604155, 0.0, 0.5786157807208308], [0.0, 0.2893078903604155, 0.5786157807208308]], [[0.0, -0.2893078903604155, 0.5786157807208308], [0.2893078903604155, 0.0, 0.5786157807208308], [0.5786157807208308, 0.0, 0.2893078903604154], [0.5786157807208308, -0.2893078903604154, 0.0], [0.2893078903604154, -0.5786157807208308, 0.0], [-3.581949221427125e-17, -0.5786157807208308, 0.2893078903604154]], [[0.0, 0.2893078903604155, 0.5786157807208308], [-0.2893078903604155, 0.0, 0.5786157807208308], [-0.5786157807208308, -3.581949221427125e-17, 0.2893078903604154], [-0.5786157807208308, 0.2893078903604154, 0.0], [-0.2893078903604154, 0.5786157807208308, 0.0], [0.0, 0.5786157807208308, 0.2893078903604154]], [[3.581949221427125e-17, 0.2893078903604154, -0.5786157807208308], [3.581949221427125e-17, 0.5786157807208308, -0.2893078903604154], [-0.2893078903604154, 0.5786157807208308, 0.0], [-0.5786157807208308, 0.2893078903604154, 0.0], [-0.5786157807208308, -3.581949221427125e-17, -0.2893078903604154], [-0.2893078903604154, 0.0, -0.5786157807208308]], [[3.581949221427125e-17, 0.5786157807208308, -0.2893078903604154], [-0.2893078903604154, 0.5786157807208308, 0.0], [0.0, 0.5786157807208308, 0.2893078903604154], [0.2893078903604154, 0.5786157807208308, 0.0]], [[-0.2893078903604154, 0.0, -0.5786157807208308], [0.0, -0.2893078903604155, -0.5786157807208308], [0.0, -0.5786157807208308, -0.2893078903604154], [-0.2893078903604154, -0.5786157807208308, 0.0], [-0.5786157807208308, -0.2893078903604154, 0.0], [-0.5786157807208308, -3.581949221427125e-17, -0.2893078903604154]], [[0.5786157807208308, 0.0, -0.2893078903604154], [0.5786157807208308, 0.2893078903604154, 0.0], [0.2893078903604154, 0.5786157807208308, 0.0], [3.581949221427125e-17, 0.5786157807208308, -0.2893078903604154], [3.581949221427125e-17, 0.2893078903604154, -0.5786157807208308], [0.2893078903604154, 0.0, -0.5786157807208308]], [[0.0, 0.2893078903604155, 0.5786157807208308], [0.2893078903604155, 0.0, 0.5786157807208308], [0.5786157807208308, 0.0, 0.2893078903604154], [0.5786157807208308, 0.2893078903604154, 0.0], [0.2893078903604154, 0.5786157807208308, 0.0], [0.0, 0.5786157807208308, 0.2893078903604154]], [[-0.5786157807208308, -3.581949221427125e-17, 0.2893078903604154], [-0.5786157807208308, 0.2893078903604154, 0.0], [-0.5786157807208308, -3.581949221427125e-17, -0.2893078903604154], [-0.5786157807208308, -0.2893078903604154, 0.0]]]},